name,label
OTHER,Other (not in list)
42176-8,"1,3 beta glucan [Mass/volume] in Serum"
93812-6,"1,3 beta glucan [Presence] in Serum"
17424-3,"1,4-Dichlorobenzene [Mass/volume] in Blood"
13006-2,"1,4-Dichlorobenzene [Mass/volume] in Serum or Plasma"
14258-8,"1,4-Dioxane [Mass/volume] in Blood"
12997-3,"1,4-Dioxane [Mass/volume] in Serum or Plasma"
16292-5,"1,4-Dioxane [Mass/volume] in Urine"
27423-3,"1,4-Dioxane [Presence] in Serum or Plasma"
78755-6,1-Hydroxymidazolam [Mass/volume] in Blood
69797-9,1-Hydroxymidazolam [Mass/volume] in Serum or Plasma
59589-2,1-Hydroxymidazolam [Mass/volume] in Urine
110620-2,1-Hydroxymidazolam [Measurement] in Urine
105968-2,1-Hydroxymidazolam [Presence] in Urine
110614-5,11-Hydroxyandrosterone [Measurement] in Urine
1660-0,11-Hydroxyetiocholanolone [Mass/volume] in Serum
26950-6,11-Hydroxyetiocholanolone [Mass/volume] in Urine
110613-7,11-Hydroxyetiocholanolone [Measurement] in Urine
34211-3,11-Hydroxyetiocholanolone [Moles/volume] in Urine
108573-7,16-Alpha hydroxypregnenolone [Measurement] in Urine
74507-5,16-Alpha hydroxypregnenolone [Moles/volume] in Urine
108571-1,16-Ketoandrostenediol [Measurement] in Urine
73848-4,16-Ketoandrostenediol [Moles/time] in 24 hour Urine
73847-6,16-Ketoandrostenediol [Moles/volume] in 24 hour Urine
73849-2,16-Ketoandrostenediol [Moles/volume] in Urine
21037-7,17-Hydroxypregnenolone [Mass/time] in 24 hour Urine
16297-4,17-Hydroxypregnenolone [Mass/volume] in Urine
95575-7,17-Hydroxypregnenolone [Z-score] in 24 hour Urine
9616-4,17-Hydroxyprogesterone [Mass/time] in 24 hour Urine
1670-9,17-Hydroxyprogesterone [Mass/volume] in Urine
111084-0,17-Hydroxyprogesterone [Measurement] in Urine
14571-4,17-Hydroxyprogesterone [Moles/time] in 24 hour Urine
14570-6,17-Hydroxyprogesterone [Moles/volume] in Urine
26908-4,17-Hydroxyprogesterone [Units/volume] in Urine
80696-8,2-Chlorovinyl arsonous acid [Mass/volume] in Urine
94146-8,2-Decenedioate/Creatinine [Molar ratio] in Urine
69826-6,2-Ethylhydracrylate [Moles/volume] in Serum or Plasma
30576-3,2-Ethylhydracrylate [Presence] in Urine
13668-9,2-Ethylhydracrylate/Creatinine [Mass Ratio] in Urine
47808-1,2-Ethylhydracrylate/Creatinine [Molar ratio] in Urine
69845-6,2-Hydroxyglutarate [Moles/volume] in Serum or Plasma
43635-2,2-Hydroxyglutarate [Presence] in 24 hour Urine
29881-0,2-Hydroxyglutarate [Presence] in Urine
13672-1,2-Hydroxyglutarate/Creatinine [Mass Ratio] in Urine
29502-2,2-Hydroxyglutarate/Creatinine [Molar ratio] in Urine
69768-0,2-Oxoadipate [Moles/volume] in Serum or Plasma
13677-0,2-Oxoadipate/Creatinine [Mass Ratio] in Urine
29506-3,2-Oxoadipate/Creatinine [Molar ratio] in Urine
28584-1,2-Oxoadipate/Creatinine [Ratio] in Urine
3290-4,2-Oxoisocaproate [Mass/volume] in Urine
35870-5,2-Oxoisocaproate [Moles/volume] in Serum or Plasma
29865-3,2-Oxoisocaproate [Presence] in Urine
13679-6,2-Oxoisocaproate/Creatinine [Mass Ratio] in Urine
25084-5,2-Oxoisocaproate/Creatinine [Molar ratio] in Urine
1678-2,20-Hydroxyprogesterone [Mass/volume] in Serum
1679-0,24r-Hydroxycalcidiol [Mass/volume] in Serum or Plasma
95594-8,25-hydroxyvitamin D3 [Mass/volume] in Capillary blood
1989-3,25-hydroxyvitamin D3 [Mass/volume] in Serum or Plasma
109073-7,25-hydroxyvitamin D3 [Measurement] in Serum or Plasma
87499-0,3-Methoxytyramine.free [Molar ratio] in Urine
29628-5,3-Methylcrotonylglycine [Presence] in Urine
75075-2,4-Hydroxybenzoate [Moles/volume] in Serum or Plasma
43733-5,4-Hydroxybenzoate [Presence] in 24 hour Urine
43732-7,4-Hydroxybenzoate [Presence] in Urine
47541-8,4-Hydroxybenzoate/Creatinine [Molar ratio] in Urine
1688-1,4-Pyridoxate [Mass/volume] in Serum or Plasma
113485-7,4F-MDMB-BUTICA/Creatinine [Mass Ratio] in Urine
73863-3,5-Alpha tetrahydrocortisol [Moles/volume] in Urine
95582-3,5-Alpha tetrahydrocortisol [Z-score] in 24 hour Urine
98043-3,5-Aminosalicylate IgE Ab [Units/volume] in Serum
111415-6,5-Hydroxyindoleacetate [Measurement] in Urine
82526-5,6-Beta naltrexol [Mass/volume] in Serum or Plasma
82527-3,6-Beta naltrexol/Creatinine [Mass Ratio] in Urine
13611-9,6-Beta-Hydroxycortisol [Mass/time] in 24 hour Urine
95580-7,6-Beta-Hydroxycortisol [Z-score] in 24 hour Urine
73941-7,6-monoacetylmorphine free [Mass/volume] in Blood
51740-9,6-monoacetylmorphine free [Mass/volume] in Urine
32660-3,6-Thioguanine [Entitic substance] in Red Blood Cells
43630-3,6-Thioguanine [Presence] in Red Blood Cells
92764-0,7-Ketocholesterol [Moles/volume] in Serum or Plasma
30412-1,Abnormal lymphocytes [#/volume] in Blood
34444-0,Acarboxyprothrombin [Mass/volume] in Serum or Plasma
93768-0,Acarboxyprothrombin [Units/volume] in Serum or Plasma
80964-0,Acetaminophen free [Mass/volume] in Serum or Plasma
108593-5,Acetoacetate [Measurement] in Urine
27132-0,Acetoacetate [Presence] in Urine
29524-6,Acetoacetate/Creatinine [Molar ratio] in Urine
49540-8,Acid citrate dextrose [Volume] in Blood product unit
52126-0,Acid glycerol lysis [Time] in Red Blood Cells
1711-1,Acid phosphatase [Enzymatic activity/volume] in Blood
43576-8,Acylcarnitine/Carnitine.free (C0) [Ratio] in Urine
1719-4,Adenine [Mass/volume] in Serum
75131-3,Adenine [Moles/volume] in Serum or Plasma
59203-0,Adenine/Creatinine [Molar ratio] in Urine
6868-4,Adenosine monophosphate.cyclic [Mass/volume] in Urine
110633-5,Adenosine monophosphate.cyclic [Measurement] in Urine
22712-4,Adenosine monophosphate.cyclic [Moles/volume] in Urine
109546-2,Adenovirus DNA [Measurement] in Blood
110096-5,Adenovirus DNA [Measurement] in Serum or Plasma
108655-2,Adenovirus DNA [Measurement] in Stool
108591-9,Adenovirus DNA [Measurement] in Urine
1731-9,Adenylate kinase [Enzymatic activity/volume] in Serum
108590-1,Adipate [Measurement] in Urine
13703-4,Adipate/Creatinine [Mass Ratio] in Urine
29859-6,Adipate/Creatinine [Molar ratio] in Urine
1739-2,Alanine [Mass/time] in 24 hour Urine
1737-6,Alanine [Mass/volume] in Serum or Plasma
1738-4,Alanine [Mass/volume] in Urine
25301-3,Alanine [Moles/time] in 24 hour Urine
25843-4,Alanine [Moles/volume] in 24 hour Urine
20636-7,Alanine [Moles/volume] in Serum or Plasma
27326-8,Alanine [Moles/volume] in Urine
26795-5,Alanine [Presence] in 24 hour Urine
1736-8,Alanine [Presence] in Serum or Plasma
16323-8,Alanine [Presence] in Urine
1740-0,Alanine aminopeptidase [Mass/volume] in Serum
15137-3,Alanine+Ethanolamine [Presence] in Serum or Plasma
15142-3,Alanine+Ethanolamine [Presence] in Urine
44291-3,Alanine/Creatinine [Mass Ratio] in 24 hour Urine
13704-2,Alanine/Creatinine [Mass Ratio] in Urine
25844-2,Alanine/Creatinine [Molar ratio] in 24 hour Urine
22698-5,Alanine/Creatinine [Molar ratio] in Urine
56671-1,Alanine/Creatinine [Ratio] in 24 hour Urine
30068-1,Alanine/Creatinine [Ratio] in Urine
1755-8,Albumin [Mass/time] in 24 hour Urine
21059-1,Albumin [Mass/volume] in 24 hour Urine
1751-7,Albumin [Mass/volume] in Serum or Plasma
61195-4,Albumin [Mass/volume] in Serum or Plasma from Fetus
54346-2,Albumin [Mass/volume] in Stool
1754-1,Albumin [Mass/volume] in Urine
61196-2,Albumin [Mass/volume] in Urine from Fetus
111419-8,Albumin [Measurement] in Serum or Plasma
108029-0,Albumin [Measurement] in Urine
54347-0,Albumin [Moles/volume] in Serum or Plasma
43712-9,Albumin [Presence] in Serum or Plasma
1753-3,Albumin [Presence] in Urine
1758-2,Albumin.glycated [Mass/volume] in Serum or Plasma
75239-4,Albumin.ischemia modified [Units/volume] in Serum
13705-9,Albumin/Creatinine [Mass Ratio] in 24 hour Urine
9318-7,Albumin/Creatinine [Mass Ratio] in Urine
111467-7,Albumin/Creatinine [Measurement] in Urine
14585-4,Albumin/Creatinine [Molar ratio] in Urine
76401-9,Albumin/Creatinine [Ratio] in 24 hour Urine
32294-1,Albumin/Creatinine [Ratio] in Urine
9406-0,Albumin/Globulin [Mass Ratio] in 24 hour Urine
1759-0,Albumin/Globulin [Mass Ratio] in Serum or Plasma
9405-2,Albumin/Globulin [Mass Ratio] in Urine
110029-6,Alcelaphine herpesvirus 1 Ab [Measurement] in Serum
72655-4,Aldolase [Enzymatic activity/mass] in Red Blood Cells
23808-9,Aldosterone free [Mass/time] in 24 hour Urine
44295-4,Aldosterone/Creatinine [Mass Ratio] in 24 hour Urine
1776-4,Alkaline phosphatase [Mass/volume] in Urine
74996-0,Alkaline phosphatase.bone [Z-score] in Serum or Plasma
75155-2,Allantoine/Creatinine [Molar ratio] in Urine
55820-5,Allo-pregnanediol [Mass/time] in 24 hour Urine
55821-3,Allo-pregnanediol [Mass/volume] in 24 hour Urine
110631-9,Allo-pregnanediol [Measurement] in Urine
73857-5,Allo-pregnanediol [Moles/time] in 24 hour Urine
73858-3,Allo-pregnanediol [Moles/volume] in 24 hour Urine
73856-7,Allo-pregnanediol [Moles/volume] in Urine
83136-2,Allo-pregnanediol/Creatinine [Molar ratio] in Urine
108588-5,Allo-pregnanediolone [Measurement] in Urine
82866-5,Allo-pregnanediolone [Moles/time] in 24 hour Urine
82867-3,Allo-pregnanediolone [Moles/volume] in 24 hour Urine
82868-1,Allo-pregnanediolone [Moles/volume] in Urine
83135-4,Allo-pregnanediolone/Creatinine [Molar ratio] in Urine
23809-7,Alloisoleucine [Mass/volume] in Serum or Plasma
22670-4,Alloisoleucine [Moles/volume] in Serum or Plasma
59212-1,Alloisoleucine [Moles/volume] in Urine
41398-9,Alloisoleucine [Presence] in Serum or Plasma
27381-3,Alloisoleucine [Units/volume] in Serum or Plasma
22699-3,Alloisoleucine/Creatinine [Molar ratio] in Urine
73908-6,Alloisoleucine/Creatinine [Ratio] in Urine
25303-9,Alpha 1 antitrypsin [Mass/mass] in Stool
74997-8,Alpha 1 antitrypsin [Mass/mass] in Stool.dried
1825-9,Alpha 1 antitrypsin [Mass/volume] in Serum or Plasma
9407-8,Alpha 1 antitrypsin [Mass/volume] in Stool
110771-3,Alpha 1 antitrypsin [Measurement] in Serum or Plasma
111064-2,Alpha 1 antitrypsin [Measurement] in Stool
76481-1,Alpha 1 antitrypsin [Moles/volume] in Serum or Plasma
104786-9,Alpha 1 globulin [Mass/volume] in Serum or Plasma
22064-0,Alpha 1 globulin [Mass/volume] in Urine
27184-1,Alpha 1 globulin [Presence] in Urine
104799-2,Alpha 2 globulin [Mass/volume] in Serum or Plasma
6888-2,Alpha 2 globulin [Mass/volume] in Urine
1785-5,Alpha amino acid nitrogen [Mass/time] in 24 hour Urine
1784-8,Alpha amino acid nitrogen [Mass/volume] in Plasma
6935-1,Alpha aminoadipate [Mass/time] in 24 hour Urine
1792-1,Alpha aminoadipate [Mass/volume] in Plasma
1793-9,Alpha aminoadipate [Mass/volume] in Urine
25304-7,Alpha aminoadipate [Moles/time] in 24 hour Urine
25846-7,Alpha aminoadipate [Moles/volume] in 24 hour Urine
26600-7,Alpha aminoadipate [Moles/volume] in Serum or Plasma
26725-2,Alpha aminoadipate [Moles/volume] in Urine
1791-3,Alpha aminoadipate [Presence] in Plasma
16338-6,Alpha aminoadipate [Presence] in Urine
6870-0,Alpha aminobutyrate [Mass/volume] in 24 hour Urine
1788-9,Alpha aminobutyrate [Mass/volume] in Serum or Plasma
1790-5,Alpha aminobutyrate [Mass/volume] in Urine
25305-4,Alpha aminobutyrate [Moles/time] in 24 hour Urine
25848-3,Alpha aminobutyrate [Moles/volume] in 24 hour Urine
20634-2,Alpha aminobutyrate [Moles/volume] in Serum or Plasma
27341-7,Alpha aminobutyrate [Moles/volume] in Urine
26794-8,Alpha aminobutyrate [Presence] in 24 hour Urine
1787-1,Alpha aminobutyrate [Presence] in Serum or Plasma
16345-1,Alpha aminobutyrate [Presence] in Urine
13667-1,Alpha aminobutyrate/Creatinine [Mass Ratio] in Urine
26919-1,Alpha aminobutyrate/Creatinine [Molar ratio] in Urine
28590-8,Alpha aminobutyrate/Creatinine [Ratio] in Urine
16342-8,Alpha aminoisobutyrate [Mass/volume] in Plasma
16340-2,Alpha aminoisobutyrate [Mass/volume] in Urine
16341-0,Alpha aminoisobutyrate [Presence] in Plasma
16339-4,Alpha aminoisobutyrate [Presence] in Urine
16347-7,Alpha chlordane [Mass/volume] in Blood
11091-6,Alpha chlordane [Mass/volume] in Serum or Plasma
16346-9,Alpha chlordane [Mass/volume] in Urine
53629-2,Alpha cortol [Mass/time] in 24 hour Urine
55905-4,Alpha cortol [Mass/volume] in 24 hour Urine
110628-5,Alpha cortol [Measurement] in Urine
73867-4,Alpha cortol [Moles/time] in 24 hour Urine
73869-0,Alpha cortol [Moles/volume] in 24 hour Urine
73868-2,Alpha cortol [Moles/volume] in Urine
55906-2,Alpha cortolone [Mass/time] in 24 hour Urine
55907-0,Alpha cortolone [Mass/volume] in 24 hour Urine
110627-7,Alpha cortolone [Measurement] in Urine
73870-8,Alpha cortolone [Moles/time] in 24 hour Urine
73872-4,Alpha cortolone [Moles/volume] in 24 hour Urine
73871-6,Alpha cortolone [Moles/volume] in Urine
95588-0,Alpha cortolone [Z-score] in 24 hour Urine
44430-7,Alpha cortolone/Creatinine [Mass Ratio] in Urine
81806-2,Alpha cortolone/Creatinine [Molar ratio] in Urine
17839-2,Alpha fucosidase [Enzymatic activity/volume] in Blood
27439-9,Alpha hydroxyalprazolam [Mass/mass] in Stool
59599-1,Alpha hydroxyalprazolam [Mass/volume] in Blood
19328-4,Alpha hydroxyalprazolam [Mass/volume] in Urine
110626-9,Alpha hydroxyalprazolam [Measurement] in Urine
61035-2,Alpha hydroxyalprazolam [Presence] in Serum or Plasma
61036-0,Alpha hydroxyalprazolam [Presence] in Urine
26797-1,Alpha hydroxybutyrate [Presence] in Urine
113187-9,Alpha hydroxyetizolam/Creatinine [Mass Ratio] in Urine
53816-5,Alpha hydroxytriazolam [Mass/volume] in Serum
60677-2,Alpha hydroxytriazolam [Mass/volume] in Urine
110320-9,Alpha hydroxytriazolam [Measurement] in Urine
105969-0,Alpha hydroxytriazolam [Presence] in Urine
1817-6,Alpha ketoglutarate [Mass/volume] in Serum or Plasma
69803-5,Alpha ketoglutarate [Moles/volume] in Serum or Plasma
27271-6,Alpha ketoglutarate [Presence] in Urine
30199-4,Alpha subunit [Mass/volume] in Serum or Plasma
12728-2,Alpha subunit [Units/volume] in Serum or Plasma
30316-4,Alpha subunit free [Mass/volume] in Serum or Plasma
42234-5,Alpha subunit free [Units/volume] in Serum or Plasma
1822-6,Alpha thymosin [Mass/volume] in Serum
1823-4,Alpha tocopherol [Mass/volume] in Serum or Plasma
14590-4,Alpha tocopherol [Moles/volume] in Serum or Plasma
1834-1,Alpha-1-Fetoprotein [Mass/volume] in Serum or Plasma
111004-8,Alpha-1-Fetoprotein [Measurement] in Serum or Plasma
19177-5,Alpha-1-Fetoprotein [Moles/volume] in Serum or Plasma
31993-9,Alpha-1-Fetoprotein [Presence] in Serum or Plasma
19176-7,Alpha-1-Fetoprotein [Units/volume] in Serum or Plasma
80636-4,Alpha-amanitin [Mass/volume] in Urine
61058-4,Alpha-Phenyl-2-Piperidine acetate [Presence] in Urine
113477-4,ALPRAZolam/Creatinine [Mass Ratio] in Urine
110028-8,Alternaria sp IgG Ab [Measurement] in Serum
5575-6,Aluminum [Mass/volume] in Red Blood Cells
47096-3,Aluminum [Moles/volume] in Red Blood Cells
29937-0,Aluminum/Creatinine [Mass Ratio] in 24 hour Urine
110325-8,Aluminum/Creatinine [Measurement] in Urine
80972-3,Amikacin free [Mass/volume] in Serum or Plasma
13500-4,Amino acid pattern [Interpretation] in Serum or Plasma
32296-6,Amino acid pattern [Interpretation] in Urine
49248-8,Amino acid pattern [Interpretation] in Urine Narrative
110326-6,Amino beta guanidinopropionate [Measurement] in Urine
16355-0,Amino beta guanidinopropionate [Presence] in Plasma
3329-0,Aminosalicylate [Mass/volume] in Serum or Plasma
35254-2,Ammonia [Mass or Moles/volume] in Plasma
9309-6,Ammonia [Mass/time] in 24 hour Urine
27039-7,Ammonia [Mass/volume] in 24 hour Urine
32664-5,Ammonia [Mass/volume] in Blood
22763-7,Ammonia [Mass/volume] in Plasma
20684-7,Ammonia [Mass/volume] in Serum
20682-1,Ammonia [Mass/volume] in Urine
109600-7,Ammonia [Measurement] in Plasma
111078-2,Ammonia [Measurement] in Urine
97753-8,Ammonia [Moles/mass] in Stool
25308-8,Ammonia [Moles/time] in 24 hour Urine
25850-9,Ammonia [Moles/volume] in 24 hour Urine
93684-9,Ammonia [Moles/volume] in Arterial blood
1839-0,Ammonia [Moles/volume] in Blood
16362-6,Ammonia [Moles/volume] in Plasma
1841-6,Ammonia [Moles/volume] in Serum
1842-4,Ammonia [Moles/volume] in Urine
1843-2,Ammonia nitrogen [Mass/time] in 24 hour Urine
25851-7,Ammonia/Creatinine [Molar ratio] in 24 hour Urine
64128-2,Amobarbital/Creatinine [Mass Ratio] in Urine
105888-2,Amorphous sediment [Presence] in Urine sediment
110027-0,Amphiphysin Ab [Measurement] in Serum
33422-7,Amphiphysin Ab [Presence] in Serum
33927-5,Amphiphysin Ab [Titer] in Serum
33423-5,Amphiphysin Ab [Units/volume] in Serum
109220-4,Amphiphysin IgG Ab [Measurement] in Serum
16374-1,Amyl nitrite [Mass/volume] in Serum or Plasma
12535-1,Amyl nitrite [Presence] in Blood
1800-2,Amylase [Enzymatic activity/time] in 24 hour Urine
25311-2,Amylase [Enzymatic activity/volume] in 24 hour Urine
76630-3,Amylase [Enzymatic activity/volume] in Blood
1798-8,Amylase [Enzymatic activity/volume] in Serum or Plasma
1799-6,Amylase [Enzymatic activity/volume] in Urine
111464-4,Amylase [Measurement] in Urine
43821-8,Amylase [Presence] in 24 hour Urine
38992-4,Amylase [Units/volume] in 24 hour Urine
7073-0,Amylase IgE Ab [Units/volume] in Serum
99474-9,Amylase IgG Ab [Mass/volume] in Serum
14589-6,Amylase isoenzymes [Interpretation] in Serum or Plasma
100740-0,Amylase.macromolecular [Presence] in Serum or Plasma
69951-2,Amylase.pancreatic/Creatinine [Ratio] in Urine
1810-1,Amylase/Creatinine [Mass Ratio] in Serum or Plasma
13706-7,Amylase/Creatinine [Mass Ratio] in Urine
56902-0,Amylase/Creatinine [Ratio] in 24 hour Urine
34235-2,Amylase/Creatinine [Ratio] in Urine
48498-0,Amyloid A [Mass/volume] in Serum or Plasma
1847-3,Amyloid associated protein [Mass/volume] in Serum
70073-2,Amyloid beta 40 peptide [Mass/volume] in Plasma
33200-7,Amyloid beta 42 peptide [Mass/volume] in Plasma
78792-9,Anakinra [Mass/volume] in Serum or Plasma
14047-5,Androstanolone Free [Mass/volume] in Serum or Plasma
56033-4,Androstenediol [Mass/time] in 24 hour Urine
110322-5,Androstenediol [Measurement] in Urine
25314-6,Androstenediol [Moles/time] in 24 hour Urine
34237-8,Androstenediol [Moles/volume] in 24 hour Urine
55851-0,Androstenediol [Moles/volume] in Serum or Plasma
34236-0,Androstenediol [Moles/volume] in Urine
34238-6,Androstenediol/Creatinine [Molar ratio] in Urine
9310-4,Androstenedione [Mass/time] in 24 hour Urine
1852-3,Androstenedione [Mass/volume] in Capillary blood
1854-9,Androstenedione [Mass/volume] in Serum or Plasma
1855-6,Androstenedione [Mass/volume] in Urine
110768-9,Androstenedione [Measurement] in Serum or Plasma
110624-4,Androstenedione [Measurement] in Urine
15028-4,Androstenedione [Moles/time] in 24 hour Urine
34239-4,Androstenedione [Moles/volume] in 24 hour Urine
72489-8,Androstenedione [Moles/volume] in Saliva (oral fluid)
14603-5,Androstenedione [Moles/volume] in Serum or Plasma
15027-6,Androstenedione [Moles/volume] in Urine
43817-6,Androstenedione [Presence] in Serum or Plasma
34240-2,Androstenedione/Creatinine [Molar ratio] in Urine
108584-4,Androstenetriol [Measurement] in Urine
73874-0,Androstenetriol [Moles/time] in 24 hour Urine
73873-2,Androstenetriol [Moles/volume] in 24 hour Urine
73875-7,Androstenetriol [Moles/volume] in Urine
81808-8,Androstenetriol/Creatinine [Molar ratio] in Urine
30509-4,Androsterone/Creatinine [Mass Ratio] in Urine
108583-6,Androsterone/Creatinine [Measurement] in Urine
6871-8,Anserine [Mass/time] in 24 hour Urine
1867-1,Anserine [Mass/volume] in Urine
25320-3,Anserine [Moles/time] in 24 hour Urine
25858-2,Anserine [Moles/volume] in 24 hour Urine
27047-0,Anserine [Moles/volume] in Urine
43906-7,Anserine [Presence] in Urine
26576-9,Anserine/Creatinine [Molar ratio] in Urine
56903-8,Anserine/Creatinine [Ratio] in 24 hour Urine
28596-5,Anserine/Creatinine [Ratio] in Urine
53478-4,Anthranilate [Moles/time] in 24 hour Urine
53498-2,Anthranilate [Moles/volume] in Urine
27137-9,Antimony [Mass/mass] in Red Blood Cells
50811-9,Antimony [Moles/volume] in Red Blood Cells
13823-0,Antimony/Creatinine [Mass Ratio] in Urine
52942-0,Antimony/Creatinine [Molar ratio] in 24 hour Urine
72158-9,Apo-transcobalamin I [Moles/volume] in Serum
72157-1,Apo-transcobalamin II [Moles/volume] in Serum
1881-2,Apolipoprotein LPA [Mass/volume] in Serum or Plasma
1888-7,Aquacobalamin [Mass/volume] in Serum or Plasma
79281-2,Arabinose/Creatinine [Molar ratio] in Urine
47829-7,Arabitol/Creatinine [Molar ratio] in Urine
79456-0,Arginase [Enzymatic activity/mass] in Red Blood Cells
13708-3,Arginine/Creatinine [Mass Ratio] in Urine
108587-7,Argininosuccinate [Measurement] in Urine
13709-1,Argininosuccinate/Creatinine [Mass Ratio] in Urine
108586-9,Argininosuccinate/Creatinine [Measurement] in Urine
29878-6,Argininosuccinate/Creatinine [Molar ratio] in Urine
27127-0,Arsenic [Mass/mass] in Red Blood Cells
50812-7,Arsenic [Moles/volume] in Red Blood Cells
110544-4,Arsenic/Creatinine [Measurement] in Urine
43091-8,Ascaris sp Ab [Titer] in Serum
1905-9,Ascorbate [Mass/time] in 24 hour Urine
1369-8,Ascorbate [Mass/time] in 24 hour Urine --post dose PO
1902-6,Ascorbate [Mass/volume] in Blood
1903-4,Ascorbate [Mass/volume] in Serum or Plasma
16408-7,Ascorbate [Mass/volume] in Urine
111232-5,Ascorbate [Measurement] in Urine
15033-4,Ascorbate [Moles/time] in 24 hour Urine
34246-9,Ascorbate [Moles/volume] in 24 hour Urine
14622-5,Ascorbate [Moles/volume] in Serum or Plasma
34247-7,Ascorbate [Moles/volume] in Urine
1904-2,Ascorbate [Presence] in Urine
91665-0,Ascorbate oxidase IgE Ab [Units/volume] in Serum
34248-5,Ascorbate/Creatinine [Molar ratio] in Urine
13710-9,Asparagine/Creatinine [Mass Ratio] in Urine
25863-2,Asparagine/Creatinine [Molar ratio] in 24 hour Urine
28603-9,Asparagine/Creatinine [Ratio] in Urine
1915-8,Aspartate [Mass/time] in 24 hour Urine
1913-3,Aspartate [Mass/volume] in Serum or Plasma
1914-1,Aspartate [Mass/volume] in Urine
25327-8,Aspartate [Moles/time] in 24 hour Urine
25864-0,Aspartate [Moles/volume] in 24 hour Urine
20639-1,Aspartate [Moles/volume] in Serum or Plasma
26680-9,Aspartate [Moles/volume] in Urine
1912-5,Aspartate [Presence] in Serum or Plasma
16411-1,Aspartate [Presence] in Urine
44302-8,Aspartate/Creatinine [Mass Ratio] in 24 hour Urine
13711-7,Aspartate/Creatinine [Mass Ratio] in Urine
25865-7,Aspartate/Creatinine [Molar ratio] in 24 hour Urine
22691-0,Aspartate/Creatinine [Molar ratio] in Urine
56640-6,Aspartate/Creatinine [Ratio] in 24 hour Urine
30061-6,Aspartate/Creatinine [Ratio] in Urine
79625-0,Aspartylglycine/Creatinine [Molar ratio] in Urine
11208-6,Atrial natriuretic factor [Mass/volume] in Plasma
33783-2,Atrial natriuretic factor [Moles/volume] in Plasma
29526-1,Azelate/Creatinine [Molar ratio] in Urine
11130-2,B lymphocytes [#/volume] in Blood
16427-7,Babesia microti Ab [Titer] in Serum
110005-6,Babesia microti IgG Ab [Measurement] in Serum
88700-0,Babesia microti IgG and IgM [Interpretation] in Serum
60521-2,Babesia microti IgG+IgM Ab [Presence] in Serum
110796-0,Babesia sp IgM Ab [Measurement] in Serum
105908-8,Bacteria [#/area] in Urine sediment
105907-0,Bacteria [#/volume] in Urine
111195-4,Bacteria [Measurement] in Urine sediment
87829-8,Bacteria [Presence] in Urine
26507-4,Band form neutrophils [#/volume] in Blood
105869-2,Band form neutrophils [Presence] in Blood
52938-8,Barium/Creatinine [Molar ratio] in Urine
10862-1,Basement membrane Ab [Titer] in Serum
110013-0,Basement membrane IgA Ab [Measurement] in Serum
111320-8,Basement membrane IgG Ab [Measurement] in Serum
38410-7,Basement membrane zone Ab [Titer] in Serum
26444-0,Basophils [#/volume] in Blood
32349-3,Basophils+Eosinophils+Monocytes [#/volume] in Blood
28587-4,Benzoate/Creatinine [Ratio] in Urine
16444-2,Benzophenone [Mass/volume] in Serum or Plasma
13479-1,Benzoylecgonine/Creatinine [Mass Ratio] in Urine
29920-6,Beryllium/Creatinine [Mass Ratio] in 24 hour Urine
52936-2,Beryllium/Creatinine [Molar ratio] in 24 hour Urine
6872-6,Beta alanine [Mass/time] in 24 hour Urine
1932-3,Beta alanine [Mass/volume] in Serum or Plasma
1933-1,Beta alanine [Mass/volume] in Urine
25346-8,Beta alanine [Moles/time] in 24 hour Urine
25868-1,Beta alanine [Moles/volume] in 24 hour Urine
26604-9,Beta alanine [Moles/volume] in Serum or Plasma
26968-8,Beta alanine [Moles/volume] in Urine
1931-5,Beta alanine [Presence] in Serum or Plasma
16452-5,Beta alanine [Presence] in Urine
13714-1,Beta alanine/Creatinine [Mass Ratio] in Urine
25869-9,Beta alanine/Creatinine [Molar ratio] in 24 hour Urine
26578-5,Beta alanine/Creatinine [Molar ratio] in Urine
56674-5,Beta alanine/Creatinine [Ratio] in 24 hour Urine
28588-2,Beta alanine/Creatinine [Ratio] in Urine
39457-7,Beta aminobutyrate [Moles/volume] in Serum or Plasma
9320-3,Beta aminoisobutyrate [Mass/time] in 24 hour Urine
1935-6,Beta aminoisobutyrate [Mass/volume] in Plasma
1936-4,Beta aminoisobutyrate [Mass/volume] in Urine
25348-4,Beta aminoisobutyrate [Moles/time] in 24 hour Urine
25870-7,Beta aminoisobutyrate [Moles/volume] in 24 hour Urine
26973-8,Beta aminoisobutyrate [Moles/volume] in Urine
1934-9,Beta aminoisobutyrate [Presence] in Plasma
16453-3,Beta aminoisobutyrate [Presence] in Urine
12328-1,Beta blockers [Identifier] in Urine
53634-2,Beta cortol [Mass/time] in 24 hour Urine
95583-1,Beta cortol [Z-score] in 24 hour Urine
53635-9,Beta cortol/Creatinine [Mass Ratio] in 24 hour Urine
53636-7,Beta cortol/Creatinine [Mass Ratio] in Urine
95589-8,Beta cortolone [Mass/time] in 24 hour Urine
110407-4,Beta cortolone [Measurement] in Urine
73877-3,Beta cortolone [Moles/time] in 24 hour Urine
73878-1,Beta cortolone [Moles/volume] in 24 hour Urine
73876-5,Beta cortolone [Moles/volume] in Urine
95590-6,Beta cortolone [Z-score] in 24 hour Urine
50336-7,Beta cortolone/Cortisol [Mass Ratio] in Urine
44450-5,Beta cortolone/Creatinine [Mass Ratio] in Urine
81803-9,Beta cortolone/Creatinine [Molar ratio] in Urine
56042-5,Beta defensin [Mass/mass] in Stool.dried
56041-7,Beta defensin [Mass/mass] in Stool.wet
1937-2,Beta endorphin [Mass/volume] in Serum or Plasma
109057-0,Beta endorphin [Measurement] in Serum or Plasma
41019-1,Beta endorphin [Moles/volume] in Serum or Plasma
43922-4,Beta endorphin [Presence] in Serum or Plasma
38185-5,Beta galactosidase [Presence] in Blood
9829-3,Beta globulin [Mass/time] in 24 hour Urine
6889-0,Beta globulin [Mass/volume] in 24 hour Urine
104801-6,Beta globulin [Mass/volume] in Serum or Plasma
29951-1,Beta globulin [Presence] in 24 hour Urine
14284-4,Beta glucuronidase [Moles/volume] in Serum or Plasma
29512-1,Beta hydroxybutyrate [Mass/volume] in Serum or Plasma
1947-1,Beta hydroxybutyrate [Mass/volume] in Urine
110112-0,Beta hydroxybutyrate [Measurement] in Serum or Plasma
110402-5,Beta hydroxybutyrate [Measurement] in Urine
104816-4,Beta hydroxybutyrate [Moles/volume] in Blood
6873-4,Beta hydroxybutyrate [Moles/volume] in Serum or Plasma
16456-6,Beta hydroxybutyrate [Moles/volume] in Urine
43898-6,Beta hydroxybutyrate [Presence] in 24 hour Urine
43923-2,Beta hydroxybutyrate [Presence] in Serum or Plasma
29622-8,Beta hydroxybutyrate [Presence] in Urine
13684-6,Beta hydroxybutyrate/Creatinine [Mass Ratio] in Urine
29509-7,Beta hydroxybutyrate/Creatinine [Molar ratio] in Urine
105530-0,Beta hydroxythiofentanyl [Mass/volume] in Urine
1949-7,Beta lipotropin [Mass/volume] in Serum or Plasma
43899-4,Beta lipotropin [Presence] in Serum or Plasma
75741-9,Beta sitosterol [Mass/volume] in Serum or Plasma
74907-7,Beta sitosterol [Moles/volume] in Serum or Plasma
14233-1,Beta tubulin IgG Ab [Titer] in Serum
109266-7,Beta tubulin IgM Ab [Measurement] in Serum
11038-7,Beta+gamma tocopherol [Mass/volume] in Serum or Plasma
43867-1,Beta-2 transferrin [Presence] in Serum
80638-0,Beta-amanitin [Mass/volume] in Urine
48499-8,Beta-trace protein [Mass/volume] in Serum or Plasma
110408-2,Bicarbonate [Measurement] in Urine
47579-8,Bicarbonate [Moles/time] in 24 hour Urine
47580-6,Bicarbonate [Moles/volume] in 24 hour Urine
1960-4,Bicarbonate [Moles/volume] in Arterial blood
1959-6,Bicarbonate [Moles/volume] in Blood
1961-2,Bicarbonate [Moles/volume] in Capillary blood
54359-5,Bicarbonate [Moles/volume] in Plasma --post dialysis
16461-6,Bicarbonate [Moles/volume] in Red Blood Cells
48631-6,Bicarbonate [Moles/volume] in Serum --post dialysis
1963-8,Bicarbonate [Moles/volume] in Serum or Plasma
1964-6,Bicarbonate [Moles/volume] in Urine
14627-4,Bicarbonate [Moles/volume] in Venous blood
19230-2,Bicarbonate [Moles/volume] standard in Arterial blood
112915-4,Bicarbonate [Moles/volume] standard in Blood
19231-0,Bicarbonate [Moles/volume] standard in Capillary blood
69964-5,Bicarbonate [Moles/volume] standard in Plasma
19232-8,Bicarbonate [Moles/volume] standard in Venous blood
1967-9,Bile acid [Mass/volume] in Serum
16465-7,Bile acid [Mass/volume] in Urine
110299-5,Bile acid [Measurement] in Stool
108430-0,Bile acid [Measurement] in Urine
27931-5,Bile acid [Moles/volume] in Serum --2 hours post meal
35562-8,Bile acid [Moles/volume] in Serum --fasting
14628-2,Bile acid [Moles/volume] in Serum or Plasma
72491-4,Bile acid [Moles/volume] in Stool
73722-1,Bile acid [Moles/volume] in Urine
43877-0,Bile acid [Presence] in Serum
43889-5,Bile acid [Presence] in Urine
33473-0,Bile acid pattern [Interpretation] in Urine
49254-6,Bile acid pattern [Interpretation] in Urine Narrative
16463-2,Bile acid.dihydroxy [Mass/volume] in Serum or Plasma
38187-1,Bile acid.dihydroxy [Moles/volume] in Serum or Plasma
16466-5,Bile acid.trihydroxy [Mass/volume] in Serum or Plasma
38188-9,Bile acid.trihydroxy [Moles/volume] in Serum or Plasma
72261-1,Bilirubin excess [Moles/volume] in Serum and CSF
50041-3,Bilirubin+Urobilinogen [Presence] in Urine
15152-2,Bilirubin.conjugated [Mass/volume] in Serum or Plasma
29760-6,Bilirubin.conjugated [Moles/volume] in Serum or Plasma
1970-3,Bilirubin.delta [Mass/volume] in Serum or Plasma
22665-4,Bilirubin.delta [Moles/volume] in Serum or Plasma
1968-7,Bilirubin.direct [Mass/volume] in Serum or Plasma
110110-4,Bilirubin.direct [Measurement] in Serum or Plasma
14629-0,Bilirubin.direct [Moles/volume] in Serum or Plasma
43820-0,Bilirubin.direct [Presence] in Serum or Plasma
1971-1,Bilirubin.indirect [Mass/volume] in Serum or Plasma
109066-1,Bilirubin.indirect [Measurement] in Serum or Plasma
14630-8,Bilirubin.indirect [Moles/volume] in Serum or Plasma
59827-6,Bilirubin.total [Mass/volume] in Arterial blood
42719-5,Bilirubin.total [Mass/volume] in Blood
1975-2,Bilirubin.total [Mass/volume] in Serum or Plasma
1978-6,Bilirubin.total [Mass/volume] in Urine
59828-4,Bilirubin.total [Mass/volume] in Venous blood
109063-8,Bilirubin.total [Measurement] in Serum or Plasma
108015-9,Bilirubin.total [Measurement] in Urine
89872-6,Bilirubin.total [Moles/volume] in Arterial blood
54363-7,Bilirubin.total [Moles/volume] in Blood
97770-2,Bilirubin.total [Moles/volume] in Capillary blood
14631-6,Bilirubin.total [Moles/volume] in Serum or Plasma
70199-5,Bilirubin.total [Moles/volume] in Urine
89871-8,Bilirubin.total [Moles/volume] in Venous blood
1976-0,Bilirubin.total [Presence] in Stool
1977-8,Bilirubin.total [Presence] in Urine
47582-2,Biopterin/Creatinine [Molar ratio] in Urine
1980-2,Biotin [Mass/volume] in Serum or Plasma
34398-8,Biotin [Moles/volume] in Serum or Plasma
31997-0,Biotin [Presence] in Blood
60058-5,Bismuth [Mass/volume] in Red Blood Cells
16469-9,Bismuth/Creatinine [Mass Ratio] in Urine
110401-7,Bismuth/Creatinine [Measurement] in Urine
52907-3,Bismuth/Creatinine [Molar ratio] in Urine
110553-5,Bladder tumor Ag [Measurement] in Urine
31729-7,Bladder tumor Ag [Presence] in Urine
31730-5,Bladder tumor Ag [Units/volume] in Urine
105906-2,Blood [Presence] in Urine
15343-7,Blood group antibody screen [Titer] in Serum or Plasma
906-8,Blood group antigens present [Identifier] in Blood
72273-6,Blood product ordered [Volume] in Blood product unit
104701-8,Blood smear finding [Identifier] in Blood
5606-9,Boron [Mass/volume] in Red Blood Cells
41279-1,Borrelia burgdorferi IgG Ab/IgM Ab [Ratio] in Serum
110032-0,Borrelia burgdorferi IgG+IgM Ab [Measurement] in Serum
22131-7,Borrelia burgdorferi IgG+IgM Ab [Presence] in Serum
109200-6,Borrelia hermsii IgG Ab [Measurement] in Serum
60522-0,Borrelia hermsii IgG+IgM Ab [Presence] in Serum
111314-1,Bovine herpesvirus 1 Ab [Measurement] in Serum
22142-4,Bovine herpesvirus 1 Ab [Presence] in Serum
22143-2,Bovine herpesvirus 1 Ab [Titer] in Serum
31273-6,Bovine herpesvirus 1 Ab [Units/volume] in Serum
88972-5,Broad casts [#/area] in Urine sediment
58984-6,Bromelin MUXF3 IgE Ab [Units/volume] in Serum
44458-8,Brucella abortus IgG+IgM Ab [Units/volume] in Serum
44077-6,Brucella canis IgG and IgM [Interpretation] in Serum
110793-7,Brucella canis IgM Ab [Measurement] in Serum
66485-4,Brucella sp IgG and IgM [Interpretation] in Serum
35195-7,C peptide [Mass or Moles/volume] in Serum or Plasma
27944-8,C peptide [Mass/time] in 24 hour Urine
55920-3,C peptide [Mass/volume] in 24 hour Urine
1986-9,C peptide [Mass/volume] in Serum or Plasma
57376-6,C peptide [Mass/volume] in Serum or Plasma --baseline
13037-7,C peptide [Mass/volume] in Serum or Plasma --fasting
1987-7,C peptide [Mass/volume] in Urine
109075-2,C peptide [Measurement] in Serum or Plasma
111148-3,C peptide [Measurement] in Urine
25358-3,C peptide [Moles/time] in 24 hour Urine
25872-3,C peptide [Moles/volume] in 24 hour Urine
14633-2,C peptide [Moles/volume] in Serum or Plasma
42180-0,C peptide [Moles/volume] in Serum or Plasma --fasting
34253-5,C peptide [Moles/volume] in Urine
13715-8,C peptide/Creatinine [Mass Ratio] in 24 hour Urine
13716-6,C peptide/Creatinine [Mass Ratio] in Urine
108440-9,C peptide/Creatinine [Measurement] in Urine
25091-0,C peptide/Creatinine [Molar ratio] in Urine
112900-6,C reactive protein [Mass/volume] in Blood
48421-2,C reactive protein [Mass/volume] in Capillary blood
1988-5,C reactive protein [Mass/volume] in Serum or Plasma
111006-3,C reactive protein [Measurement] in Serum or Plasma
76485-2,C reactive protein [Moles/volume] in Serum or Plasma
11039-5,C reactive protein [Presence] in Serum or Plasma
14634-0,C reactive protein [Titer] in Serum or Plasma
13086-4,C3 nephritic factor [Mass/volume] in Serum or Plasma
109074-5,C3 nephritic factor [Measurement] in Serum or Plasma
38387-7,C3 nephritic factor [Presence] in Serum or Plasma
23844-4,C3 nephritic factor [Units/volume] in Serum or Plasma
13085-6,C4 nephritic factor [Mass/volume] in Serum or Plasma
93866-2,C4 nephritic factor [Presence] in Serum or Plasma
27117-1,Cadmium [Mass/mass] in Red Blood Cells
12505-4,Cadmium [Mass/volume] in Red Blood Cells
109636-1,Cadmium [Measurement] in Red Blood Cells
50834-1,Cadmium [Moles/volume] in Red Blood Cells
13471-8,Cadmium/Creatinine [Mass Ratio] in Urine
110555-0,Cadmium/Creatinine [Measurement] in Urine
2236-8,Calciferol (Vit D2) [Mass/volume] in Serum or Plasma
47094-8,Calciferol (Vit D2) [Moles/volume] in Serum or Plasma
1991-9,Calciferol binding proteins [Mass/volume] in Serum
13924-6,Calcitonin Ab [Presence] in Serum
35248-4,Calcium [Mass or Moles/volume] in 24 hour Urine
35246-8,Calcium [Mass or Moles/volume] in Serum or Plasma
35247-6,Calcium [Mass or Moles/volume] in Urine
16273-5,Calcium [Mass/mass] in Red Blood Cells
6874-2,Calcium [Mass/time] in 24 hour Urine
18488-7,Calcium [Mass/volume] in 24 hour Urine
49765-1,Calcium [Mass/volume] in Blood
17861-6,Calcium [Mass/volume] in Serum or Plasma
40067-1,Calcium [Mass/volume] in Serum or Plasma --baseline
17862-4,Calcium [Mass/volume] in Urine
94839-8,Calcium [Mass/volume] in Urine from Fetus
109565-2,Calcium [Measurement] in Blood
108758-4,Calcium [Measurement] in Serum or Plasma
108668-5,Calcium [Measurement] in Stool
108014-2,Calcium [Measurement] in Urine
14637-3,Calcium [Moles/time] in 24 hour Urine
25362-5,Calcium [Moles/volume] in 24 hour Urine
104654-9,Calcium [Moles/volume] in Arterial blood
1996-8,Calcium [Moles/volume] in Blood
42593-4,Calcium [Moles/volume] in Capillary blood
25583-6,Calcium [Moles/volume] in Red Blood Cells
74516-6,Calcium [Moles/volume] in Saliva (oral fluid)
2000-8,Calcium [Moles/volume] in Serum or Plasma
40226-3,Calcium [Moles/volume] in Serum or Plasma --baseline
2002-4,Calcium [Moles/volume] in Stool
2004-0,Calcium [Moles/volume] in Urine
42857-3,Calcium [Moles/volume] in Venous blood
27182-5,Calcium [Presence] in Blood
29276-3,Calcium [Presence] in Urine
81623-1,Calcium oxalate [Energy Difference] in 24 hour Urine
38251-5,Calcium oxalate [Mass/time] in 24 hour Urine
105897-3,Calcium oxalate crystals [#/area] in Urine
105896-5,Calcium oxalate crystals [#/area] in Urine sediment
101931-4,Calcium oxalate crystals [Energy Difference] in Urine
59470-5,Calcium.ionized [Mass/volume] in Arterial blood
38230-9,Calcium.ionized [Mass/volume] in Blood
17863-2,Calcium.ionized [Mass/volume] in Serum or Plasma
59471-3,Calcium.ionized [Mass/volume] in Venous blood
109564-5,Calcium.ionized [Measurement] in Blood
111005-5,Calcium.ionized [Measurement] in Serum or Plasma
34581-9,Calcium.ionized [Moles/volume] in Arterial blood
1994-3,Calcium.ionized [Moles/volume] in Blood
41644-6,Calcium.ionized [Moles/volume] in Capillary blood
1995-0,Calcium.ionized [Moles/volume] in Serum or Plasma
41645-3,Calcium.ionized [Moles/volume] in Venous blood
13444-5,Calcium/Albumin [Mass Ratio] in Serum or Plasma
13717-4,Calcium/Creatinine [Mass Ratio] in 24 hour Urine
9321-1,Calcium/Creatinine [Mass Ratio] in Urine
99074-7,Calcium/Creatinine [Mass Ratio] in Urine from Fetus
110536-0,Calcium/Creatinine [Measurement] in Urine
50839-0,Calcium/Creatinine [Molar ratio] in 24 hour Urine
24518-3,Calcium/Creatinine [Molar ratio] in Urine
13448-6,Calcium/Osmolality [Ratio] in Serum or Plasma
49937-6,Calcium/Oxalate [Molar ratio] in Urine
16525-8,Calcium/Phosphate [Mass Ratio] in Serum or Plasma
16526-6,Calcium/Protein [Mass Ratio] in Serum or Plasma
16527-4,Calcium/Sodium [Mass Ratio] in Serum or Plasma
38445-3,Calprotectin [Mass/mass] in Stool
101154-3,Calprotectin [Mass/volume] in Serum or Plasma
82874-9,Calprotectin [Mass/volume] in Stool
9655-2,Campylobacter jejuni Ab [Titer] in Serum
110107-0,Cancer Ag 125 [Measurement] in Serum or Plasma
2006-5,Cancer Ag 125 [Presence] in Serum or Plasma
10334-1,Cancer Ag 125 [Units/volume] in Serum or Plasma
109070-3,Cancer Ag 19-9 [Measurement] in Serum or Plasma
2009-9,Cancer Ag 19-9 [Presence] in Serum or Plasma
24108-3,Cancer Ag 19-9 [Units/volume] in Serum or Plasma
2011-5,Cancer Ag 242 [Presence] in Serum or Plasma
99101-8,Cancer Ag 242 [Units/volume] in Serum or Plasma
2012-3,Cancer Ag 27-29 [Presence] in Serum or Plasma
17842-6,Cancer Ag 27-29 [Units/volume] in Serum or Plasma
2013-1,Cancer Ag 50 [Presence] in Serum or Plasma
34256-8,Cancer Ag 50 [Units/volume] in Serum or Plasma
2014-9,Cancer Ag 549 [Presence] in Serum or Plasma
19189-0,Cancer Ag 549 [Units/volume] in Serum or Plasma
2015-6,Cancer Ag 72-4 [Presence] in Serum or Plasma
17843-4,Cancer Ag 72-4 [Units/volume] in Serum or Plasma
31281-9,Cancer associated retinopathy Ab [Presence] in Serum
24474-9,Cancer associated serum Ag [Units/volume] in Serum
9501-8,Candida sp Ag [Titer] in Serum
31282-7,Canine adenovirus 1 Ab [Presence] in Serum
41158-7,Canine herpesvirus Ab [Presence] in Serum
3433-0,carBAMazepine free [Mass/volume] in Serum or Plasma
32058-0,carBAMazepine free [Moles/volume] in Serum or Plasma
9688-3,Carbaryl [Mass/volume] in Serum or Plasma
21138-3,Carbaryl [Mass/volume] in Urine
42861-5,Carbaryl [Presence] in Urine
2019-8,Carbon dioxide [Partial pressure] in Arterial blood
11557-6,Carbon dioxide [Partial pressure] in Blood
19887-9,Carbon dioxide [Partial pressure] in Blood Postductal
19885-3,Carbon dioxide [Partial pressure] in Blood Preductal
2020-6,Carbon dioxide [Partial pressure] in Capillary blood
32306-3,Carbon dioxide [Partial pressure] in Urine
2021-4,Carbon dioxide [Partial pressure] in Venous blood
2024-8,Carbon dioxide dissolved [Moles/volume] in Plasma
2026-3,"Carbon dioxide, total [Moles/volume] in Arterial blood"
20565-8,"Carbon dioxide, total [Moles/volume] in Blood"
14040-0,"Carbon dioxide, total [Moles/volume] in Stool"
13538-4,"Carbon dioxide, total [Moles/volume] in Urine"
2027-1,"Carbon dioxide, total [Moles/volume] in Venous blood"
29290-4,Carbon disulfide [Mass/volume] in Blood
23836-0,Carbon disulfide [Mass/volume] in Serum or Plasma
23835-2,Carbon disulfide [Mass/volume] in Urine
29277-1,Carbon disulfide [Presence] in Blood
18205-5,Carbon disulfide [Presence] in Urine
99387-3,Carbon monoxide [Moles/volume] in Blood
9332-8,Carbon tetrachloride [Mass/volume] in Blood
54936-0,Carbon tetrachloride [Mass/volume] in Serum or Plasma
2033-9,Carbonate [Mass/volume] in Arterial blood
2035-4,Carbonate [Mass/volume] in Plasma
2034-7,Carbonate [Mass/volume] in Venous blood
31157-1,Carboxyhemoglobin [Mass/volume] in Blood
2039-6,Carcinoembryonic Ag [Mass/volume] in Serum or Plasma
110108-8,Carcinoembryonic Ag [Measurement] in Serum or Plasma
19167-6,Carcinoembryonic Ag [Moles/volume] in Serum or Plasma
19166-8,Carcinoembryonic Ag [Units/volume] in Serum or Plasma
2040-4,Cardiolipin [Mass/volume] in Serum
110044-5,Cardiolipin Ab [Measurement] in Serum
29860-4,Cardiolipin Ab [Presence] in Serum
8062-2,Cardiolipin Ab [Units/volume] in Serum
43361-5,Cardiolipin IgA Ab [Mass/volume] in Serum
110043-7,Cardiolipin IgA Ab [Measurement] in Serum
30470-9,Cardiolipin IgA Ab [Presence] in Serum
20669-8,Cardiolipin IgA Ab [Titer] in Serum
8063-0,Cardiolipin IgA Ab [Units/volume] in Serum or Plasma
20424-8,Cardiolipin IgG Ab [Interpretation] in Serum
43362-3,Cardiolipin IgG Ab [Mass/volume] in Serum
110787-9,Cardiolipin IgG Ab [Measurement] in Serum
55772-8,Cardiolipin IgG Ab [Multiple of the median] in Serum
27183-3,Cardiolipin IgG Ab [Presence] in Serum
20484-2,Cardiolipin IgG Ab [Titer] in Serum
8065-5,Cardiolipin IgG Ab [Units/volume] in Serum or Plasma
20425-5,Cardiolipin IgM Ab [Interpretation] in Serum
43363-1,Cardiolipin IgM Ab [Mass/volume] in Serum
110047-8,Cardiolipin IgM Ab [Measurement] in Serum
55773-6,Cardiolipin IgM Ab [Multiple of the median] in Serum
20485-9,Cardiolipin IgM Ab [Titer] in Serum
8067-1,Cardiolipin IgM Ab [Units/volume] in Serum or Plasma
2043-8,Carnitine free (C0) [Mass/volume] in Serum or Plasma
10877-9,Carnitine free (C0) [Mass/volume] in Urine
109068-7,Carnitine free (C0) [Measurement] in Serum or Plasma
110537-8,Carnitine free (C0) [Measurement] in Urine
34259-2,Carnitine free (C0) [Moles/time] in 24 hour Urine
34258-4,Carnitine free (C0) [Moles/volume] in 24 hour Urine
14286-9,Carnitine free (C0) [Moles/volume] in Serum or Plasma
14285-1,Carnitine free (C0) [Moles/volume] in Urine
2042-0,Carnitine free (C0) [Presence] in Serum or Plasma
26757-5,Carnitine free (C0) [Units/volume] in Urine
13718-2,Carnitine free (C0)/Creatinine [Mass Ratio] in Urine
108413-6,Carnitine free (C0)/Creatinine [Measurement] in Urine
22704-1,Carnitine free (C0)/Creatinine [Molar ratio] in Urine
17867-3,Carnitine free (C0)/Creatinine [Ratio] in Urine
2048-7,Carnitine/Creatinine [Mass Ratio] in Serum or Plasma
13719-0,Carnitine/Creatinine [Mass Ratio] in Urine
17866-5,Carnitine/Creatinine [Ratio] in Urine
44304-4,Carnosine/Creatinine [Mass Ratio] in 24 hour Urine
13720-8,Carnosine/Creatinine [Mass Ratio] in Urine
28597-3,Carnosine/Creatinine [Ratio] in Urine
2052-9,Carotene [Mass/volume] in Blood
2053-7,Carotene [Mass/volume] in Serum or Plasma
14642-3,Carotene [Moles/volume] in Serum or Plasma
56669-5,Carotene.alpha [Mass/volume] in Serum
27078-5,Carotene.alpha [Moles/volume] in Plasma
105894-0,Casts [#/area] in Urine sediment
87827-2,Casts [Presence] in Urine
105895-7,Casts [Presence] in Urine sediment
19732-7,Cat serum albumin IgE Ab [Units/volume] in Serum
49221-5,Catalase [Enzymatic activity/mass] in Red Blood Cells
27055-3,Catecholamines Free [Mass/time] in 24 hour Urine
68931-5,Catecholamines Free [Mass/volume] in 24 hour Urine
11133-6,Catecholamines Free [Mass/volume] in Urine
110415-7,Catecholamines Free [Measurement] in Urine
14643-1,Catecholamines Free [Moles/time] in 24 hour Urine
108420-1,Catecholamines/Creatinine [Measurement] in Urine
42930-8,CD11+CD18+ cells [Presence] in Blood
46968-4,CD122 cells [#/volume] in Blood
51053-7,CD126 blasts [Units/volume] in Blood
94265-6,CD18 cells [Presence] in Blood
8116-6,CD19 cells [#/volume] in Blood
89354-5,CD19+21- cells [#/volume] in Blood
60434-8,CD19+CD103+ cells [#/volume] in Blood
89353-7,CD19+CD27+ cells [#/volume] in Blood
89351-1,CD19+CD27+IgD+IgM+ cells [#/volume] in Blood
89347-9,CD19+CD27+IgD-IgM+ cells [#/volume] in Blood
89349-5,CD19+CD27+IgD-IgM- cells [#/volume] in Blood
59147-9,CD19+CD38+ cells [#/volume] in Blood
51444-8,CD19+CD38+ cells [Units/volume] in Blood
89357-8,CD19+CD38+IgM+ cells [#/volume] in Blood
89343-8,CD19+CD38+IgM- cells [#/volume] in Blood
89345-3,CD19+IgM+ cells [#/volume] in Blood
50664-2,CD19+Kappa+ cells [#/volume] in Blood
50665-9,CD19+Lambda+ cells [#/volume] in Blood
25164-5,CD21 cells [#/volume] in Blood
31120-9,CD227 cells [#/volume] in Blood
33601-6,CD23+CD38+ cells [#/volume] in Blood
26568-6,CD3+HLA-DR+ cells [#/volume] in Blood
38235-8,CD3+TCR gamma delta+ cells [#/volume] in Blood
26728-6,CD38 cells [#/volume] in Blood
50723-6,CD38+ Lambda+ cells [#/volume] in Blood
50973-7,CD38+CD138+ cells [#/volume] in Blood
26569-4,CD4+CD29+ cells [#/volume] in Blood
26615-5,CD55 RBC [Presence] in Blood
33652-9,CD56 cells/CD38 Cells [# Ratio] in Blood
26616-3,CD59 RBC [Presence] in Blood
21018-7,CD61 cells [#/volume] in Blood
51446-3,CD64 cells [Units/volume] in Blood
29340-7,CD71 cells [#/volume] in Blood
21374-4,CD8+CD38+ cells [#/volume] in Blood
80962-4,ceFAZolin free [Mass/volume] in Serum or Plasma
80961-6,Cefotaxime free [Mass/volume] in Serum or Plasma
80960-8,cefTAZidime free [Mass/volume] in Serum or Plasma
80957-4,cefTRIAXone free [Mass/volume] in Serum or Plasma
80617-4,Cefuroxime free [Mass/volume] in Serum or Plasma
42196-6,Centromere Ab [Titer] in Serum
5617-6,Cesium [Mass/volume] in Red Blood Cells
58054-8,Ch sup(a) Ab [Presence] in Serum or Plasma
104491-6,Ch sup(a) Ab [Titer] in Serum or Plasma
22182-0,Chlamydia sp Ab [Titer] in Serum
110991-7,Chlamydia sp IgG Ab [Measurement] in Serum
110038-7,Chlamydia sp IgM Ab [Measurement] in Serum
31775-0,Chlamydia trachomatis Ag [Presence] in Urine sediment
51695-5,Chloride [Mass/time] in 24 hour Urine
110298-7,Chloride [Measurement] in Stool
111453-7,Chloride [Measurement] in Urine
2076-8,Chloride [Moles/mass] in Stool
2079-2,Chloride [Moles/time] in 24 hour Urine
21194-6,Chloride [Moles/volume] in 24 hour Urine
41650-3,Chloride [Moles/volume] in Arterial blood
2069-3,Chloride [Moles/volume] in Blood
51590-8,Chloride [Moles/volume] in Capillary blood
2073-5,Chloride [Moles/volume] in Red Blood Cells
2074-3,Chloride [Moles/volume] in Saliva (oral fluid)
2075-0,Chloride [Moles/volume] in Serum or Plasma
77138-6,"Chloride [Moles/volume] in Serum, Plasma or Blood"
15158-9,Chloride [Moles/volume] in Stool
2078-4,Chloride [Moles/volume] in Urine
94840-6,Chloride [Moles/volume] in Urine from Fetus
41649-5,Chloride [Moles/volume] in Venous blood
26762-5,Chloride [Units/volume] in Urine
13721-6,Chloride/Creatinine [Mass Ratio] in 24 hour Urine
110538-6,Chloride/Creatinine [Measurement] in Urine
98986-3,Chloride/Creatinine [Molar ratio] in 24 hour Urine
34265-9,Chloride/Creatinine [Molar ratio] in Urine
53640-9,Chloride/Creatinine [Ratio] in 24 hour Urine
43221-1,Chloride/Creatinine [Ratio] in Urine
8180-2,Chlorobenzene [Mass/volume] in Blood
9505-9,Chlorobenzene [Mass/volume] in Serum or Plasma
29902-4,Chlorobenzene [Mass/volume] in Urine
9506-7,Chloroethane [Mass/volume] in Blood
9333-6,Chloroform [Mass/volume] in Blood
54937-8,Chloroform [Mass/volume] in Serum or Plasma
9507-5,Chloromethane [Mass/volume] in Blood
35200-5,Cholesterol [Mass or Moles/volume] in Serum or Plasma
2093-3,Cholesterol [Mass/volume] in Serum or Plasma
14444-4,Cholesterol [Mass/volume] in Urine
110258-1,Cholesterol [Measurement] in Serum or Plasma
14647-2,Cholesterol [Moles/volume] in Serum or Plasma
2084-2,Cholesterol esters [Mass/volume] in Serum or Plasma
55840-3,Cholesterol esters [Moles/volume] in Serum or Plasma
9832-7,Cholesterol in HDL 2 [Mass/volume] in Serum or Plasma
26015-8,Cholesterol in HDL 2 [Moles/volume] in Serum or Plasma
57936-7,Cholesterol in HDL 2a [Mass/volume] in Serum or Plasma
9833-5,Cholesterol in HDL 3 [Mass/volume] in Serum or Plasma
26017-4,Cholesterol in HDL 3 [Moles/volume] in Serum or Plasma
57937-5,Cholesterol in HDL 3a [Mass/volume] in Serum or Plasma
2085-9,Cholesterol in HDL [Mass/volume] in Serum or Plasma
111273-9,Cholesterol in HDL [Measurement] in Serum or Plasma
14646-4,Cholesterol in HDL [Moles/volume] in Serum or Plasma
27340-9,Cholesterol in HDL [Presence] in Serum or Plasma
56134-0,Cholesterol in IDL 1 [Moles/volume] in Serum or Plasma
56135-7,Cholesterol in IDL 2 [Moles/volume] in Serum or Plasma
2087-5,Cholesterol in IDL [Mass/volume] in Serum or Plasma
70201-9,Cholesterol in IDL [Moles/volume] in Serum or Plasma
91105-7,Cholesterol in LDL 1 [Mass/volume] in Serum or Plasma
91112-3,Cholesterol in LDL 1 [Moles/volume] in Serum or Plasma
91106-5,Cholesterol in LDL 2 [Mass/volume] in Serum or Plasma
91113-1,Cholesterol in LDL 2 [Moles/volume] in Serum or Plasma
91107-3,Cholesterol in LDL 3 [Mass/volume] in Serum or Plasma
91114-9,Cholesterol in LDL 3 [Moles/volume] in Serum or Plasma
91108-1,Cholesterol in LDL 4 [Mass/volume] in Serum or Plasma
91115-6,Cholesterol in LDL 4 [Moles/volume] in Serum or Plasma
91109-9,Cholesterol in LDL 5 [Mass/volume] in Serum or Plasma
91116-4,Cholesterol in LDL 5 [Moles/volume] in Serum or Plasma
91110-7,Cholesterol in LDL 6 [Mass/volume] in Serum or Plasma
91117-2,Cholesterol in LDL 6 [Moles/volume] in Serum or Plasma
91111-5,Cholesterol in LDL 7 [Mass/volume] in Serum or Plasma
91118-0,Cholesterol in LDL 7 [Moles/volume] in Serum or Plasma
2089-1,Cholesterol in LDL [Mass/volume] in Serum or Plasma
108018-3,Cholesterol in LDL [Measurement] in Serum or Plasma
22748-8,Cholesterol in LDL [Moles/volume] in Serum or Plasma
46986-6,Cholesterol in VLDL 3 [Mass/volume] in Serum or Plasma
2091-7,Cholesterol in VLDL [Mass/volume] in Serum or Plasma
25371-6,Cholesterol in VLDL [Moles/volume] in Serum or Plasma
43396-1,Cholesterol non HDL [Mass/volume] in Serum or Plasma
70204-3,Cholesterol non HDL [Moles/volume] in Serum or Plasma
14154-9,Cholesterol sulfate [Mass/volume] in Serum
74517-4,Cholesterol sulfate [Moles/volume] in Serum or Plasma
20994-0,Choriogonadotropin [Interpretation] in Serum or Plasma
34670-0,Choriogonadotropin [Mass/volume] in Serum or Plasma
99104-2,Choriogonadotropin [Mass/volume] in Urine
110662-4,Choriogonadotropin [Measurement] in Serum or Plasma
110541-0,Choriogonadotropin [Measurement] in Urine
2119-6,Choriogonadotropin [Moles/volume] in Serum or Plasma
2107-1,Choriogonadotropin [Moles/volume] in Urine
2118-8,Choriogonadotropin [Presence] in Serum or Plasma
2106-3,Choriogonadotropin [Presence] in Urine
19080-1,Choriogonadotropin [Units/volume] in Serum or Plasma
25372-4,Choriogonadotropin [Units/volume] in Urine
110413-2,Choriogonadotropin.beta subunit [Measurement] in Urine
2112-1,Choriogonadotropin.beta subunit [Presence] in Urine
2104-8,Choriomammotropin [Mass/volume] in Serum
5621-8,Chromium [Mass/volume] in Red Blood Cells
110540-2,Chromium/Creatinine [Measurement] in Urine
52934-7,Chromium/Creatinine [Molar ratio] in 24 hour Urine
2120-4,Chylomicrons [Mass/volume] in Serum or Plasma
108764-2,Chylomicrons [Measurement] in Serum or Plasma
14648-0,Chylomicrons [Moles/volume] in Serum or Plasma
2121-2,Chylomicrons [Presence] in Serum or Plasma
95807-4,Chylomicrons [Presence] in Urine
67568-6,Circulating tumor cells.breast [#/volume] in Blood
68124-7,Circulating tumor cells.colon [#/volume] in Blood
68123-9,Circulating tumor cells.prostate [#/volume] in Blood
29527-9,Citrate/Creatinine [Molar ratio] in Urine
25878-0,Citrulline/Creatinine [Molar ratio] in 24 hour Urine
22694-4,Citrulline/Creatinine [Molar ratio] in Urine
56676-0,Citrulline/Creatinine [Ratio] in 24 hour Urine
113178-8,clonazePAM/Creatinine [Mass Ratio] in Urine
10895-1,Clostridioides difficile toxin B [Presence] in Stool
105109-3,Coarse Granular Casts [#/area] in Urine sediment
16695-9,Cobalamin (Vitamin B12) [Mass/volume] in Blood
55850-2,Cobalamin (Vitamin B12) [Mass/volume] in Urine
54378-5,Cobalamin (Vitamin B12) [Moles/volume] in Urine
26916-7,Cobalamin (Vitamin B12) [Presence] in Blood
50847-3,Cobalt [Moles/volume] in Red Blood Cells
29934-7,Cobalt/Creatinine [Mass Ratio] in 24 hour Urine
52933-9,Cobalt/Creatinine [Molar ratio] in 24 hour Urine
27311-0,Codeine Free [Mass/mass] in Stool
12784-5,Codeine Free [Mass/volume] in Serum or Plasma
51739-1,Codeine Free [Mass/volume] in Urine
108772-5,Codeine Free [Measurement] in Serum or Plasma
34623-9,Colorado tick fever virus Ab [Titer] in Serum
66951-5,Complement C1.functional [Units/volume] in Serum
4478-4,Complement C1q [Mass/volume] in Serum or Plasma
53020-4,Complement C1q Ab [Presence] in Serum
44702-9,Complement C1q Ab [Units/volume] in Serum
4479-2,Complement C1q Ag [Moles/volume] in Serum or Plasma
6297-6,Complement C1q Ag [Units/volume] in Serum
4481-8,Complement C1r [Mass/volume] in Serum or Plasma
4483-4,Complement C1s [Mass/volume] in Serum or Plasma
4484-2,Complement C2 [Mass/volume] in Serum or Plasma
108752-7,Complement C2 [Measurement] in Serum or Plasma
40747-8,Complement C2 [Presence] in Serum or Plasma
33408-6,Complement C2 [Units/volume] in Serum or Plasma
4485-9,Complement C3 [Mass/volume] in Serum or Plasma
38388-5,Complement C3 [Presence] in Serum or Plasma
4486-7,Complement C3 fragment [Presence] in Red Blood Cells
4488-3,Complement C3a [Mass/volume] in Serum or Plasma
4489-1,Complement C3b [Mass/volume] in Serum or Plasma
14195-2,Complement C3b Inactive [Mass/volume] in Plasma
4491-7,Complement C3c [Mass/volume] in Serum or Plasma
4492-5,Complement C3d [Entitic number] in Red Blood Cells
34401-0,Complement C3d [Mass/volume] in Serum or Plasma
6295-0,Complement C3d [Presence] in Red Blood Cells
4498-2,Complement C4 [Mass/volume] in Serum or Plasma
110262-3,Complement C4 [Measurement] in Serum or Plasma
76496-9,Complement C4 [Moles/volume] in Serum or Plasma
48731-4,Complement C4 [Presence] in Serum or Plasma
26931-6,Complement C4 [Units/volume] in Serum or Plasma
4501-3,Complement C4a [Mass/volume] in Plasma
57949-0,Complement C4c [Mass/volume] in Serum or Plasma
4504-7,Complement C4d [Entitic number] in Red Blood Cells
21217-5,Complement C4d [Mass/volume] in Plasma
6293-5,Complement C4d [Presence] in Red Blood Cells
4505-4,Complement C5 [Mass/volume] in Serum or Plasma
58683-4,Complement C5 [Presence] in Serum or Plasma
4506-2,Complement C5a [Mass/volume] in Plasma
4507-0,Complement C6 [Mass/volume] in Serum or Plasma
4508-8,Complement C7 [Mass/volume] in Serum or Plasma
26996-9,Complement C7 [Units/volume] in Serum or Plasma
4509-6,Complement C8 [Mass/volume] in Serum or Plasma
4510-4,Complement C9 [Mass/volume] in Serum or Plasma
2269-9,Complement factor B [Mass/volume] in Serum or Plasma
4516-1,Complement factor Ba [Mass/volume] in Serum or Plasma
4517-9,Complement factor Bb [Mass/volume] in Serum or Plasma
4518-7,Complement factor D [Mass/volume] in Serum or Plasma
4519-5,Complement factor H [Mass/volume] in Serum or Plasma
4520-3,Complement factor I [Mass/volume] in Serum or Plasma
4521-1,Complement factor P [Mass/volume] in Plasma
4522-9,Complement iC3 [Mass/volume] in Plasma
47276-1,Complement Sc5b-9 Ab [Presence] in Serum or Plasma
13117-7,Complement Sc5b-9 Ab [Units/volume] in Serum or Plasma
4531-0,Complement total hemolytic [Units/volume] in Blood
58351-8,Connective tissue growth factor [Mass/volume] in Urine
27124-7,Copper [Mass/mass] in Red Blood Cells
5630-9,Copper [Mass/volume] in Red Blood Cells
109635-3,Copper [Measurement] in Red Blood Cells
47102-9,Copper [Moles/volume] in Red Blood Cells
96257-1,Copper free [Mass/volume] in Serum or Plasma
96256-3,Copper free [Moles/volume] in Serum or Plasma
29942-0,Copper/Creatinine [Mass Ratio] in 24 hour Urine
25880-6,Copper/Creatinine [Molar ratio] in Urine
48395-8,Coproporphyrin/Creatinine [Molar ratio] in Urine
109853-2,Corticotropin [Measurement] in Plasma
35202-1,Cortisol [Mass or Moles/volume] in Serum or Plasma
14158-0,Cortisol [Mass/time] in 24 hour Urine
20622-7,Cortisol [Mass/volume] in 24 hour Urine
2142-8,Cortisol [Mass/volume] in Saliva (oral fluid)
2143-6,Cortisol [Mass/volume] in Serum or Plasma
43215-3,Cortisol [Mass/volume] in Serum or Plasma --baseline
2144-4,Cortisol [Mass/volume] in Urine
109644-5,Cortisol [Measurement] in Saliva (oral fluid)
111060-0,Cortisol [Measurement] in Serum or Plasma
111406-5,Cortisol [Measurement] in Urine
32310-5,Cortisol [Moles/time] in 24 hour Urine
50848-1,Cortisol [Moles/volume] in 24 hour Urine
51844-9,Cortisol [Moles/volume] in Saliva (oral fluid)
14675-3,Cortisol [Moles/volume] in Serum or Plasma
32315-4,Cortisol [Moles/volume] in Serum or Plasma --baseline
15043-3,Cortisol [Moles/volume] in Urine
28550-2,Cortisol [Presence] in Urine
26828-4,Cortisol [Units/volume] in Saliva (oral fluid)
95579-9,Cortisol [Z-score] in 24 hour Urine
2147-7,Cortisol Free [Mass/time] in 24 hour Urine
33346-8,Cortisol Free [Mass/volume] in 24 hour Urine
18365-7,Cortisol Free [Mass/volume] in Saliva (oral fluid)
2145-1,Cortisol Free [Mass/volume] in Serum or Plasma
11040-3,Cortisol Free [Mass/volume] in Urine
111471-9,Cortisol Free [Measurement] in Urine
14676-1,Cortisol Free [Moles/time] in 24 hour Urine
75516-5,Cortisol Free [Moles/volume] in 24 hour Urine
15044-1,Cortisol Free [Moles/volume] in Serum or Plasma
30173-9,Cortisol Free [Moles/volume] in Urine
49029-2,Cortisol Free/Cortisone free [Mass Ratio] in Urine
71805-6,Cortisol Free/Cortisone free [Molar ratio] in Urine
32009-3,Cortisol Free/Creatinine [Mass Ratio] in 24 hour Urine
44309-3,Cortisol Free/Creatinine [Mass Ratio] in Urine
110420-7,Cortisol Free/Creatinine [Measurement] in Urine
30172-1,Cortisol Free/Creatinine [Molar ratio] in Urine
72392-4,Cortisol/Cortisone [Mass Ratio] in Serum or Plasma
44310-1,Cortisol/Creatinine [Mass Ratio] in 24 hour Urine
11155-9,Cortisol/Creatinine [Mass Ratio] in Urine
14044-2,Cortisone [Mass/time] in 24 hour Urine
14159-8,Cortisone [Mass/volume] in Serum or Plasma
74360-9,Cortisone [Moles/volume] in Saliva (oral fluid)
25382-3,Cortisone [Moles/volume] in Serum or Plasma
95586-4,Cortisone [Z-score] in 24 hour Urine
53777-9,Cortisone free [Mass/volume] in Urine
110419-9,Cortisone free [Measurement] in Urine
71894-0,Cortisone free [Moles/time] in 24 hour Urine
73880-7,Cortisone free [Moles/volume] in 24 hour Urine
76475-3,Cortisone free [Moles/volume] in Serum or Plasma
73881-5,Cortisone free [Moles/volume] in Urine
98041-7,Cortisone IgE Ab [Units/volume] in Serum
30511-0,Cortisone/Creatinine [Mass Ratio] in Urine
110078-3,Coxiella burnetii phase 1 Ab [Measurement] in Serum
43050-4,Coxiella burnetii phase 1 Ab [Titer] in Serum
31311-4,Coxiella burnetii phase 1 Ab [Units/volume] in Serum
9706-3,Coxiella burnetii phase 1 IgA Ab [Titer] in Serum
32644-7,Coxiella burnetii phase 1 IgG Ab [Presence] in Serum
9708-9,Coxiella burnetii phase 1 IgG Ab [Titer] in Serum
32645-4,Coxiella burnetii phase 1 IgM Ab [Presence] in Serum
9710-5,Coxiella burnetii phase 1 IgM Ab [Titer] in Serum
110075-9,Coxiella burnetii phase 2 Ab [Measurement] in Serum
38389-3,Coxiella burnetii phase 2 Ab [Titer] in Serum
31313-0,Coxiella burnetii phase 2 Ab [Units/volume] in Serum
9707-1,Coxiella burnetii phase 2 IgA Ab [Titer] in Serum
31314-8,Coxiella burnetii phase 2 IgG Ab [Presence] in Serum
9709-7,Coxiella burnetii phase 2 IgG Ab [Titer] in Serum
31315-5,Coxiella burnetii phase 2 IgM Ab [Presence] in Serum
9711-3,Coxiella burnetii phase 2 IgM Ab [Titer] in Serum
6092-1,Crab IgE Ab [Units/volume] in Serum
2150-1,Creatine [Mass/time] in 24 hour Urine
49097-9,Creatine [Mass/volume] in 24 hour Urine
2148-5,Creatine [Mass/volume] in Serum or Plasma
2149-3,Creatine [Mass/volume] in Urine
111225-9,Creatine [Measurement] in Urine
15047-4,Creatine [Moles/time] in 24 hour Urine
34274-1,Creatine [Moles/volume] in 24 hour Urine
15045-8,Creatine [Moles/volume] in Serum or Plasma
15046-6,Creatine [Moles/volume] in Urine
50756-6,Creatine kinase [Mass/volume] in Blood
49551-5,Creatine kinase.MB [Mass/volume] in Blood
13969-1,Creatine kinase.MB [Mass/volume] in Serum or Plasma
111058-4,Creatine kinase.MB [Measurement] in Serum or Plasma
38482-6,Creatine kinase.MB [Presence] in Serum or Plasma
13484-1,Creatine/Creatinine [Mass Ratio] in Urine
104539-2,Creatine/Creatinine [Molar ratio] in Serum or Plasma
34275-8,Creatine/Creatinine [Molar ratio] in Urine
20511-2,Creatinine [Interpretation] in Urine
35251-8,Creatinine [Mass or Moles/volume] in 24 hour Urine
35203-9,Creatinine [Mass or Moles/volume] in Serum or Plasma
35204-7,Creatinine [Mass or Moles/volume] in Urine
35262-5,Creatinine [Mass or Moles] in 24 hour Urine
2162-6,Creatinine [Mass/time] in 24 hour Urine
20624-3,Creatinine [Mass/volume] in 24 hour Urine
21232-4,Creatinine [Mass/volume] in Arterial blood
38483-4,Creatinine [Mass/volume] in Blood
2160-0,Creatinine [Mass/volume] in Serum or Plasma
40248-7,Creatinine [Mass/volume] in Serum or Plasma --baseline
2161-8,Creatinine [Mass/volume] in Urine
94844-8,Creatinine [Mass/volume] in Urine from Fetus
110658-2,Creatinine [Measurement] in Serum or Plasma
108024-1,Creatinine [Measurement] in Urine
14684-5,Creatinine [Moles/time] in 24 hour Urine
25886-3,Creatinine [Moles/volume] in 24 hour Urine
59826-8,Creatinine [Moles/volume] in Blood
14682-9,Creatinine [Moles/volume] in Serum or Plasma
77140-2,"Creatinine [Moles/volume] in Serum, Plasma or Blood"
47610-1,Creatinine [Moles/volume] in Stool
14683-7,Creatinine [Moles/volume] in Urine
101475-2,Creatinine [Moles/volume] in Venous blood
44716-9,Creatinine/Calcium [Mass Ratio] in Urine
16285-9,Creatinine/Protein [Mass Ratio] in Urine
94145-0,Crotonylglycine/Creatinine [Molar ratio] in Urine
33648-7,Cryoglobulin Rheumatoid Factor [Units/volume] in Serum
81313-9,Cryoglobulin.complement C3 [Presence] in Serum
110838-0,Cryoglobulin.IgA [Measurement] in Serum
110837-2,Cryoglobulin.IgG [Measurement] in Serum
110836-4,Cryoglobulin.IgM [Measurement] in Serum
40768-4,Cryptococcus sp Ag [Titer] in Serum
105893-2,Crystals [#/area] in Urine sediment
87828-0,Crystals [Presence] in Urine
88973-3,Crystals.amorphous [#/area] in Urine sediment
105111-9,Crystals.amorphous [Presence] in Urine sediment
110657-4,CV2 Ab [Measurement] in Serum or Plasma
109961-3,CV2 IgG Ab [Measurement] in Serum
35386-2,CV2 IgG Ab [Titer] in Serum
43103-1,CV2 IgG Ab [Units/volume] in Serum
13511-1,Cyanide ascorbate screen [Presence] in Blood
96809-9,Cyanocobalamin IgE Ab [Units/volume] in Serum
109341-8,Cyclic citrullinated peptide Ab [Measurement] in Serum
53028-7,Cyclic citrullinated peptide Ab [Presence] in Serum
25820-2,Cysteate [Moles/time] in 24 hour Urine
25889-7,Cysteate [Moles/volume] in 24 hour Urine
34276-6,Cysteate [Moles/volume] in Urine
25890-5,Cysteate/Creatinine [Molar ratio] in 24 hour Urine
79599-7,Cysteate/Creatinine [Molar ratio] in Urine
34624-7,Cystine Free [Moles/volume] in Serum or Plasma
40870-8,Cystine Free [Presence] in Serum or Plasma
13725-7,Cystine/Creatinine [Mass Ratio] in Urine
25894-7,Cystine/Creatinine [Molar ratio] in 24 hour Urine
22687-8,Cystine/Creatinine [Molar ratio] in Urine
56677-8,Cystine/Creatinine [Ratio] in 24 hour Urine
25390-6,Cytokeratin 19 [Mass/volume] in Serum or Plasma
19182-5,Cytokeratin 19 [Units/volume] in Serum or Plasma
56787-5,Cytokeratin 19 [Units/volume] in Urine
50789-7,Cytokeratin cells [#/volume] in Blood
109960-5,Cytomegalovirus Ab [Measurement] in Serum
111272-1,Cytomegalovirus Ab [Measurement] in Serum or Plasma
22239-8,Cytomegalovirus Ab [Presence] in Serum or Plasma
22241-4,Cytomegalovirus Ab [Titer] in Serum or Plasma
7851-9,Cytomegalovirus Ab [Units/volume] in Serum or Plasma
108749-3,Cytomegalovirus Ag [Measurement] in Serum or Plasma
16718-9,Cytomegalovirus Ag [Presence] in Blood
31795-8,Cytomegalovirus Ag [Presence] in Serum or Plasma
31796-6,Cytomegalovirus Ag [Presence] in Urine
110941-2,Cytomegalovirus DNA [Measurement] in Blood
111269-7,Cytomegalovirus DNA [Measurement] in Serum or Plasma
110437-1,Cytomegalovirus DNA [Measurement] in Urine
105880-9,Cytomegalovirus DNA [Units/volume] in Serum or Plasma
33616-4,Cytomegalovirus early Ag [Presence] in Urine
22244-8,Cytomegalovirus IgG Ab [Presence] in Serum or Plasma
22246-3,Cytomegalovirus IgG Ab [Titer] in Serum or Plasma
30325-5,Cytomegalovirus IgM Ab [Presence] in Serum or Plasma
22249-7,Cytomegalovirus IgM Ab [Titer] in Serum or Plasma
54164-9,Cytomegalovirus immediate-early Ag [Presence] in Blood
38515-3,Cytoplasmic Ig mu cells [#/volume] in Blood
79658-1,Cytosine/Creatinine [Molar ratio] in Urine
31337-9,Cytotoxic percent reactive Ab [Presence] in Serum
74436-7,D-Lactate [Moles/mass] in Stool
14045-9,D-Lactate [Moles/volume] in Serum or Plasma
14046-7,D-Lactate [Moles/volume] in Urine
44314-3,D-Lactate/Creatinine [Molar ratio] in Urine
13726-5,Decadienediate/Creatinine [Mass Ratio] in Urine
79509-6,Decenedioate [Moles/volume] in Serum or Plasma
13727-3,Decenedioate/Creatinine [Mass Ratio] in Urine
25094-4,Decenedioate/Creatinine [Molar ratio] in Urine
18215-4,Delta alanine [Mass/volume] in Urine
13970-9,Delta tocopherol [Mass/volume] in Serum or Plasma
33606-5,Dengue virus Ab [Titer] in Serum
109954-8,Dengue virus IgG Ab [Measurement] in Serum
51785-4,Dengue virus IgG and IgM [Interpretation] in Serum
107643-9,Density [Mass/volume] in Urine
39533-5,Deoxyhemoglobin [Mass/volume] in Blood
6937-7,Deoxypyridinoline [Mass/time] in 24 hour Urine
11216-9,Deoxypyridinoline [Mass/volume] in Urine
111180-6,Deoxypyridinoline [Measurement] in Urine
15055-7,Deoxypyridinoline [Moles/time] in 24 hour Urine
25898-8,Deoxypyridinoline [Moles/volume] in 24 hour Urine
27424-1,Deoxypyridinoline [Moles/volume] in Urine
111211-9,Deoxypyridinoline/Creatinine [Measurement] in Urine
25095-1,Deoxypyridinoline/Creatinine [Molar ratio] in Urine
58954-9,Deoxypyridinoline/Pyridinoline [Molar ratio] in Urine
61411-5,Desipramine/Creatinine [Mass Ratio] in Urine
60070-0,Dichlorvos [Mass/volume] in Blood
30026-9,Dichlorvos [Mass/volume] in Serum or Plasma
16768-4,Dichlorvos [Mass/volume] in Urine
113451-9,Diclofenac/Creatinine [Mass Ratio] in Urine
35244-3,Digoxin [Mass or Moles/volume] in Serum or Plasma
10535-3,Digoxin [Mass/volume] in Serum or Plasma
110653-3,Digoxin [Measurement] in Serum or Plasma
14698-5,Digoxin [Moles/volume] in Serum or Plasma
3562-6,Digoxin Free [Mass/volume] in Serum or Plasma
32067-1,Digoxin Free [Moles/volume] in Serum or Plasma
12785-2,Dihydrocodeine Free [Mass/volume] in Serum or Plasma
78693-9,Dihydrothymine/Creatinine [Molar ratio] in Urine
94431-4,Dilution factor [Titer] in Serum or Plasma
23853-5,Dimethylformamide/Creatinine [Mass Ratio] in Urine
12339-8,Diquat [Presence] in Urine
30044-2,Dirofilaria immitis Ab [Titer] in Serum
111462-8,DNA double strand Ab [Measurement] in Serum
31348-6,DNA double strand Ab [Presence] in Serum
11013-0,DNA double strand Ab [Titer] in Serum
5130-0,DNA double strand Ab [Units/volume] in Serum
110840-6,DNA double strand IgG Ab [Measurement] in Serum
63379-2,DNA double strand IgG Ab [Presence] in Serum
63381-8,DNA double strand IgG Ab [Titer] in Serum
33800-4,DNA double strand IgG Ab [Units/volume] in Serum
5132-6,DNA single strand Ab [Units/volume] in Serum
10360-6,DNA single strand IgG Ab [Units/volume] in Serum
10361-4,DNA single strand IgM Ab [Units/volume] in Serum
53109-5,Docosenoate (C22:1)/Creatinine [Molar ratio] in Urine
13732-3,Dodecanedioate/Creatinine [Mass Ratio] in Urine
25097-7,Dodecanedioate/Creatinine [Molar ratio] in Urine
19738-4,Dog serum albumin IgE Ab [Units/volume] in Serum
13733-1,DOPamine/Creatinine [Mass Ratio] in Urine
24524-1,DOPamine/Creatinine [Molar ratio] in Urine
13063-3,Drug induced platelet Ab [Units/volume] in Serum
23034-2,Duck hepatitis virus 1 Ab [Presence] in Serum
23036-7,Duck hepatitis virus 2 Ab [Presence] in Serum
23039-1,Duck hepatitis virus 3 Ab [Presence] in Serum
29889-3,Encephalomyocarditis virus Ab [Titer] in Serum
110847-1,Endomysium IgA Ab [Measurement] in Serum
110846-3,Endomysium IgG Ab [Measurement] in Serum
49726-3,Endomysium IgG Ab [Titer] in Serum
11045-2,Enolase [Enzymatic activity/volume] in Red Blood Cells
26449-9,Eosinophils [#/volume] in Blood
12999-9,Epichlorohydrin [Mass/volume] in Serum or Plasma
8069-7,Epidermis Ab [Titer] in Serum
110511-3,EPINEPHrine/Creatinine [Measurement] in Urine
108371-6,Epipregnanolone [Measurement] in Urine
78376-1,Epipregnanolone [Moles/time] in 24 hour Urine
78377-9,Epipregnanolone [Moles/volume] in 24 hour Urine
78379-5,Epipregnanolone [Moles/volume] in Urine
81775-9,Epipregnanolone/Creatinine [Molar ratio] in Urine
88977-4,Epithelial casts [#/area] in Urine sediment
105113-5,Epithelial cells [#/area] in Urine sediment
30383-4,Epithelial cells [#/volume] in Urine
111200-2,Epithelial cells [Measurement] in Urine sediment
87830-6,Epithelial cells [Presence] in Urine
105114-3,Epithelial cells [Presence] in Urine sediment
105089-7,Epithelial cells.non-squamous [Presence] in Urine
105116-8,Epithelial cells.renal [#/area] in Urine sediment
13653-1,Epithelial cells.renal [#/volume] in Urine sediment
90044-9,Epithelial cells.renal [Presence] in Urine sediment
105117-6,Epithelial cells.squamous [#/area] in Urine sediment
105087-1,Epithelial cells.squamous [Presence] in Urine
109938-1,Epstein Barr virus Ab [Measurement] in Serum
49178-7,Epstein Barr virus Ab [Presence] in Serum
49069-8,Epstein Barr virus Ab [Titer] in Serum
13238-1,Epstein Barr virus Ab [Units/volume] in Serum
33395-5,Epstein Barr virus capsid Ab [Presence] in Serum
22290-1,Epstein Barr virus capsid IgA Ab [Titer] in Serum
30339-6,Epstein Barr virus capsid IgG Ab [Presence] in Serum
20490-9,Epstein Barr virus capsid IgG Ab [Titer] in Serum
30340-4,Epstein Barr virus capsid IgM Ab [Presence] in Serum
20491-7,Epstein Barr virus capsid IgM Ab [Titer] in Serum
110884-4,Epstein Barr virus DNA [Measurement] in Blood
111340-6,Epstein Barr virus early Ab [Measurement] in Serum
7882-4,Epstein Barr virus early Ab [Presence] in Serum
22294-3,Epstein Barr virus early Ab [Titer] in Serum
22293-5,Epstein Barr virus early Ab [Units/volume] in Serum
47435-3,Epstein Barr virus early IgA Ab [Titer] in Serum
110954-5,Epstein Barr virus early IgG Ab [Measurement] in Serum
22295-0,Epstein Barr virus early IgG Ab [Presence] in Serum
23971-5,Epstein Barr virus early IgG Ab [Titer] in Serum
110854-7,Epstein Barr virus nuclear Ab [Measurement] in Serum
22296-8,Epstein Barr virus nuclear Ab [Presence] in Serum
22297-6,Epstein Barr virus nuclear Ab [Titer] in Serum
31372-6,Epstein Barr virus nuclear Ab [Units/volume] in Serum
7883-2,Epstein Barr virus nuclear IgG Ab [Presence] in Serum
22298-4,Epstein Barr virus nuclear IgG Ab [Titer] in Serum
7884-0,Epstein Barr virus nuclear IgM Ab [Presence] in Serum
26705-4,Epstein Barr virus nuclear IgM Ab [Titer] in Serum
110858-8,Equine herpesvirus 1+4 Ab [Measurement] in Serum
110856-2,Equine influenza virus A1 Ab [Measurement] in Serum
110855-4,Equine influenza virus A2 Ab [Measurement] in Serum
30341-2,Erythrocyte [Sedimentation Rate] in Blood
105107-7,Erythrocytes [#/area] in Urine sediment
26453-1,Erythrocytes [#/volume] in Blood
30391-7,Erythrocytes [#/volume] in Urine
105108-5,Erythrocytes [#/volume] in Urine sediment
33668-5,Erythrocytes [Presence] in Stool
33051-4,Erythrocytes [Presence] in Urine
105090-5,Erythrocytes [Presence] in Urine sediment
30390-9,Erythrocytes [Units/volume] in Stool
21263-9,Estradiol (E2) [Mass/time] in 24 hour Urine
2238-4,Estradiol (E2) [Mass/volume] in Saliva (oral fluid)
2243-4,Estradiol (E2) [Mass/volume] in Serum or Plasma
12595-5,Estradiol (E2) [Mass/volume] in Urine
111267-1,Estradiol (E2) [Measurement] in Serum or Plasma
110502-2,Estradiol (E2) [Measurement] in Urine
25401-1,Estradiol (E2) [Moles/time] in 24 hour Urine
34287-3,Estradiol (E2) [Moles/volume] in 24 hour Urine
14715-7,Estradiol (E2) [Moles/volume] in Serum or Plasma
34286-5,Estradiol (E2) [Moles/volume] in Urine
2240-0,Estradiol (E2) Free [Mass/volume] in Serum or Plasma
110449-6,Estradiol (E2).unconjugated [Measurement] in Urine
34289-9,Estradiol (E2).unconjugated [Moles/volume] in Urine
34291-5,Estradiol (E2)/Creatinine [Molar ratio] in Urine
2256-6,Estrogen [Mass/time] in 24 hour Urine
2254-1,Estrogen [Mass/volume] in Serum or Plasma
2255-8,Estrogen [Mass/volume] in Urine
108710-5,Estrogen [Measurement] in Serum or Plasma
110501-4,Estrogen [Measurement] in Urine
25402-9,Estrogen [Moles/time] in 24 hour Urine
34294-9,Estrogen [Moles/volume] in 24 hour Urine
70207-6,Estrogen [Moles/volume] in Serum or Plasma
34295-6,Estrogen [Moles/volume] in Urine
13738-0,Estrogen/Creatinine [Mass Ratio] in 24 hour Urine
34296-4,Estrogen/Creatinine [Molar ratio] in Urine
2262-4,Estrone (E1).unconjugated [Mass/time] in 24 hour Urine
13739-8,Estrone (E1)/Creatinine [Mass Ratio] in 24 hour Urine
13740-6,Ethanolamine/Creatinine [Mass Ratio] in Urine
28605-4,Ethanolamine/Creatinine [Ratio] in Urine
13937-8,Ethyl acetate [Mass/volume] in Blood
78826-5,Ethyl acetate [Mass/volume] in Urine
13741-4,Ethylmalonate/Creatinine [Mass Ratio] in Urine
34303-8,Etiocholanolone/Creatinine [Molar ratio] in Urine
113441-0,Eutylone/Creatinine [Mass Ratio] in Urine
26023-2,Extractable nuclear Ab [Identifier] in Serum
44083-4,Extractable nuclear Ab [Interpretation] in Serum
110956-0,Extractable nuclear Ab [Measurement] in Serum
14722-3,Extractable nuclear Ab [Presence] in Serum
30342-0,Extractable nuclear Ab [Units/volume] in Serum
1556-0,Fasting glucose [Mass/volume] in Capillary blood
1558-6,Fasting glucose [Mass/volume] in Serum or Plasma
63382-6,Fasting glucose [Mass/volume] in Urine
1557-8,Fasting glucose [Mass/volume] in Venous blood
76629-5,Fasting glucose [Moles/volume] in Blood
14771-0,Fasting glucose [Moles/volume] in Serum or Plasma
53114-5,Fasting glucose [Moles/volume] in Urine
101476-0,Fasting glucose [Moles/volume] in Venous blood
16913-6,Fasting glucose [Presence] in Urine
88978-2,Fat [Presence] in Urine sediment
75100-8,Fatty acids [Entitic substance] in Red Blood Cells
17079-5,Fatty acids.long chain [Identifier] in Serum or Plasma
88975-8,Fatty casts [#/area] in Urine sediment
109943-1,Feline herpesvirus 1 Ab [Measurement] in Serum
43036-3,Feline herpesvirus Ab [Titer] in Serum
31387-4,Feline herpesvirus Ab [Units/volume] in Serum
23739-6,Feline syncytial virus Ab [Titer] in Serum
31394-0,Feline syncytial virus Ab [Units/volume] in Serum
48141-6,Ferritin [Entitic mass] in Red Blood Cells
14724-9,Ferritin [Interpretation] in Blood
35209-6,Ferritin [Mass or Moles/volume] in Serum or Plasma
24373-3,Ferritin [Mass/volume] in Blood
2276-4,Ferritin [Mass/volume] in Serum or Plasma
110280-5,Ferritin [Measurement] in Serum or Plasma
14723-1,Ferritin [Moles/volume] in Serum or Plasma
55730-6,Fetal blood [Volume] in Blood
30009-5,Fibrin+Fibrinogen fragments [Mass/volume] in Serum
109365-7,Fibrin+Fibrinogen fragments [Measurement] in Serum
13054-2,Fibrin+Fibrinogen fragments [Units/volume] in Urine
56784-2,Fibrinogen fragments [Mass/volume] in Urine
46699-5,Fibroblast growth factor 23 [Units/volume] in Plasma
105110-1,Fine Granular Casts [#/area] in Urine sediment
53647-4,Flavin adenine dinucleotide [Mass/volume] in Blood
2281-4,Flavin adenine dinucleotide [Mass/volume] in Serum
78991-7,Flavin adenine dinucleotide [Moles/volume] in Blood
80642-2,Floxacillin Free [Mass/volume] in Serum or Plasma
113479-0,Flubromazepam/Creatinine [Mass Ratio] in Urine
113185-3,Flubromazolam/Creatinine [Mass Ratio] in Urine
25913-5,Fluoride/Creatinine [Molar ratio] in 24 hour Urine
50850-7,Fluoride/Creatinine [Molar ratio] in Urine
101853-0,Fluticasone propionate [Moles/volume] in Urine
14903-9,Folate [Interpretation] in Blood
35210-4,Folate [Mass or Moles/volume] in Serum or Plasma
2282-2,Folate [Mass/volume] in Blood
2283-0,Folate [Mass/volume] in Red Blood Cells
2284-8,Folate [Mass/volume] in Serum or Plasma
109569-4,Folate [Measurement] in Blood
108704-8,Folate [Measurement] in Serum or Plasma
25415-1,Folate [Moles/volume] in Blood
14731-4,Folate [Moles/volume] in Red Blood Cells
14732-2,Folate [Moles/volume] in Serum or Plasma
27088-4,Folate [Presence] in Blood
29155-9,Follitropin/Creatinine [Ratio] in 24 hour Urine
25100-9,Formate/Creatinine [Molar ratio] in Urine
64417-9,Fragile X protein (FMRP) [Interpretation] in Blood
721-1,Free Hemoglobin [Mass/volume] in Plasma
4635-9,Free Hemoglobin [Mass/volume] in Serum
4636-7,Free Hemoglobin [Mass/volume] in Urine
109623-9,Free Hemoglobin [Measurement] in Plasma
25433-4,Free Hemoglobin [Moles/volume] in Plasma
720-3,Free Hemoglobin [Presence] in Plasma
33411-0,Free Hemoglobin [Presence] in Urine
2293-9,Fructokinase [Enzymatic activity/volume] in Serum
53550-0,Fructosamine/Protein [Ratio] in Serum or Plasma
25101-7,Fumarate/Creatinine [Molar ratio] in Urine
35589-1,Furoate/Creatinine [Mass Ratio] in Urine
109386-3,GABABR Ab [Measurement] in Serum
108698-2,GABABR IgG Ab [Measurement] in Serum or Plasma
80095-3,Galactosamine/Creatinine [Molar ratio] in Urine
33360-9,Galactose 1 phosphate [Mass/mass] in Red Blood Cells
38485-9,Galactose 1 phosphate [Moles/mass] in Red Blood Cells
49219-9,Galactose [Mass/volume] in Red Blood Cells
13744-8,Galactose/Creatinine [Mass Ratio] in Urine
25102-5,Galactose/Creatinine [Molar ratio] in Urine
60076-7,Gallium [Mass/volume] in Red Blood Cells
27914-1,Gamma aminoadipate [Moles/time] in 24 hour Urine
6882-5,Gamma aminobutyrate [Mass/time] in 24 hour Urine
2318-4,Gamma aminobutyrate [Mass/volume] in Serum or Plasma
2319-2,Gamma aminobutyrate [Mass/volume] in Urine
25427-6,Gamma aminobutyrate [Moles/time] in 24 hour Urine
25914-3,Gamma aminobutyrate [Moles/volume] in 24 hour Urine
72422-9,Gamma aminobutyrate [Moles/volume] in Blood from Fetus
26609-8,Gamma aminobutyrate [Moles/volume] in Serum or Plasma
27911-7,Gamma aminobutyrate [Moles/volume] in Urine
26804-5,Gamma aminobutyrate [Presence] in 24 hour Urine
2317-6,Gamma aminobutyrate [Presence] in Serum or Plasma
16882-3,Gamma aminobutyrate [Presence] in Urine
13695-2,Gamma aminobutyrate/Creatinine [Mass Ratio] in Urine
26581-9,Gamma aminobutyrate/Creatinine [Molar ratio] in Urine
28593-2,Gamma aminobutyrate/Creatinine [Ratio] in Urine
79308-3,Gamma butyrobetaine [Moles/volume] in Serum or Plasma
79311-7,Gamma butyrobetaine/Creatinine [Molar ratio] in Urine
11096-5,Gamma chlordane [Mass/volume] in Serum or Plasma
16888-0,Gamma chlordane [Mass/volume] in Urine
9831-9,Gamma globulin [Mass/time] in 24 hour Urine
6890-8,Gamma globulin [Mass/volume] in 24 hour Urine
104813-1,Gamma globulin [Mass/volume] in Serum or Plasma
29899-2,Gamma globulin [Presence] in 24 hour Urine
28038-8,Gamma hydroxybutyrate [Mass/volume] in Blood
28041-2,Gamma hydroxybutyrate [Mass/volume] in Serum or Plasma
28044-6,Gamma hydroxybutyrate [Mass/volume] in Urine
110649-1,Gamma hydroxybutyrate [Measurement] in Serum or Plasma
111175-6,Gamma hydroxybutyrate [Measurement] in Urine
74920-0,Gamma hydroxybutyrate [Moles/volume] in Blood
68440-7,Gamma hydroxybutyrate [Moles/volume] in Urine
46085-7,Gamma hydroxybutyrate [Presence] in Serum or Plasma
29868-7,Gamma hydroxybutyrate [Presence] in Urine
44358-0,Gamma hydroxybutyrate/Creatinine [Mass Ratio] in Urine
105068-1,Gamma interferon background [Units/volume] in Blood
63370-1,Gamma tocopherol [Mass/volume] in Serum or Plasma
59205-5,Gamma tocopherol [Moles/volume] in Serum or Plasma
80639-8,Gamma-amanitin [Mass/volume] in Urine
42203-0,Ganglioside GM1 Ab [Titer] in Serum
31501-0,Ganglioside GM1 IgG+IgM Ab [Presence] in Serum
31500-2,Ganglioside GM1 IgG+IgM Ab [Units/volume] in Serum
109382-2,Ganglioside GM2 IgG+IgM Ab [Measurement] in Serum
109380-6,Ganglioside GM3 IgG Ab [Measurement] in Serum
109379-8,Ganglioside GM3 IgM Ab [Measurement] in Serum
80971-5,Gentamicin free [Mass/volume] in Serum or Plasma
60080-9,Germanium [Mass/volume] in Red Blood Cells
105871-8,Giant platelets [Presence] in Blood
110829-9,Glial nuclear type 1 Ab [Measurement] in Serum
80098-7,Glucosamine/Creatinine [Molar ratio] in Urine
35211-2,Glucose [Mass or Moles/volume] in Serum or Plasma
35212-0,Glucose [Mass or Moles/volume] in Urine
2351-5,Glucose [Mass/time] in 24 hour Urine
21305-8,Glucose [Mass/volume] in 24 hour Urine
41651-1,Glucose [Mass/volume] in Arterial blood
2339-0,Glucose [Mass/volume] in Blood
87422-2,Glucose [Mass/volume] in Blood --post meal
88365-2,Glucose [Mass/volume] in Blood --pre-meal
32016-8,Glucose [Mass/volume] in Capillary blood
40858-3,Glucose [Mass/volume] in Capillary blood --baseline
2345-7,Glucose [Mass/volume] in Serum or Plasma
1547-9,Glucose [Mass/volume] in Serum or Plasma --baseline
16915-1,Glucose [Mass/volume] in Serum or Plasma --post meal
53049-3,Glucose [Mass/volume] in Serum or Plasma --pre-meal
74774-1,"Glucose [Mass/volume] in Serum, Plasma or Blood"
48036-8,Glucose [Mass/volume] in Stool
2350-7,Glucose [Mass/volume] in Urine
1555-2,Glucose [Mass/volume] in Urine --12 hours fasting
41652-9,Glucose [Mass/volume] in Venous blood
93791-2,Glucose [Mass/volume] mean in Serum or Plasma
109485-3,Glucose [Measurement] in Arterial blood
110939-6,Glucose [Measurement] in Blood
109888-8,Glucose [Measurement] in Capillary blood
110283-9,Glucose [Measurement] in Serum or Plasma
110643-4,Glucose [Measurement] in Stool
108027-4,Glucose [Measurement] in Urine
109529-8,Glucose [Measurement] in Venous blood
15077-1,Glucose [Moles/time] in 24 hour Urine
25916-8,Glucose [Moles/volume] in 24 hour Urine
39481-7,Glucose [Moles/volume] in Arterial blood
15074-8,Glucose [Moles/volume] in Blood
51596-5,Glucose [Moles/volume] in Capillary blood
14749-6,Glucose [Moles/volume] in Serum or Plasma
14768-6,Glucose [Moles/volume] in Serum or Plasma --baseline
53094-9,Glucose [Moles/volume] in Serum or Plasma --post meal
40193-5,Glucose [Moles/volume] in Serum or Plasma --pre-meal
77135-2,"Glucose [Moles/volume] in Serum, Plasma or Blood"
47620-0,Glucose [Moles/volume] in Stool
15076-3,Glucose [Moles/volume] in Urine
39480-9,Glucose [Moles/volume] in Venous blood
32174-5,Glucose [Presence] in 24 hour Urine
51595-7,Glucose [Presence] in Stool
2349-9,Glucose [Presence] in Urine
2358-0,Glucose-6-Phosphate dehydrogenase [Presence] in Serum
6883-3,Glucose.protein bound [Mass/volume] in Serum or Plasma
57004-4,Glucose/Creatinine [Mass Ratio] in 24 hour Urine
33352-6,Glucose/Creatinine [Mass Ratio] in Urine
110522-0,Glucose/Creatinine [Measurement] in Urine
99602-5,Glucose/Creatinine [Molar ratio] in 24 hour Urine
34312-9,Glucose/Creatinine [Molar ratio] in Urine
40488-9,Glucose/Creatinine [Ratio] in Urine
43740-0,Glucose/Insulin [Mass Ratio] in Serum or Plasma
62418-9,Glucose/Insulin [Ratio] in Serum or Plasma
44037-0,Glucosylceramidase [Presence] in Blood
58451-6,Glutamate decarboxylase 65 Ab [Mass/volume] in Serum
111335-6,Glutamate decarboxylase 65 Ab [Measurement] in Serum
30347-9,Glutamate decarboxylase 65 Ab [Moles/volume] in Serum
13926-1,Glutamate decarboxylase 65 Ab [Units/volume] in Serum
13746-3,Glutamate/Creatinine [Mass Ratio] in Urine
22711-6,Glutamate/Creatinine [Molar ratio] in Urine
30059-0,Glutamate/Creatinine [Ratio] in Urine
44362-2,Glutamine/Creatinine [Mass Ratio] in 24 hour Urine
25920-0,Glutamine/Creatinine [Molar ratio] in 24 hour Urine
13748-9,Glutarate/Creatinine [Mass Ratio] in Urine
2383-8,Glutathione [Mass/volume] in Red Blood Cells
109632-0,Glutathione reductase [Measurement] in Red Blood Cells
29281-3,Glutathione reductase [Presence] in Red Blood Cells
2381-2,Glutathione.oxidized [Mass/volume] in Red Blood Cells
47631-7,Glutathione.oxidized [Moles/mass] in Red Blood Cells
2382-0,Glutathione.reduced [Mass/volume] in Red Blood Cells
48111-9,Glutathione.reduced [Moles/mass] in Red Blood Cells
48112-7,Glutathione.reduced [Units/mass] in Red Blood Cells
13749-7,Glycerate/Creatinine [Mass Ratio] in Urine
13751-3,Glycolate/Creatinine [Mass Ratio] in Urine
25106-6,Glycolate/Creatinine [Molar ratio] in Urine
110526-1,Glycosaminoglycans/Creatinine [Measurement] in Urine
60082-5,Gold [Mass/volume] in Red Blood Cells
10336-6,Gonadotropin peptide [Mass/volume] in Urine
13481-7,Gonadotropin peptide/Creatinine [Mass Ratio] in Urine
105086-3,Granular casts [#/area] in Urine
88974-1,Granular casts [#/area] in Urine sediment
113446-9,guaiFENesin/Creatinine [Mass Ratio] in Urine
78695-4,Guanine/Creatinine [Molar ratio] in Urine
109328-5,Haemophilus influenzae Ab [Measurement] in Serum
16928-4,Hantavirus puumala IgG+IgM Ab [Units/volume] in Serum
48068-1,Heinz bodies [Presence] in Blood
35183-3,Hemoglobin [Mass or Moles/volume] in Plasma
27396-1,Hemoglobin [Mass/mass] in Stool from gastrointestinal
30313-1,Hemoglobin [Mass/volume] in Arterial blood
718-7,Hemoglobin [Mass/volume] in Blood
61180-6,Hemoglobin [Mass/volume] in Blood from Fetus
30352-9,Hemoglobin [Mass/volume] in Capillary blood
726-0,Hemoglobin [Mass/volume] in Urine
30350-3,Hemoglobin [Mass/volume] in Venous blood
109484-6,Hemoglobin [Measurement] in Arterial blood
110885-1,Hemoglobin [Measurement] in Blood
109886-2,Hemoglobin [Measurement] in Venous blood
75928-2,Hemoglobin [Moles/volume] in Arterial blood
59260-0,Hemoglobin [Moles/volume] in Blood
93846-4,Hemoglobin [Moles/volume] in Venous blood
717-9,Hemoglobin [Presence] in Blood
2335-8,Hemoglobin [Presence] in Stool from gastrointestinal
725-2,Hemoglobin [Presence] in Urine
41995-2,Hemoglobin A1c [Mass/volume] in Blood
28559-3,Hemoglobin A2 [Presence] in Blood
4560-9,Hemoglobin Bethesda [Presence] in Blood
4564-1,Hemoglobin C - Harlem [Presence] in Blood
40720-5,Hemoglobin C [Presence] in Blood
4572-4,Hemoglobin Denver [Presence] in Blood
46423-0,Hemoglobin distribution width [Mass/volume] in Blood
53857-9,Hemoglobin F [Mass/volume] in Blood
110938-8,Hemoglobin F [Measurement] in Blood
4579-9,Hemoglobin F [Presence] in Blood
109575-1,Hemoglobin H [Measurement] in Blood
40547-2,Hemoglobin H [Presence] in Blood
4597-1,Hemoglobin J - Capetown [Presence] in Blood
4600-3,Hemoglobin Kansas [Presence] in Blood
4603-7,Hemoglobin Koln [Presence] in Blood
4606-0,Hemoglobin M - Boston [Presence] in Blood
4608-6,Hemoglobin M - Iwate [Presence] in Blood
4609-4,Hemoglobin M - Milwaukee [Presence] in Blood
4610-2,Hemoglobin M - Saskatoon [Presence] in Blood
53224-2,Hemoglobin M [Presence] in Blood
12710-0,Hemoglobin pattern [Interpretation] in Blood
49317-1,Hemoglobin pattern [Interpretation] in Blood Narrative
4619-3,Hemoglobin Ranier [Presence] in Blood
4621-9,Hemoglobin S [Presence] in Blood
4626-8,Hemoglobin Yakima [Presence] in Blood
4627-6,Hemoglobin Yoshizuka [Presence] in Blood
4628-4,Hemoglobin Ypsilanti [Presence] in Blood
106876-6,Hemoglobin-haptoglobin complex [Mass/volume] in Stool
73984-7,Hemoglobin.other [Type] in Blood
53776-1,Hepatitis A virus Ab [Interpretation] in Serum
109972-0,Hepatitis A virus Ab [Measurement] in Serum
20575-7,Hepatitis A virus Ab [Presence] in Serum
22312-3,Hepatitis A virus Ab [Units/volume] in Serum
110833-1,Hepatitis A virus IgG Ab [Measurement] in Serum
32018-4,Hepatitis A virus IgG Ab [Presence] in Serum
22313-1,Hepatitis A virus IgG Ab [Units/volume] in Serum
51913-2,Hepatitis A virus IgG+IgM Ab [Presence] in Serum
110832-3,Hepatitis A virus IgM Ab [Measurement] in Serum
22314-9,Hepatitis A virus IgM Ab [Presence] in Serum
104412-2,Hepatitis A virus IgM Ab [Titer] in Serum
22315-6,Hepatitis A virus IgM Ab [Units/volume] in Serum
109333-5,Hepatitis B virus core Ab [Measurement] in Serum
16933-4,Hepatitis B virus core Ab [Presence] in Serum
22316-4,Hepatitis B virus core Ab [Units/volume] in Serum
109969-6,Hepatitis B virus core IgG Ab [Measurement] in Serum
32685-0,Hepatitis B virus core IgG Ab [Presence] in Serum
22318-0,Hepatitis B virus core IgG Ab [Units/volume] in Serum
51914-0,Hepatitis B virus core IgG+IgM Ab [Presence] in Serum
109334-3,Hepatitis B virus core IgM Ab [Measurement] in Serum
31204-1,Hepatitis B virus core IgM Ab [Presence] in Serum
22319-8,Hepatitis B virus core IgM Ab [Units/volume] in Serum
32686-8,Hepatitis B virus DNA [Mass/volume] in Serum
110965-1,Hepatitis B virus DNA [Measurement] in Serum
111268-9,Hepatitis B virus DNA [Measurement] in Serum or Plasma
11258-1,Hepatitis B virus DNA [Units/volume] in Serum
109968-8,Hepatitis B virus e Ab [Measurement] in Serum
22320-6,Hepatitis B virus e Ab [Presence] in Serum
22321-4,Hepatitis B virus e Ab [Units/volume] in Serum
110828-1,Hepatitis B virus e Ag [Measurement] in Serum
31844-4,Hepatitis B virus e Ag [Presence] in Serum
32178-6,Hepatitis B virus e Ag [Titer] in Serum
31845-1,Hepatitis B virus e Ag [Units/volume] in Serum
41151-2,Hepatitis B virus e IgG Ab [Presence] in Serum
110964-4,Hepatitis B virus surface Ab [Measurement] in Serum
22322-2,Hepatitis B virus surface Ab [Presence] in Serum
32019-2,Hepatitis B virus surface Ab [Titer] in Serum
16935-9,Hepatitis B virus surface Ab [Units/volume] in Serum
109335-0,Hepatitis B virus surface Ag [Measurement] in Serum
5195-3,Hepatitis B virus surface Ag [Presence] in Serum
58452-4,Hepatitis B virus surface Ag [Units/volume] in Serum
49177-9,Hepatitis B virus surface IgG Ab [Presence] in Serum
22324-8,Hepatitis C virus 100-3 Ab [Presence] in Serum
22325-5,Hepatitis C virus 22-3 Ab [Presence] in Serum
22326-3,Hepatitis C virus 5-1-1 Ab [Presence] in Serum
109963-9,Hepatitis C virus Ab [Measurement] in Serum
16128-1,Hepatitis C virus Ab [Presence] in Serum
47441-1,Hepatitis C virus Ab [Presence] in Serum from Donor
22327-1,Hepatitis C virus Ab [Units/volume] in Serum
22329-7,Hepatitis C virus c33c Ab [Presence] in Serum
81116-6,Hepatitis C virus core Ab+Ag [Presence] in Serum
109962-1,Hepatitis C virus IgG Ab [Measurement] in Serum
16129-9,Hepatitis C virus IgG Ab [Presence] in Serum
16936-7,Hepatitis C virus IgG Ab [Units/volume] in Serum
53376-0,Hepatitis C virus IgM Ab [Units/volume] in Serum
111469-3,Hepatitis C virus RNA [Measurement] in Serum or Plasma
110834-9,Hepatitis D virus Ab [Measurement] in Serum
13248-0,Hepatitis D virus Ab [Presence] in Serum
22330-5,Hepatitis D virus Ab [Units/volume] in Serum
43281-5,Hepatitis D virus Ag [Mass/volume] in Serum
43280-7,Hepatitis D virus Ag [Mass/volume] in Urine
109965-4,Hepatitis D virus Ag [Measurement] in Serum
33464-9,Hepatitis D virus Ag [Presence] in Serum
109967-0,Hepatitis D virus IgG Ab [Measurement] in Serum
35283-1,Hepatitis D virus IgG Ab [Presence] in Serum
51458-8,Hepatitis D virus IgG Ab [Units/volume] in Serum
109966-2,Hepatitis D virus IgM Ab [Measurement] in Serum
34597-5,Hepatitis D virus IgM Ab [Presence] in Serum
9525-7,Hepatitis D virus IgM Ab [Units/volume] in Serum
108715-4,Hepatitis D virus RNA [Measurement] in Serum or Plasma
109964-7,Hepatitis E virus Ab [Measurement] in Serum
13294-4,Hepatitis E virus Ab [Presence] in Serum
51459-6,Hepatitis E virus Ab [Units/volume] in Serum
14211-7,Hepatitis E virus IgG Ab [Presence] in Serum
14212-5,Hepatitis E virus IgM Ab [Presence] in Serum
51798-7,Hepatitis E virus IgM Ab [Units/volume] in Serum
108714-7,Hepatitis E virus RNA [Measurement] in Serum or Plasma
49777-6,Hepatitis G virus Ab [Units/volume] in Serum
55166-3,Hepatitis G virus E2 Ab [Presence] in Serum
110963-6,Herpes simplex virus 1 Ab [Measurement] in Serum
43111-4,Herpes simplex virus 1 Ab [Presence] in Serum
43031-4,Herpes simplex virus 1 Ab [Titer] in Serum
7908-7,Herpes simplex virus 1 Ab [Units/volume] in Serum
109577-7,Herpes simplex virus 1 DNA [Measurement] in Blood
110835-6,Herpes simplex virus 1 IgG Ab [Measurement] in Serum
17850-9,Herpes simplex virus 1 IgG Ab [Presence] in Serum
7909-5,Herpes simplex virus 1 IgG Ab [Units/volume] in Serum
110970-1,Herpes simplex virus 1 IgM Ab [Measurement] in Serum
32687-6,Herpes simplex virus 1 IgM Ab [Presence] in Serum
21326-4,Herpes simplex virus 1 IgM Ab [Titer] in Serum
7910-3,Herpes simplex virus 1 IgM Ab [Units/volume] in Serum
44480-2,Herpes simplex virus 1+2 Ab [Presence] in Serum
110969-3,Herpes simplex virus 1+2 IgG Ab [Measurement] in Serum
36921-5,Herpes simplex virus 1+2 IgG Ab [Presence] in Serum
34613-0,Herpes simplex virus 1+2 IgG Ab [Titer] in Serum
110968-5,Herpes simplex virus 1+2 IgM Ab [Measurement] in Serum
41149-6,Herpes simplex virus 1+2 IgM Ab [Presence] in Serum
34152-9,Herpes simplex virus 1+2 IgM Ab [Titer] in Serum
111331-5,Herpes simplex virus 2 Ab [Measurement] in Serum
16954-0,Herpes simplex virus 2 Ab [Presence] in Serum
43028-0,Herpes simplex virus 2 Ab [Titer] in Serum
7911-1,Herpes simplex virus 2 Ab [Units/volume] in Serum
109576-9,Herpes simplex virus 2 DNA [Measurement] in Blood
110827-3,Herpes simplex virus 2 IgG Ab [Measurement] in Serum
17851-7,Herpes simplex virus 2 IgG Ab [Presence] in Serum
24014-3,Herpes simplex virus 2 IgG Ab [Titer] in Serum
7912-9,Herpes simplex virus 2 IgG Ab [Units/volume] in Serum
111332-3,Herpes simplex virus 2 IgM Ab [Measurement] in Serum
32688-4,Herpes simplex virus 2 IgM Ab [Presence] in Serum
21327-2,Herpes simplex virus 2 IgM Ab [Titer] in Serum
7913-7,Herpes simplex virus 2 IgM Ab [Units/volume] in Serum
111362-0,Herpes simplex virus Ab [Measurement] in Serum
22339-6,Herpes simplex virus Ab [Presence] in Serum
22341-2,Herpes simplex virus Ab [Titer] in Serum
7907-9,Herpes simplex virus Ab [Units/volume] in Serum
31853-5,Herpes simplex virus Ag [Presence] in Serum
110967-7,Herpes simplex virus IgG Ab [Measurement] in Serum
111360-4,Herpes simplex virus IgM Ab [Measurement] in Serum
22343-8,Herpes simplex virus IgM Ab [Titer] in Serum
109309-5,Herpes virus 6 Ab [Measurement] in Serum
44519-7,Herpes virus 6 Ab [Presence] in Serum
53378-6,Herpes virus 6 Ab [Units/volume] in Serum
109866-4,Herpes virus 6 DNA [Measurement] in Blood
110277-1,Herpes virus 6 DNA [Measurement] in Serum or Plasma
111361-2,Herpes virus 6 IgG Ab [Measurement] in Serum
41148-8,Herpes virus 6 IgG Ab [Presence] in Serum
41496-1,Herpes virus 6 IgG Ab [Titer] in Serum
5211-8,Herpes virus 6 IgG Ab [Units/volume] in Serum
13250-6,Herpes virus 6 IgG+IgM Ab [Units/volume] in Serum
110966-9,Herpes virus 6 IgM Ab [Measurement] in Serum
41147-0,Herpes virus 6 IgM Ab [Presence] in Serum
32182-8,Herpes virus 6 IgM Ab [Titer] in Serum
5212-6,Herpes virus 6 IgM Ab [Units/volume] in Serum
109583-5,Herpes virus 7 DNA [Measurement] in Blood
109312-9,Herpes virus 7 IgG Ab [Measurement] in Serum
43023-1,Herpes virus 7 IgG Ab [Titer] in Serum
31416-1,Herpes virus 7 IgG Ab [Units/volume] in Serum
109311-1,Herpes virus 7 IgM Ab [Measurement] in Serum
43022-3,Herpes virus 7 IgM Ab [Titer] in Serum
31417-9,Herpes virus 7 IgM Ab [Units/volume] in Serum
39083-1,Herpes virus 8 Ab [Presence] in Serum
109582-7,Herpes virus 8 DNA [Measurement] in Blood
110276-3,Herpes virus 8 DNA [Measurement] in Serum or Plasma
111334-9,Herpes virus 8 IgG Ab [Measurement] in Serum
111333-1,Heterophile Ab [Measurement] in Serum
31418-7,Heterophile Ab [Presence] in Serum
43020-7,Heterophile Ab [Titer] in Serum
11610-3,Heterophile Ab [Units/volume] in Serum
22344-6,Heterophile Ab after absorption [Titer] in Serum
16966-4,Hexachloroethane [Mass/volume] in Blood
110431-4,Hexanoylglycine/Creatinine [Measurement] in Urine
24438-4,Hexanoylglycine/Creatinine [Molar ratio] in Urine
49903-8,Hippurate/Creatinine [Molar ratio] in 24 hour Urine
29528-7,Hippurate/Creatinine [Molar ratio] in Urine
56649-7,Hippurate/Creatinine [Ratio] in 24 hour Urine
13755-4,Histamine/Creatinine [Mass Ratio] in Urine
110527-9,Histamine/Creatinine [Measurement] in Urine
44371-3,Histamine/Creatinine [Molar ratio] in Urine
43577-6,Histamine/Creatinine [Ratio] in Urine
25927-5,Histidine/Creatinine [Molar ratio] in 24 hour Urine
56683-6,Histidine/Creatinine [Ratio] in 24 hour Urine
109975-3,Histone IgG Ab [Measurement] in Serum
110802-6,HIV 1 Ab [Measurement] in Saliva (oral fluid)
109978-7,HIV 1 Ab [Measurement] in Serum
108717-0,HIV 1 Ab [Measurement] in Serum or Plasma
108679-2,"HIV 1 Ab [Measurement] in Serum, Plasma or Blood"
41145-4,HIV 1 Ab [Presence] in Capillary blood
41144-7,HIV 1 Ab [Presence] in Saliva (oral fluid)
7917-8,HIV 1 Ab [Presence] in Serum
21007-0,HIV 1 Ab [Presence] in Serum from Donor
41143-9,HIV 1 Ab [Units/volume] in Saliva (oral fluid)
22356-0,HIV 1 Ab [Units/volume] in Serum
104732-3,HIV 1 Ab band pattern [Interpretation] in Serum
24012-7,HIV 1 Ag [Presence] in Serum
44531-2,HIV 1 Ag [Presence] in Serum from Donor
16976-3,HIV 1 Ag [Units/volume] in Serum
42768-2,HIV 1 and 2 Ab [Interpretation] in Serum Narrative
44532-0,HIV 1 gp120 Ab [Presence] in Serum
43013-2,HIV 1 gp120+gp160 Ab [Presence] in Serum
43012-4,HIV 1 gp41 Ab [Presence] in Serum
16975-5,HIV 1 IgG Ab [Presence] in Serum
32842-7,HIV 1 p17+p18 Ab [Presence] in Serum
43011-6,HIV 1 p24 Ab [Presence] in Serum
16978-9,HIV 1 p24 Ab [Units/volume] in Serum
9821-0,HIV 1 p24 Ag [Presence] in Serum
9665-1,HIV 1 p24 Ag [Units/volume] in Serum
109581-9,HIV 1 proviral DNA [Measurement] in Blood
21333-0,HIV 1 RNA [#/volume] in Serum
24013-5,HIV 1 RNA [Interpretation] in Serum
109857-3,HIV 1 RNA [Measurement] in Plasma
111468-5,HIV 1 RNA [Measurement] in Serum or Plasma
80688-5,HIV 1 RNA tropism [Identifier] in Plasma
57182-8,HIV 1 RNA tropism [Identifier] in Plasma Narrative
53923-9,HIV 1 tropism [Identifier] in Blood Narrative
7918-6,HIV 1+2 Ab [Presence] in Serum
44533-8,HIV 1+2 Ab [Presence] in Serum from Donor
22357-8,HIV 1+2 Ab [Units/volume] in Serum
112693-7,HIV 1+2 Ab and HIV1 p24 Ag [Identifier] in Serum
105080-6,HIV 1+2 Ab+HIV1 p24 Ag [Presence] in Serum or Plasma
43009-0,HIV 1+2 IgG Ab [Presence] in Serum
43008-2,HIV 1+2 IgM Ab [Units/volume] in Serum
48345-3,HIV 1+O+2 Ab [Presence] in Serum or Plasma
48346-1,HIV 1+O+2 Ab [Units/volume] in Serum or Plasma
109317-8,HIV 2 Ab [Measurement] in Serum
7919-4,HIV 2 Ab [Presence] in Serum
22358-6,HIV 2 Ab [Units/volume] in Serum
33807-9,HIV 2 IgG Ab [Presence] in Serum
108719-6,HIV 2 RNA [Measurement] in Serum or Plasma
34960-5,HLA Ab [Identifier] in Serum or Plasma
110826-5,HLA Ab [Measurement] in Serum
44534-6,HLA Ab [Presence] in Serum
50968-7,HLA Ab [Type] in Serum
40734-6,HLA Ab [Units/volume] in Serum
46997-3,HLA Ab cells tested [#] in Serum
46996-5,HLA Ab positive cells [#] in Serum
33617-2,HLA-DR+ cells [#/volume] in Blood
72160-5,Holo-transcobalamin II [Moles/volume] in Serum
79592-2,Homocitrulline/Creatinine [Molar ratio] in Urine
48115-0,Homocysteine.free/Creatinine [Molar ratio] in Urine
13758-8,Homocysteine/Creatinine [Mass Ratio] in Urine
108392-2,Homocysteine/Creatinine [Measurement] in Urine
33937-4,Homocystine Free [Moles/volume] in Serum or Plasma
33936-6,Homocystine Free [Moles/volume] in Urine
44378-8,Homocystine/Creatinine [Mass Ratio] in 24 hour Urine
56682-8,Homocystine/Creatinine [Ratio] in 24 hour Urine
20398-4,Homogenous nuclear Ab pattern [Titer] in Serum
51705-2,Homogentisate [Mass/time] in 24 hour Urine
51800-1,Homogentisate [Mass/volume] in 24 hour Urine
2433-1,Homogentisate [Mass/volume] in Urine
110427-2,Homogentisate [Measurement] in Urine
2432-3,Homogentisate [Presence] in Urine
47650-7,Homogentisate/Creatinine [Molar ratio] in Urine
11144-3,Homovanillate [Mass/volume] in Urine
111403-2,Homovanillate [Measurement] in Urine
13760-4,Homovanillate/Creatinine [Mass Ratio] in 24 hour Urine
11146-8,Homovanillate/Creatinine [Mass Ratio] in Urine
110528-7,Homovanillate/Creatinine [Measurement] in Urine
7416-1,Horn beam IgE Ab [Units/volume] in Serum
99451-7,Horn beam IgG4 Ab [Mass/volume] in Serum
53952-8,HPA 1b/1b+Gp IIb/IIa [Presence] in Blood
53951-0,HPA 1b/1b+HPA 3a/3a [Presence] in Blood
53953-6,HPA 5a/5a+Gp Ia/IIa [Presence] in Blood
50599-0,HPA-1 [Type] in Blood
50598-2,HPA-15 [Type] in Blood
50596-6,HPA-1a [Type] in Blood
50597-4,HPA-2 [Type] in Blood
50600-6,HPA-3 [Type] in Blood
50601-4,HPA-4 [Type] in Blood
50602-2,HPA-5 [Type] in Blood
50603-0,HPA-6 [Type] in Blood
88966-7,Hyaline casts [#/area] in Urine sediment
105091-3,Hyaline casts [#/volume] in Urine
111205-1,Hyaline casts [Measurement] in Urine sediment
105101-0,Hyaline casts [Presence] in Urine sediment
10903-3,Hyaluronidase Ab [Titer] in Serum
27312-8,HYDROcodone Free [Mass/mass] in Stool
73939-1,HYDROcodone Free [Mass/volume] in Blood
12786-0,HYDROcodone Free [Mass/volume] in Serum or Plasma
51738-3,HYDROcodone Free [Mass/volume] in Urine
46261-4,HYDROcodone Free [Presence] in Serum or Plasma
27314-4,HYDROmorphone Free [Mass/mass] in Stool
73940-9,HYDROmorphone Free [Mass/volume] in Blood
12787-8,HYDROmorphone Free [Mass/volume] in Serum or Plasma
51737-5,HYDROmorphone Free [Mass/volume] in Urine
2440-6,Hydroxocobalamin [Mass/volume] in Serum or Plasma
55885-8,Hydroxocobalamin [Mass/volume] in Urine
55881-7,Hydroxocobalamin [Moles/volume] in Serum or Plasma
55884-1,Hydroxocobalamin [Moles/volume] in Urine
25109-0,Hydroxylysine/Creatinine [Molar ratio] in Urine
2450-5,Hydroxyproline Free [Mass/time] in 24 hour Urine
2448-9,Hydroxyproline Free [Mass/volume] in Serum or Plasma
2449-7,Hydroxyproline Free [Mass/volume] in Urine
111167-3,Hydroxyproline Free [Measurement] in Urine
14784-3,Hydroxyproline Free [Moles/time] in 24 hour Urine
32022-6,Hydroxyproline Free [Moles/volume] in 24 hour Urine
56685-1,Hydroxyproline Free [Moles/volume] in Serum or Plasma
32183-6,Hydroxyproline Free [Moles/volume] in Urine
30139-0,Hydroxyproline Free [Presence] in 24 hour Urine
111224-2,Hydroxyproline/Creatinine [Measurement] in Urine
25110-8,Hydroxyproline/Creatinine [Molar ratio] in Urine
28601-3,Hydroxyproline/Creatinine [Ratio] in Urine
93329-1,Hyodeoxycholate [Moles/volume] in Serum or Plasma
6938-5,IgA [Mass/volume] in Saliva (oral fluid)
56121-7,IgA [Mass/volume] in Urine
111411-5,IgA [Measurement] in Urine
44389-5,IgA [Presence] in Serum
38487-5,IgA [Units/volume] in Serum
44585-8,IgA IgG Ab [Presence] in Serum or Plasma
13312-4,IgA IgG Ab [Units/volume] in Serum or Plasma
44586-6,IgA IgM Ab [Presence] in Serum or Plasma
74864-0,IgA.kappa [Mass/volume] in Serum or Plasma
74869-9,IgA.kappa/IgA.lambda [Mass Ratio] in Serum or Plasma
74865-7,IgA.lambda [Mass/volume] in Serum or Plasma
2459-6,IgA.monoclonal [Mass/volume] in Serum
109988-6,IgA.monoclonal [Measurement] in Serum
27019-9,IgA.monoclonal [Presence] in Serum
109231-1,IgA.secretory [Measurement] in Saliva (oral fluid)
33636-2,IgA.secretory [Units/volume] in Saliva (oral fluid)
2460-4,IgD [Mass/volume] in Serum
42510-8,IgD [Mass/volume] in Urine
109987-8,IgD [Measurement] in Serum
44592-4,IgD [Presence] in Serum
56688-5,IgD [Units/volume] in Serum
2461-2,IgD.monoclonal [Mass/volume] in Serum
2462-0,IgE [Mass/volume] in Serum
109986-0,IgE [Measurement] in Serum
108728-7,IgE [Measurement] in Serum or Plasma
14292-7,IgE [Moles/volume] in Serum
44594-0,IgE [Presence] in Serum
42512-4,IgE [Units/volume] in Urine
2463-8,IgE.monoclonal [Mass/volume] in Serum
55923-7,IgG [Mass/time] in 24 hour Urine
33415-1,IgG [Mass/volume] in Urine
110973-5,IgG [Measurement] in Serum
111447-9,IgG [Measurement] in Urine
76490-2,IgG [Moles/volume] in Urine
17007-6,IgG [Presence] in Serum
38488-3,IgG [Units/volume] in Serum
2466-1,IgG subclass 1 [Mass/volume] in Serum
2467-9,IgG subclass 2 [Mass/volume] in Serum
2468-7,IgG subclass 3 [Mass/volume] in Serum
2469-5,IgG subclass 4 [Mass/volume] in Serum
74862-4,IgG.kappa [Mass/volume] in Serum or Plasma
74868-1,IgG.kappa/IgG.lambda [Mass Ratio] in Serum or Plasma
74863-2,IgG.lambda [Mass/volume] in Serum or Plasma
26814-4,IgG.monoclonal [Mass/volume] in Serum
109984-5,IgG.monoclonal [Measurement] in Serum
27018-1,IgG.monoclonal [Presence] in Serum
6782-7,IgG/Albumin [Mass Ratio] in Serum
56123-3,IgM [Mass/volume] in Urine
111412-3,IgM [Measurement] in Urine
17009-2,IgM [Presence] in Serum
74866-5,IgM.kappa [Mass/volume] in Serum or Plasma
74870-7,IgM.kappa/IgM.lambda [Mass Ratio] in Serum or Plasma
74867-3,IgM.lambda [Mass/volume] in Serum or Plasma
2473-7,IgM.monoclonal [Mass/volume] in Serum
27020-7,IgM.monoclonal [Presence] in Serum
57844-3,Imatinib mesylate [Mass/volume] in Serum or Plasma
34910-0,Immature basophils [#/volume] in Blood
34912-6,Immature eosinophils [#/volume] in Blood
75652-8,Immature lymphocytes [Presence] in Blood
34924-1,Immature monocytes [#/volume] in Blood
74138-9,Immature monocytes [Presence] in Blood
14795-9,Immunoglobulin light chains [Interpretation] in Urine
1929-9,Immunoglobulin light chains [Mass/volume] in Urine
110580-8,Immunoglobulin light chains [Measurement] in Urine
11219-3,Immunoglobulin light chains [Presence] in Serum
1928-1,Immunoglobulin light chains [Presence] in Urine
56125-8,Immunoglobulin light chains.free [Presence] in Serum
14977-3,Immunoglobulin light chains.free [Type] in Urine
60089-0,Indium [Mass/volume] in Red Blood Cells
75067-9,Indole-3-Acetate [Moles/volume] in Serum or Plasma
48142-4,Indole-3-Acetate/Creatinine [Molar ratio] in Urine
53381-0,Influenza virus A Ab [Identifier] in Serum
108007-6,Influenza virus A Ab [Measurement] in Serum
22096-2,Influenza virus A Ab [Presence] in Serum
22365-1,Influenza virus A Ab [Titer] in Serum
24289-1,Influenza virus A Ab [Titer] in Serum --1st specimen
24290-9,Influenza virus A Ab [Titer] in Serum --2nd specimen
7920-2,Influenza virus A Ab [Units/volume] in Serum
7921-0,Influenza virus A Bangkok Ab [Units/volume] in Serum
7922-8,Influenza virus A England Ab [Units/volume] in Serum
47444-5,Influenza virus A H1 Ab [Titer] in Serum
47445-2,Influenza virus A H10 Ab [Titer] in Serum
47446-0,Influenza virus A H11 Ab [Titer] in Serum
47447-8,Influenza virus A H12 Ab [Titer] in Serum
47448-6,Influenza virus A H13 Ab [Titer] in Serum
47449-4,Influenza virus A H14 Ab [Titer] in Serum
47450-2,Influenza virus A H15 Ab [Titer] in Serum
51460-4,Influenza virus A H16 Ab [Titer] in Serum
47451-0,Influenza virus A H2 Ab [Titer] in Serum
47452-8,Influenza virus A H3 Ab [Titer] in Serum
47453-6,Influenza virus A H4 Ab [Titer] in Serum
109300-4,Influenza virus A H5 Ab [Measurement] in Serum
49525-9,Influenza virus A H5 Ab [Presence] in Serum
47454-4,Influenza virus A H5 Ab [Titer] in Serum
47455-1,Influenza virus A H6 Ab [Titer] in Serum
47456-9,Influenza virus A H7 Ab [Titer] in Serum
47457-7,Influenza virus A H8 Ab [Titer] in Serum
47458-5,Influenza virus A H9 Ab [Titer] in Serum
43851-5,Influenza virus A IgA Ab [Presence] in Serum
110823-2,Influenza virus A IgG Ab [Measurement] in Serum
43837-4,Influenza virus A IgG Ab [Presence] in Serum
9532-3,Influenza virus A IgG Ab [Titer] in Serum
31437-7,Influenza virus A IgG Ab [Units/volume] in Serum
110822-4,Influenza virus A IgM Ab [Measurement] in Serum
43838-2,Influenza virus A IgM Ab [Presence] in Serum
9533-1,Influenza virus A IgM Ab [Titer] in Serum
31438-5,Influenza virus A IgM Ab [Units/volume] in Serum
41142-1,Influenza virus A N1 Ab [Presence] in Serum
41141-3,Influenza virus A N2 Ab [Presence] in Serum
41140-5,Influenza virus A N3 Ab [Presence] in Serum
41139-7,Influenza virus A N4 Ab [Presence] in Serum
41138-9,Influenza virus A N5 Ab [Presence] in Serum
41137-1,Influenza virus A N6 Ab [Presence] in Serum
41136-3,Influenza virus A N7 Ab [Presence] in Serum
41135-5,Influenza virus A N8 Ab [Presence] in Serum
41134-8,Influenza virus A N9 Ab [Presence] in Serum
7928-5,Influenza virus A Texas Ab [Units/volume] in Serum
7929-3,Influenza virus A Victoria Ab [Units/volume] in Serum
110977-6,Influenza virus A+B Ab [Measurement] in Serum
44565-0,Influenza virus A+B Ab [Presence] in Serum
22366-9,Influenza virus A+B Ab [Titer] in Serum
7930-1,Influenza virus A+B Ab [Units/volume] in Serum
111424-8,Influenza virus B Ab [Measurement] in Serum
44570-0,Influenza virus B Ab [Presence] in Serum
22367-7,Influenza virus B Ab [Titer] in Serum
24291-7,Influenza virus B Ab [Titer] in Serum --1st specimen
24292-5,Influenza virus B Ab [Titer] in Serum --2nd specimen
7931-9,Influenza virus B Ab [Units/volume] in Serum
43852-3,Influenza virus B IgA Ab [Presence] in Serum
110821-6,Influenza virus B IgG Ab [Measurement] in Serum
43839-0,Influenza virus B IgG Ab [Presence] in Serum
9535-6,Influenza virus B IgG Ab [Titer] in Serum
17015-9,Influenza virus B IgG Ab [Units/volume] in Serum
110820-8,Influenza virus B IgM Ab [Measurement] in Serum
43840-8,Influenza virus B IgM Ab [Presence] in Serum
9536-4,Influenza virus B IgM Ab [Titer] in Serum
17016-7,Influenza virus B IgM Ab [Units/volume] in Serum
110819-0,Influenza virus C Ab [Measurement] in Serum
44579-1,Influenza virus C Ab [Presence] in Serum
22368-5,Influenza virus C Ab [Titer] in Serum
7932-7,Influenza virus C Ab [Units/volume] in Serum
23883-2,Inhibin A [Mass/volume] in Serum or Plasma
35738-4,Inhibin A [Multiple of the median] in Serum or Plasma
27014-0,Inhibin A [Presence] in Serum or Plasma
110273-0,Inhibin B [Measurement] in Serum or Plasma
39532-7,Inhibin B [Presence] in Serum or Plasma
30521-9,Inhibin B [Units/volume] in Serum or Plasma
2480-2,Inositol Free [Mass/volume] in Serum
74890-5,Inositol Free/Creatinine [Molar ratio] in Urine
3695-4,Insulin [Mass/volume] in Serum or Plasma
1570-1,Insulin [Mass/volume] in Serum or Plasma --baseline
110676-4,Insulin [Measurement] in Serum or Plasma
14796-7,Insulin [Moles/volume] in Serum or Plasma
14293-5,Insulin [Moles/volume] in Serum or Plasma --baseline
59179-2,Insulin [Moles/volume] in Serum or Plasma --fasting
93727-6,Insulin [Moles/volume] in Serum or Plasma --post meal
44396-0,Insulin [Presence] in Serum or Plasma
20448-7,Insulin [Units/volume] in Serum or Plasma
56482-3,Insulin [Units/volume] in Serum or Plasma --baseline
27873-9,Insulin [Units/volume] in Serum or Plasma --fasting
47862-8,Insulin [Units/volume] in Serum or Plasma --post meal
47670-5,Insulin [Units/volume] in Serum or Plasma --pre-meal
93793-8,Insulin [Units/volume] mean in Serum or Plasma
2482-8,Insulin Ab [Mass/volume] in Serum
111329-9,Insulin Ab [Measurement] in Serum
60463-7,Insulin Ab [Moles/volume] in Serum
2481-0,Insulin Ab [Presence] in Serum
11087-4,Insulin Ab [Titer] in Serum
8072-1,Insulin Ab [Units/volume] in Serum
109299-8,Insulin bovine Ab [Measurement] in Serum
44397-8,Insulin bovine Ab [Presence] in Serum
38489-1,Insulin bovine Ab [Titer] in Serum
8073-9,Insulin bovine Ab [Units/volume] in Serum
6147-3,Insulin bovine IgE Ab [Units/volume] in Serum
56197-7,Insulin bovine IgG4 Ab [Mass/volume] in Serum
43942-2,Insulin Free [Mass/volume] in Serum or Plasma
108829-3,Insulin Free [Measurement] in Serum or Plasma
25447-4,Insulin Free [Moles/volume] in Serum or Plasma
6901-3,Insulin Free [Units/volume] in Serum or Plasma
44462-0,Insulin Free+Bound [Presence] in Serum or Plasma
44317-6,Insulin human Ab [Presence] in Serum
8074-7,Insulin human Ab [Units/volume] in Serum
6148-1,Insulin human IgE Ab [Units/volume] in Serum
56292-6,Insulin human IgG4 Ab [Mass/volume] in Serum
56533-3,Insulin IgG Ab [Units/volume] in Serum
109298-0,Insulin porcine Ab [Measurement] in Serum
44318-4,Insulin porcine Ab [Presence] in Serum
38490-9,Insulin porcine Ab [Titer] in Serum
8075-4,Insulin porcine Ab [Units/volume] in Serum
6149-9,Insulin porcine IgE Ab [Units/volume] in Serum
56363-5,Insulin porcine IgG4 Ab [Mass/volume] in Serum
109297-2,Insulin receptor Ab [Measurement] in Serum
13633-3,Insulin receptor Ab [Presence] in Serum
13632-5,Insulin receptor Ab [Titer] in Serum
31439-3,Insulin receptor Ab [Units/volume] in Serum
32023-4,Insulin-like growth factor-I [Mass/volume] in Blood
13896-6,Insulin-like growth factor-I [Units/volume] in Blood
44319-2,Insulin.bound [Presence] in Serum or Plasma
34156-0,Insulin.bound [Units/volume] in Serum or Plasma
33820-2,Interferon alpha [Mass/volume] in Serum or Plasma
108734-5,Interferon alpha [Measurement] in Serum or Plasma
44320-0,Interferon alpha [Presence] in Serum or Plasma
12731-6,Interferon alpha [Units/volume] in Serum or Plasma
97051-7,Interferon beta [Mass/volume] in Serum or Plasma
12730-8,Interferon beta [Units/volume] in Serum or Plasma
108733-7,Interferon beta Ab [Measurement] in Serum or Plasma
27415-9,Interferon gamma [Mass/volume] in Serum or Plasma
12729-0,Interferon gamma [Units/volume] in Serum or Plasma
34407-7,Interleukin 1 [Mass/volume] in Serum or Plasma
4650-8,Interleukin 1 [Units/volume] in Serum or Plasma
33821-0,Interleukin 1 alpha [Mass/volume] in Serum or Plasma
13629-1,Interleukin 1 beta [Mass/volume] in Serum or Plasma
17022-5,Interleukin 1+2 [Units/volume] in Serum or Plasma
26848-2,Interleukin 10 [Mass/volume] in Serum or Plasma
41760-0,Interleukin 12 [Mass/volume] in Serum or Plasma
12732-4,Interleukin 12 [Units/volume] in Serum or Plasma
33822-8,Interleukin 13 [Mass/volume] in Serum or Plasma
98104-3,Interleukin 15 [Mass/volume] in Serum or Plasma
98105-0,Interleukin 16 [Mass/volume] in Serum or Plasma
82334-4,Interleukin 17A [Mass/volume] in Serum or Plasma
98098-7,Interleukin 17F [Mass/volume] in Serum or Plasma
33823-6,Interleukin 18 [Mass/volume] in Serum or Plasma
33939-0,Interleukin 2 [Mass/volume] in Serum or Plasma
4651-6,Interleukin 2 [Units/volume] in Serum or Plasma
98099-5,Interleukin 21 [Mass/volume] in Serum or Plasma
98100-1,Interleukin 22 [Mass/volume] in Serum or Plasma
98101-9,Interleukin 23 [Mass/volume] in Serum or Plasma
70079-9,Interleukin 3 [Mass/volume] in Serum or Plasma
4652-4,Interleukin 3 [Units/volume] in Serum or Plasma
98096-1,Interleukin 33 [Mass/volume] in Serum or Plasma
27161-9,Interleukin 4 [Mass/volume] in Serum or Plasma
4653-2,Interleukin 4 [Units/volume] in Serum or Plasma
33938-2,Interleukin 5 [Mass/volume] in Serum or Plasma
108731-1,Interleukin 5 [Measurement] in Serum or Plasma
44321-8,Interleukin 5 [Presence] in Serum or Plasma
4654-0,Interleukin 5 [Units/volume] in Serum or Plasma
26881-3,Interleukin 6 [Mass/volume] in Serum or Plasma
108730-3,Interleukin 6 [Measurement] in Serum or Plasma
44322-6,Interleukin 6 [Presence] in Serum or Plasma
4655-7,Interleukin 6 [Units/volume] in Serum or Plasma
70086-4,Interleukin 7 [Mass/volume] in Serum or Plasma
4656-5,Interleukin 7 [Units/volume] in Serum or Plasma
33211-4,Interleukin 8 [Mass/volume] in Serum or Plasma
98103-5,Interleukin 9 [Mass/volume] in Serum or Plasma
58461-5,Intestinal goblet cell Ab [Titer] in Serum
2488-5,Intrinsic factor [Mass/volume] in Serum
110978-4,Intrinsic factor Ab [Measurement] in Serum
30530-0,Intrinsic factor Ab [Presence] in Serum
11564-2,Intrinsic factor Ab [Units/volume] in Serum
109991-0,Intrinsic factor blocking Ab [Measurement] in Serum
31444-3,Intrinsic factor blocking Ab [Presence] in Serum
2489-3,Intrinsic factor blocking Ab [Titer] in Serum
31443-5,Intrinsic factor blocking Ab [Units/volume] in Serum
60221-9,Intrinsic factor IgG Ab [Units/volume] in Serum
11220-1,Iodine Free [Mass/time] in 24 hour Urine
18367-3,Iodine Free [Mass/volume] in Serum or Plasma
2493-5,Iodine Free [Mass/volume] in Urine
10878-7,Iodine.protein bound [Mass/volume] in Serum or Plasma
14797-5,Iron [Interpretation] in Serum or Plasma
35256-7,Iron [Mass or Moles/volume] in 24 hour Urine
35214-6,Iron [Mass or Moles/volume] in Serum or Plasma
2499-2,Iron [Mass/time] in 24 hour Urine
30030-1,Iron [Mass/volume] in 24 hour Urine
2498-4,Iron [Mass/volume] in Serum or Plasma
50198-1,Iron [Mass/volume] in Serum or Plasma --1st specimen
50199-9,Iron [Mass/volume] in Serum or Plasma --2nd specimen
50200-5,Iron [Mass/volume] in Serum or Plasma --3rd specimen
50201-3,Iron [Mass/volume] in Serum or Plasma --4th specimen
50202-1,Iron [Mass/volume] in Serum or Plasma --5th specimen
50203-9,Iron [Mass/volume] in Serum or Plasma --6th specimen
50204-7,Iron [Mass/volume] in Serum or Plasma --7th specimen
50205-4,Iron [Mass/volume] in Serum or Plasma --8th specimen
34612-2,Iron [Mass/volume] in Stool
2504-9,Iron [Mass/volume] in Urine
53454-5,Iron [Mass/volume] in Urine --post dose deferoxamine
110269-8,Iron [Measurement] in Serum or Plasma
111392-7,Iron [Measurement] in Urine
14799-1,Iron [Moles/time] in 24 hour Urine
25937-4,Iron [Moles/volume] in 24 hour Urine
14798-3,Iron [Moles/volume] in Serum or Plasma
33824-4,Iron [Moles/volume] in Urine
53495-8,Iron [Moles/volume] in Urine --post dose deferoxamine
44326-7,Iron [Presence] in Serum or Plasma
2502-3,Iron saturation [Mass Fraction] in Serum or Plasma
14801-5,Iron saturation [Molar fraction] in Serum or Plasma
2503-1,Iron.chelated [Mass/volume] in Urine
57014-3,Iron/Creatinine [Mass Ratio] in 24 hour Urine
27411-8,Iron/Creatinine [Mass Ratio] in Urine
110371-2,Iron/Creatinine [Measurement] in Urine
53149-1,Iron/Creatinine [Molar ratio] in 24 hour Urine
34322-8,Iron/Creatinine [Molar ratio] in Urine
13452-8,Iron/Transferrin [Mass Ratio] in Serum or Plasma
60517-0,Iron/Transferrin [Ratio] in Serum or Plasma
109992-8,Islet cell 512 Ab [Measurement] in Serum
81155-4,Islet cell 512 Ab [Moles/volume] in Serum
32636-3,Islet cell 512 Ab [Titer] in Serum
31209-0,Islet cell 512 Ab [Units/volume] in Serum
49910-3,Isocitrate/Creatinine [Molar ratio] in 24 hour Urine
113483-2,Isotonitazene/Creatinine [Mass Ratio] in Urine
48117-6,Isovalerylglycine/Urea [Molar ratio] in Plasma
109993-6,Jamestown canyon virus IgG Ab [Measurement] in Serum
110980-0,Jamestown canyon virus IgM Ab [Measurement] in Serum
111431-3,Jo-1 extractable nuclear Ab [Measurement] in Serum
8076-2,Jo-1 extractable nuclear Ab [Presence] in Serum
14235-6,Jo-1 extractable nuclear Ab [Titer] in Serum
11565-9,Jo-1 extractable nuclear Ab [Units/volume] in Serum
109295-6,Jo-1 extractable nuclear IgG Ab [Measurement] in Serum
44332-5,Jo-1 extractable nuclear IgG Ab [Presence] in Serum
25682-6,Kappa light chains [Mass/time] in 24 hour Urine
15188-6,Kappa light chains [Mass/volume] in 24 hour Urine
11050-2,Kappa light chains [Mass/volume] in Serum or Plasma
27365-6,Kappa light chains [Mass/volume] in Urine
109989-4,Kappa light chains [Measurement] in Serum
111248-1,Kappa light chains [Measurement] in Urine
44394-5,Kappa light chains [Presence] in 24 hour Urine
38177-2,Kappa light chains.free [Mass/time] in 24 hour Urine
43940-6,Kappa light chains.free [Mass/volume] in 24 hour Urine
36916-5,Kappa light chains.free [Mass/volume] in Serum
38176-4,Kappa light chains.free [Mass/volume] in Urine
111247-3,Kappa light chains.free [Measurement] in Urine
40637-1,Kappa light chains.free [Presence] in Urine
12777-9,Kappa light chains.free [Units/volume] in Urine
30115-0,Kappa lymphocytes [#/volume] in Blood
38471-9,Karyotype [Identifier] in Urine Nominal
33058-9,Ketones [Mass/volume] in Serum or Plasma
49779-2,Ketones [Mass/volume] in Urine
110238-3,Ketones [Measurement] in Serum or Plasma
111413-1,Ketones [Measurement] in Urine
53061-8,Ketones [Moles/volume] in Blood
33043-1,Ketones [Presence] in 24 hour Urine
2513-0,Ketones [Presence] in Serum or Plasma
33903-6,Ketones [Presence] in Urine
38493-3,Ketones [Titer] in Serum or Plasma
53107-9,Kynurenate/Creatinine [Molar ratio] in Urine
49142-3,La Crosse virus IgG and IgM [Interpretation] in Serum
35245-0,Lactate [Mass or Moles/volume] in Serum or Plasma
2526-2,Lactate [Mass/time] in 24 hour Urine
30242-2,Lactate [Mass/volume] in Arterial blood
59032-3,Lactate [Mass/volume] in Blood
27976-0,Lactate [Mass/volume] in Blood --fasting
51829-0,Lactate [Mass/volume] in Capillary blood
14118-4,Lactate [Mass/volume] in Serum or Plasma
30241-4,Lactate [Mass/volume] in Venous blood
108827-7,Lactate [Measurement] in Serum or Plasma
110582-4,Lactate [Measurement] in Urine
74896-2,Lactate [Moles/mass] in Stool
15078-9,Lactate [Moles/time] in 24 hour Urine
34323-6,Lactate [Moles/volume] in 24 hour Urine
2518-9,Lactate [Moles/volume] in Arterial blood
32693-4,Lactate [Moles/volume] in Blood
19239-3,Lactate [Moles/volume] in Capillary blood
32133-1,Lactate [Moles/volume] in Plasma venous
2524-7,Lactate [Moles/volume] in Serum or Plasma
59004-2,Lactate [Moles/volume] in Serum or Plasma --baseline
34324-4,Lactate [Moles/volume] in Urine
2519-7,Lactate [Moles/volume] in Venous blood
29875-2,Lactate [Presence] in Urine
108826-9,Lactate dehydrogenase [Measurement] in Serum or Plasma
110369-6,Lactate dehydrogenase [Measurement] in Urine
17041-5,Lactate dehydrogenase [Presence] in Urine
53561-7,Lactate dehydrogenase/Creatinine [Ratio] in Urine
44333-3,Lactate/Creatinine [Mass Ratio] in 24 hour Urine
13767-9,Lactate/Creatinine [Mass Ratio] in Urine
108484-7,Lactate/Creatinine [Measurement] in Urine
25112-4,Lactate/Creatinine [Molar ratio] in Urine
59048-9,Lactate/Pyruvate [Mass Ratio] in Blood
2550-2,Lactate/Pyruvate [Molar ratio] in Blood
79521-1,Lactyl lactate [Moles/volume] in Serum or Plasma
79487-5,Lactyl lactate/Creatinine [Molar ratio] in Urine
25684-2,Lambda light chains [Mass/time] in 24 hour Urine
15187-8,Lambda light chains [Mass/volume] in 24 hour Urine
11051-0,Lambda light chains [Mass/volume] in Serum or Plasma
27394-6,Lambda light chains [Mass/volume] in Urine
109980-3,Lambda light chains [Measurement] in Serum
111246-5,Lambda light chains [Measurement] in Urine
44395-2,Lambda light chains [Presence] in 24 hour Urine
38169-9,Lambda light chains.free [Mass/time] in 24 hour Urine
38178-0,Lambda light chains.free [Mass/volume] in Urine
111245-7,Lambda light chains.free [Measurement] in Urine
40640-5,Lambda light chains.free [Presence] in Urine
12778-7,Lambda light chains.free [Units/volume] in Urine
30114-3,Lambda lymphocytes [#/volume] in Blood
113461-8,lamoTRIgine/Creatinine [Mass Ratio] in Urine
35082-7,Large granular lymphocytes [#/volume] in Blood
59808-6,Large granular lymphocytes [Presence] in Blood
110975-0,Lassa virus IgG Ab [Measurement] in Serum
110974-3,Lassa virus IgM Ab [Measurement] in Serum
108286-6,LDL receptor related protein 4 Ab [Titer] in Serum
27129-6,Lead [Mass/mass] in Red Blood Cells
5674-7,Lead [Mass/volume] in Red Blood Cells
109631-2,Lead [Measurement] in Red Blood Cells
32325-3,Lead [Moles/volume] in Red Blood Cells
13466-8,Lead/Creatinine [Mass Ratio] in Urine
52931-3,Lead/Creatinine [Molar ratio] in 24 hour Urine
32695-9,Legionella pneumophila atypical Ab [Titer] in Serum
110171-6,Legionella sp IgM Ab [Measurement] in Serum
110176-5,Leishmania donovani IgG Ab [Measurement] in Serum
110728-3,Leishmania mexicana IgM Ab [Measurement] in Serum
110722-6,Leptospira sp IgG Ab [Measurement] in Serum
110721-8,Leptospira sp IgM Ab [Measurement] in Serum
88967-5,Leucine crystals [#/area] in Urine sediment
30053-3,Leucine/Creatinine [Ratio] in Urine
105093-9,Leukocyte clumps [#/area] in Urine sediment
105102-8,Leukocyte clumps [#/volume] in Urine
110367-0,Leukocyte esterase [Measurement] in Urine
105103-6,Leukocyte esterase [Presence] in Urine
27297-1,Leukocyte esterase [Units/volume] in Urine
105104-4,Leukocytes [#/area] in Urine sediment
26464-8,Leukocytes [#/volume] in Blood
30404-8,Leukocytes [#/volume] in Stool
30405-5,Leukocytes [#/volume] in Urine
110644-2,Leukocytes [Measurement] in Stool
111204-4,Leukocytes [Measurement] in Urine sediment
11156-7,Leukocytes [Morphology] in Blood
33052-2,Leukocytes [Presence] in Urine
105105-1,Leukocytes [Presence] in Urine sediment
48705-8,Leukocytes+Platelets [Morphology] in Blood
79577-3,Levodopa/Creatinine [Molar ratio] in Urine
98048-2,Levothyroxine IgE Ab [Units/volume] in Serum
79504-7,Levulinate/Creatinine [Molar ratio] in Urine
16965-6,Lindane [Mass/volume] in Blood
11097-3,Lindane [Mass/volume] in Serum or Plasma
13643-2,Lindane [Mass/volume] in Urine
25543-0,Lipase [Enzymatic activity/time] in 24 hour Urine
25992-9,Lipase [Enzymatic activity/volume] in 24 hour Urine
3040-3,Lipase [Enzymatic activity/volume] in Serum or Plasma
10888-6,Lipase [Enzymatic activity/volume] in Urine
108520-8,Lipase [Measurement] in Urine
100743-4,Lipase.macromolecular [Presence] in Serum or Plasma
10835-7,Lipoprotein a [Mass/volume] in Serum or Plasma
43583-4,Lipoprotein a [Moles/volume] in Serum or Plasma
86222-7,Lipoprotein.alpha 3 [Moles/volume] in Serum
62253-0,Lipoprotein.alpha [Entitic length] in Serum or Plasma
2573-4,Lipoprotein.alpha [Mass/volume] in Serum or Plasma
49748-7,Lipoprotein.alpha [Moles/volume] in Serum or Plasma
17845-9,Lipoprotein.alpha [Presence] in Serum or Plasma
2574-2,Lipoprotein.beta [Mass/volume] in Serum or Plasma
17846-7,Lipoprotein.beta [Presence] in Serum or Plasma
2575-9,Lipoprotein.pre-beta [Mass/volume] in Serum or Plasma
17847-5,Lipoprotein.pre-beta [Presence] in Serum or Plasma
42178-4,Lipoprotein.X [Presence] in Serum or Plasma
2576-7,Lipoproteins [Mass/volume] in Serum or Plasma
17085-2,Lipoproteins [Presence] in Serum or Plasma
51461-2,Listeria sp Ab [Titer] in Serum
9815-2,Lithium [Mass/volume] in Red Blood Cells
9358-3,Lithium [Mass/volume] in Saliva (oral fluid)
3719-2,Lithium [Mass/volume] in Serum or Plasma
3723-4,Lithium [Mass/volume] in Serum or Plasma --trough
3721-8,Lithium [Mass/volume] in Urine
108824-4,Lithium [Measurement] in Serum or Plasma
110374-6,Lithium [Measurement] in Urine
18477-0,Lithium [Moles/time] in 24 hour Urine
34330-1,Lithium [Moles/volume] in 24 hour Urine
25462-3,Lithium [Moles/volume] in Red Blood Cells
43176-7,Lithium [Moles/volume] in Saliva (oral fluid)
14334-7,Lithium [Moles/volume] in Serum or Plasma
74806-1,Lithium [Moles/volume] in Serum or Plasma --trough
25463-1,Lithium [Moles/volume] in Urine
3720-0,Lithium [Presence] in Serum or Plasma
80970-7,Lithium free [Moles/volume] in Serum or Plasma
25461-5,"Lithium, [Moles/volume] in Blood"
13455-1,Lithium.plasma/Lithium.RBC [Mass Ratio] in Blood
34331-9,Lithium/Creatinine [Molar ratio] in Urine
6165-5,Lobster IgE Ab [Units/volume] in Serum
60383-7,Lobster IgG Ab [Mass/volume] in Serum
7471-6,Lobster IgG Ab [Units/volume] in Serum
56310-6,Lobster IgG4 Ab [Mass/volume] in Serum
26823-5,Lutropin.beta subunit [Mass/volume] in Serum or Plasma
108477-1,Lutropin/Creatinine [Measurement] in Urine
53810-8,Lymphocyte proliferation [Interpretation] in Blood
26474-7,Lymphocytes [#/volume] in Blood
30418-8,Lymphocytes clefted [#/volume] in Blood
74184-3,Lymphocytes clefted [Presence] in Blood
35040-5,Lymphocytes Immunoblastic [#/volume] in Blood
35039-7,Lymphocytes Plasmacytoid [#/volume] in Blood
35081-9,Lymphocytes+Monocytes [#/volume] in Blood
44335-8,Lysine/Creatinine [Mass Ratio] in 24 hour Urine
15358-5,Macroamylase [Presence] in Serum or Plasma
38926-2,Macroprolactin [Mass/volume] in Serum or Plasma
108835-0,Macroprolactin [Measurement] in Serum or Plasma
72680-2,Macroprolactin [Presence] in Serum or Plasma
74953-1,Macroprolactin [Units/volume] in Serum or Plasma
51441-4,Macroprolactin/Prolactin [Mass] in Serum or Plasma
48389-1,Macroprolactin/Prolactin [Moles] in Serum or Plasma
35252-6,Magnesium [Mass or Moles/volume] in 24 hour Urine
35249-2,Magnesium [Mass or Moles/volume] in Serum or Plasma
35250-0,Magnesium [Mass or Moles/volume] in Urine
27122-1,Magnesium [Mass/mass] in Red Blood Cells
10880-3,Magnesium [Mass/mass] in Stool
24447-5,Magnesium [Mass/time] in 24 hour Urine
29912-3,Magnesium [Mass/time] in Stool
32024-2,Magnesium [Mass/volume] in 24 hour Urine
21377-7,Magnesium [Mass/volume] in Blood
26746-8,Magnesium [Mass/volume] in Red Blood Cells
19123-9,Magnesium [Mass/volume] in Serum or Plasma
29911-5,Magnesium [Mass/volume] in Stool
19124-7,Magnesium [Mass/volume] in Urine
109594-2,Magnesium [Measurement] in Blood
109630-4,Magnesium [Measurement] in Red Blood Cells
108834-3,Magnesium [Measurement] in Serum or Plasma
111386-9,Magnesium [Measurement] in Stool
111465-1,Magnesium [Measurement] in Urine
26708-8,Magnesium [Moles/mass] in Stool
2599-9,Magnesium [Moles/time] in 24 hour Urine
25954-9,Magnesium [Moles/volume] in 24 hour Urine
2593-2,Magnesium [Moles/volume] in Blood
2597-3,Magnesium [Moles/volume] in Red Blood Cells
2601-3,Magnesium [Moles/volume] in Serum or Plasma
17236-1,Magnesium [Moles/volume] in Stool
2598-1,Magnesium [Moles/volume] in Urine
27210-4,Magnesium [Presence] in Blood
48045-9,Magnesium cutoff [Mass/mass] in Stool
32698-3,Magnesium Ionized [Mass/volume] in Serum or Plasma
2600-5,Magnesium Ionized [Moles/volume] in Serum or Plasma
17234-6,Magnesium.plasma/Magnesium.RBC [Molar ratio] in Blood
44336-6,Magnesium/Creatinine [Mass Ratio] in 24 hour Urine
13474-2,Magnesium/Creatinine [Mass Ratio] in Urine
110577-4,Magnesium/Creatinine [Measurement] in Urine
50873-9,Magnesium/Creatinine [Molar ratio] in 24 hour Urine
33950-7,Magnesium/Creatinine [Molar ratio] in Urine
56956-6,Magnesium/Creatinine [Ratio] in Urine
13770-3,Malate/Creatinine [Mass Ratio] in Urine
25113-2,Malate/Creatinine [Molar ratio] in Urine
47696-0,Malonate/Creatinine [Molar ratio] in Urine
72258-7,Malondialdehyde [Entitic substance] in Platelets
55939-3,Malondialdehyde [Moles/mass] in Red Blood Cells
50550-3,Malondialdehyde.free [Moles/volume] in Plasma
74895-4,Maltose/Creatinine [Molar ratio] in Urine
47697-8,Mandelate/Creatinine [Molar ratio] in Urine
5682-0,Manganese [Mass/volume] in Red Blood Cells
50875-4,Manganese [Moles/volume] in Red Blood Cells
52930-5,Manganese/Creatinine [Molar ratio] in 24 hour Urine
42223-8,Manganese/Creatinine [Molar ratio] in Urine
30152-3,Mannose-binding protein [Mass/volume] in Serum
28540-3,MCHC [Entitic Mass/volume] in Red Blood Cells
59467-1,MCHC [Entitic Moles/volume] in Red Blood Cells
30428-7,MCV [Entitic mean volume] in Red Blood Cells
35172-6,Mead acid (C20:3w9) [Moles/volume] in Serum or Plasma
111282-0,Measles virus Ab [Measurement] in Serum
46197-0,Measles virus Ab [Presence] in Serum
22499-8,Measles virus Ab [Titer] in Serum
7961-6,Measles virus Ab [Units/volume] in Serum
31881-6,Measles virus Ag [Presence] in Serum or Plasma
31885-7,Measles virus Ag [Presence] in Urine sediment
17554-7,Measles virus IgA Ab [Units/volume] in Serum
111039-4,Measles virus IgG Ab [Measurement] in Serum
20479-2,Measles virus IgG Ab [Presence] in Serum
22502-9,Measles virus IgG Ab [Titer] in Serum
7962-4,Measles virus IgG Ab [Units/volume] in Serum
44012-3,Measles virus IgG and IgM [Interpretation] in Serum
111281-2,Measles virus IgM Ab [Measurement] in Serum
21503-8,Measles virus IgM Ab [Presence] in Serum
22506-0,Measles virus IgM Ab [Titer] in Serum
7963-2,Measles virus IgM Ab [Units/volume] in Serum
3129-4,Menadione [Mass/volume] in Serum or Plasma
27130-4,Mercury [Mass/mass] in Red Blood Cells
12774-6,Mercury [Mass/volume] in Red Blood Cells
109629-6,Mercury [Measurement] in Red Blood Cells
50878-8,Mercury [Moles/volume] in Red Blood Cells
26688-2,Mercury/Creatinine [Mass Ratio] in 24 hour Urine
13465-0,Mercury/Creatinine [Mass Ratio] in Urine
52929-7,Mercury/Creatinine [Molar ratio] in 24 hour Urine
22680-3,Mercury/Creatinine [Molar ratio] in Urine
32634-8,Metanephrine Free [Mass/time] in 24 hour Urine
38494-1,Metanephrine Free [Mass/volume] in Serum or Plasma
99047-3,Metanephrine Free [Moles/time] in 24 hour Urine
49700-8,Metanephrine Free [Moles/volume] in Serum or Plasma
99048-1,Metanephrine Free [Moles/volume] in Urine
44337-4,Metanephrine Free/Creatinine [Mass Ratio] in Urine
108470-6,Metanephrines/Creatinine [Measurement] in Urine
2619-5,Methemoglobin [Presence] in Red Blood Cells
13772-9,Methionine/Creatinine [Mass Ratio] in Urine
22681-1,Methionine/Creatinine [Molar ratio] in Urine
56957-4,Methionine/Creatinine [Ratio] in 24 hour Urine
30063-2,Methionine/Creatinine [Ratio] in Urine
27042-1,Methohexital [Mass/volume] in Serum or Plasma
27187-4,Methohexital [Mass/volume] in Urine
12491-7,Methohexital [Presence] in Serum or Plasma
80969-9,Methotrexate free [Mass/volume] in Serum or Plasma
12998-1,Methylene chloride [Mass/volume] in Blood
114469-0,Methylene chloride [Mass/volume] in Urine
56625-7,Methylene chloride [Moles/volume] in Blood
47708-3,Methylmalonate/Urea [Molar ratio] in Serum or Plasma
47709-1,Methylmalonate/Urea [Molar ratio] in Urine
30479-0,Methylsuccinate [Presence] in Urine
13777-8,Methylsuccinate/Creatinine [Mass Ratio] in Urine
13778-6,Mevalonate/Creatinine [Mass Ratio] in Urine
25118-1,Mevalonate/Creatinine [Molar ratio] in Urine
14956-7,Microalbumin [Mass/time] in 24 hour Urine
30003-8,Microalbumin [Mass/volume] in 24 hour Urine
14957-5,Microalbumin [Mass/volume] in Urine
58448-2,Microalbumin ug/min [Mass/time] in 24 hour Urine
14958-3,Microalbumin/Creatinine [Mass Ratio] in 24 hour Urine
14959-1,Microalbumin/Creatinine [Mass Ratio] in Urine
59159-4,Microalbumin/Creatinine [Ratio] in 24 hour Urine
30000-4,Microalbumin/Creatinine [Ratio] in Urine
113476-6,Midazolam/Creatinine [Mass Ratio] in Urine
111022-0,Mitochondria M2 Ab [Measurement] in Serum
26054-7,Mitochondria M2 Ab [Presence] in Serum
49781-8,Mitochondria M2 Ab [Units/volume] in Serum
108975-4,Mitochondria M2 IgG Ab [Measurement] in Serum
14251-3,Mitochondria M2 IgG Ab [Units/volume] in Serum
72730-5,Mitragynine/Creatinine [Mass Ratio] in Urine
88971-7,Mixed cellular casts [#/area] in Urine sediment
113455-0,Molindone/Creatinine [Mass Ratio] in Urine
27343-3,Molybdenum [Mass/mass] in Red Blood Cells
50883-8,Molybdenum [Moles/volume] in Red Blood Cells
52927-1,Molybdenum/Creatinine [Molar ratio] in 24 hour Urine
26484-6,Monocytes [#/volume] in Blood
30440-2,Monocytes Abnormal [#/volume] in Blood
26696-5,Morphine Free [Mass/mass] in Stool
73972-2,Morphine Free [Mass/volume] in Blood
11244-1,Morphine Free [Mass/volume] in Serum or Plasma
3829-9,Morphine Free [Mass/volume] in Urine
110571-7,Morphine Free [Measurement] in Urine
3828-1,Morphine Free [Presence] in Urine
6181-2,Mouse urine proteins IgE Ab [Units/volume] in Serum
105106-9,Mucus [#/area] in Urine sediment
88979-0,Mucus [Presence] in Urine sediment
22414-7,Mumps virus Ab [Titer] in Serum
31898-0,Mumps virus Ag [Presence] in Urine sediment
111024-6,Mumps virus IgG Ab [Measurement] in Serum
73560-5,Mumps virus IgG and IgM [Interpretation] in Serum
17293-2,Mumps virus IgG+IgM Ab [Units/volume] in Serum
111023-8,Mumps virus IgM Ab [Measurement] in Serum
56661-2,Myelin basic protein [Mass/volume] in Serum
8082-0,Myelin basic protein Ab [Titer] in Serum
108966-3,Myelin IgA Ab [Measurement] in Serum
21407-2,Myelin IgA Ab [Titer] in Serum
110170-8,Myelin IgG Ab [Measurement] in Serum
21408-0,Myelin IgG Ab [Titer] in Serum
108967-1,Myelin IgM Ab [Measurement] in Serum
21409-8,Myelin IgM Ab [Titer] in Serum
2642-7,Myoglobin [Mass/time] in 24 hour Urine
32197-6,Myoglobin [Mass/volume] in 24 hour Urine
53833-0,Myoglobin [Mass/volume] in Blood
2639-3,Myoglobin [Mass/volume] in Serum or Plasma
2641-9,Myoglobin [Mass/volume] in Urine
110217-7,Myoglobin [Measurement] in Serum or Plasma
110570-9,Myoglobin [Measurement] in Urine
56887-3,Myoglobin [Moles/volume] in Serum or Plasma
68960-4,Myoglobin [Presence] in 24 hour Urine
32331-1,Myoglobin [Presence] in Serum or Plasma
2640-1,Myoglobin [Presence] in Urine
11147-6,Myoglobin/Creatinine [Mass Ratio] in Urine
47783-6,Myristate (C14:0)/Creatinine [Molar ratio] in Urine
104697-8,N-acetyl-L-alanine/Creatinine [Molar ratio] in Urine
75080-2,N-acetyl-L-aspartate [Moles/volume] in Serum or Plasma
33299-9,N-acetyl-L-aspartate [Presence] in Urine
13779-4,N-acetyl-L-aspartate/Creatinine [Mass Ratio] in Urine
76023-1,N-acetyl-L-aspartate/Creatinine [Molar ratio] in Urine
104303-3,N-Desmethyl imatinib [Mass/volume] in Serum or Plasma
107257-8,Naloxone/Creatinine [Mass Ratio] in Urine
42637-9,Natriuretic peptide B [Mass/volume] in Blood
17334-4,Neopterin/Creatinine [Mass Ratio] in Urine
47711-7,Neopterin/Creatinine [Molar ratio] in Urine
111552-6,Neurofilament light chain [Z-score] in Serum or Plasma
111376-0,Neuronal nuclear Ab [Measurement] in Serum
11088-2,Neuronal nuclear Ab [Presence] in Serum
15398-1,Neuronal nuclear Ab [Titer] in Serum
31535-8,Neuronal nuclear Ab [Units/volume] in Serum
110736-6,Neuronal nuclear IgG Ab [Measurement] in Serum
31536-6,Neuronal nuclear IgG Ab [Units/volume] in Serum
111375-2,Neutrophil Ab [Measurement] in Serum
21418-9,Neutrophil Ab [Presence] in Serum
5171-4,Neutrophil Ab [Units/volume] in Serum
24382-4,Neutrophil associated Ab [Identifier] in Serum
34971-2,Neutrophil associated Ab [Presence] in Blood
17352-6,Neutrophil cytoplasmic Ab [Interpretation] in Serum
111291-1,Neutrophil cytoplasmic Ab [Measurement] in Serum
17351-8,Neutrophil cytoplasmic Ab [Presence] in Serum
21023-7,Neutrophil cytoplasmic Ab [Titer] in Serum
5128-4,Neutrophil cytoplasmic Ab [Units/volume] in Serum
30538-3,Neutrophil cytoplasmic Ab.classic [Presence] in Serum
32708-0,Neutrophil cytoplasmic Ab.classic [Titer] in Serum
17354-2,Neutrophil cytoplasmic IgA Ab [Presence] in Serum
18329-3,Neutrophil cytoplasmic IgA Ab [Units/volume] in Serum
108998-6,Neutrophil cytoplasmic IgG Ab [Measurement] in Serum
17355-9,Neutrophil cytoplasmic IgG Ab [Presence] in Serum
18330-1,Neutrophil cytoplasmic IgG Ab [Units/volume] in Serum
17356-7,Neutrophil cytoplasmic IgM Ab [Presence] in Serum
18331-9,Neutrophil cytoplasmic IgM Ab [Units/volume] in Serum
17348-4,Neutrophil IgA Ab [Units/volume] in Serum
17349-2,Neutrophil IgG Ab [Units/volume] in Serum
17350-0,Neutrophil IgM Ab [Units/volume] in Serum
26499-4,Neutrophils [#/volume] in Blood
30448-5,Neutrophils [#/volume] in Urine
16290-9,Neutrophils [Presence] in Stool
30449-3,Neutrophils.hypersegmented [#/volume] in Blood
34473-9,Neutrophils.vacuolated+Segmented [Presence] in Blood
2656-7,Niacin [Mass/time] in 24 hour Urine
10836-5,Niacin [Mass/volume] in Blood
18244-4,Niacin [Mass/volume] in Serum or Plasma
79402-4,Niacin [Moles/volume] in Blood
34342-6,Niacin [Moles/volume] in Serum or Plasma
12780-3,Nickel [Mass/volume] in Red Blood Cells
50887-9,Nickel [Moles/volume] in Red Blood Cells
25962-2,Nickel/Creatinine [Molar ratio] in 24 hour Urine
52926-3,Nickel/Creatinine [Molar ratio] in Urine
56961-6,Nicotinamide [Mass/volume] in Serum or Plasma
3852-1,Nicotinamide [Mass/volume] in Urine
25488-8,Nicotinamide [Moles/volume] in Serum or Plasma
27339-1,Nicotinamide [Presence] in Blood
17362-5,Nicotinamide [Presence] in Urine
74100-9,Nitrate+Nitrite [Moles/volume] in Serum or Plasma
18370-7,Nitrite [Mass/volume] in Blood
2657-5,Nitrite [Mass/volume] in Urine
55948-4,Nitrite [Moles/volume] in Serum or Plasma
32710-6,Nitrite [Presence] in Urine
2660-9,Nitrogen [Mass/time] in 24 hour Urine
2665-8,Nitrogen [Mass/time] in Urine
18246-9,Nitrogen [Mass/volume] in Stool
54352-0,Nitrogen [Mass/volume] in Urine
111264-8,Nitrogen [Measurement] in Stool
111144-2,Nitrogen [Measurement] in Urine
40388-1,Nitrogen [Moles/time] in 24 hour Urine
50889-5,Nitrogen [Moles/volume] in 24 hour Urine
79403-2,Nitrogen [Moles/volume] in Urine
2662-5,Nitrogen.nonprotein [Mass/volume] in Blood
2663-3,Nitrogen.nonprotein [Mass/volume] in Serum or Plasma
53091-5,Nitrogen.nonprotein [Moles/volume] in Serum or Plasma
2661-7,Nitrogen.nonprotein [Presence] in Blood
59714-6,Nitrous oxide [Mass/volume] in Blood
59715-3,Nitrous oxide [Mass/volume] in Serum or Plasma
72800-6,Norketamine/Creatinine [Mass Ratio] in Urine
57462-4,Normetanephrine Free [Mass/volume] in Serum or Plasma
40851-8,Normetanephrine Free [Moles/volume] in Serum or Plasma
13783-6,Normetanephrine/Creatinine [Mass Ratio] in Urine
110395-1,Normetanephrine/Creatinine [Measurement] in Urine
113176-2,Noroxymorphone/Creatinine [Mass Ratio] in Urine
108020-9,Nuclear Ab [Measurement] in Serum
8061-4,Nuclear Ab [Presence] in Serum
29953-7,Nuclear Ab [Titer] in Serum
27200-5,Nuclear Ab [Units/volume] in Serum
14611-8,Nuclear Ab pattern [Interpretation] in Serum
49310-6,Nuclear Ab pattern [Interpretation] in Serum Narrative
17380-7,Nuclear Ab.histone reactive [Presence] in Serum
111018-8,Nuclear IgG Ab [Measurement] in Serum
31545-7,Nuclear IgG Ab [Presence] in Serum
50666-7,Nuclear matrix protein 22 [Presence] in Urine
31134-0,Nuclear matrix protein 22 [Units/volume] in Urine
30392-5,Nucleated erythrocytes [#/volume] in Blood
34188-3,Nucleated erythrocytes [Presence] in Blood
19048-8,Nucleated erythrocytes/Leukocytes [Ratio] in Blood
20399-2,Nucleolar nuclear Ab pattern [Titer] in Serum
25120-7,Octanoate (C8:0)/Creatinine [Molar ratio] in Urine
25121-5,Octenedioate (C8:1)/Creatinine [Molar ratio] in Urine
35569-3,Oligoclonal bands [#] in Serum or Plasma
12783-7,Oligoclonal bands [Interpretation] in Serum or Plasma
48422-0,Oligoclonal bands [Presence] in Serum or Plasma
56762-8,Oligoclonal Bands IgG [Presence] in Serum or Plasma
110363-9,Orotate/Creatinine [Measurement] in Urine
17869-9,Orotate/Creatinine [Molar ratio] in Urine
62488-2,Ova1 test [Presence] in Serum
108899-6,Ovary IgG Ab [Measurement] in Serum
110713-5,Ovine herpesvirus 2 Ab [Measurement] in Serum
113448-5,Oxaprozin/Creatinine [Mass Ratio] in Urine
58368-2,Oxazepam/Creatinine [Mass Ratio] in Urine
58714-7,Oxidants [Presence] in Urine
75132-1,Oxipurinol/Creatinine [Molar ratio] in Urine
27293-0,oxyCODONE Free [Mass/mass] in Stool
12789-4,oxyCODONE Free [Mass/volume] in Serum or Plasma
51954-6,oxyCODONE Free [Mass/volume] in Urine
2703-7,Oxygen [Partial pressure] in Arterial blood
11556-8,Oxygen [Partial pressure] in Blood
19988-5,Oxygen [Partial pressure] in Blood Postductal
19986-9,Oxygen [Partial pressure] in Blood Preductal
2704-5,Oxygen [Partial pressure] in Capillary blood
2705-2,Oxygen [Partial pressure] in Venous blood
59404-4,Oxygen capacity [Moles/volume] in Arterial blood
59275-8,Oxygen capacity [Volume Fraction] in Arterial blood
71853-6,Oxygen saturation [Pure mass fraction] in Blood
87437-0,Oxyhemoglobin [Mass/volume] in Plasma
51736-7,oxyMORphone Free [Mass/volume] in Urine
60118-7,Palladium [Mass/volume] in Red Blood Cells
2722-7,"Pantothenate [Mass/volume] in Serum, Plasma or Blood"
75066-1,Pantothenate [Moles/volume] in Serum or Plasma
27351-6,"Pantothenate [Presence] in Serum, Plasma or Blood"
75060-4,Pantothenate/Creatinine [Molar ratio] in Urine
110197-1,Parietal cell IgG Ab [Measurement] in Serum
58737-8,Parvovirus B19 IgG and IgM [Interpretation] in Serum
17422-7,Parvovirus B19 IgG+IgM Ab [Units/volume] in Serum
110209-4,PCA-1 Ab [Measurement] in Serum
110210-2,PCA-2 Ab [Measurement] in Serum
111040-2,PCNA extractable nuclear Ab [Measurement] in Serum
8088-7,PCNA extractable nuclear Ab [Presence] in Serum
75107-3,Pentadecanoate [Entitic substance] in Red Blood Cells
113482-4,Pentylone/Creatinine [Mass Ratio] in Urine
48150-7,Perseitol/Creatinine [Molar ratio] in Urine
58397-1,Phencyclidine/Creatinine [Mass Ratio] in Urine
3951-1,PHENobarbital Free [Mass/volume] in Serum or Plasma
59825-0,Phenols [Presence] in Urine
13791-9,Phenylacetate/Creatinine [Mass Ratio] in Urine
25124-9,Phenylacetate/Creatinine [Molar ratio] in Urine
18475-4,Phenylalanine/Creatinine [Molar ratio] in Urine
47981-6,Phenylalanine/Creatinine [Ratio] in 24 hour Urine
30055-8,Phenylalanine/Creatinine [Ratio] in Urine
2761-5,Phenylketones [Presence] in Blood
2769-8,Phenylketones [Presence] in Urine
108495-3,Phenyllactate/Creatinine [Measurement] in Urine
25125-6,Phenyllactate/Creatinine [Molar ratio] in Urine
108509-1,Phenylpyruvate/Creatinine [Measurement] in Urine
25126-4,Phenylpyruvate/Creatinine [Molar ratio] in Urine
14190-3,Phenytoin Free [Mass/volume] in Saliva (oral fluid)
3969-3,Phenytoin Free [Mass/volume] in Serum or Plasma
32109-1,Phenytoin Free [Moles/volume] in Serum or Plasma
35221-1,Phosphate [Mass or Moles/volume] in Serum or Plasma
35222-9,Phosphate [Mass or Moles/volume] in Urine
35263-3,Phosphate [Mass or Moles] in 24 hour Urine
27123-9,Phosphate [Mass/mass] in Red Blood Cells
10884-5,Phosphate [Mass/mass] in Stool
2779-7,Phosphate [Mass/time] in 24 hour Urine
21458-5,Phosphate [Mass/volume] in 24 hour Urine
2774-8,Phosphate [Mass/volume] in Blood
2777-1,Phosphate [Mass/volume] in Serum or Plasma
88713-3,Phosphate [Mass/volume] in Stool
2778-9,Phosphate [Mass/volume] in Urine
108801-2,Phosphate [Measurement] in Serum or Plasma
110637-6,Phosphate [Measurement] in Stool
108011-8,Phosphate [Measurement] in Urine
14881-7,Phosphate [Moles/time] in 24 hour Urine
25973-9,Phosphate [Moles/volume] in 24 hour Urine
24519-1,Phosphate [Moles/volume] in Blood
24520-9,Phosphate [Moles/volume] in Red Blood Cells
74889-7,Phosphate [Moles/volume] in Saliva (oral fluid)
14879-1,Phosphate [Moles/volume] in Serum or Plasma
59161-0,Phosphate [Moles/volume] in Stool
13539-2,Phosphate [Moles/volume] in Urine
17447-4,Phosphate [Presence] in Stool
2780-5,Phosphate [Presence] in Urine
48046-7,Phosphate cutoff [Mass/mass] in Stool
13795-0,Phosphate/Creatinine [Mass Ratio] in 24 hour Urine
11141-9,Phosphate/Creatinine [Mass Ratio] in Urine
25127-2,Phosphate/Creatinine [Molar ratio] in 24 hour Urine
34354-1,Phosphate/Creatinine [Molar ratio] in Urine
56965-7,Phosphate/Creatinine [Ratio] in 24 hour Urine
56964-0,Phosphate/Creatinine [Ratio] in Urine
110206-0,Phosphatidylserine IgG Ab [Measurement] in Serum
110716-8,Phosphatidylserine IgM Ab [Measurement] in Serum
13796-8,Phosphoserine/Creatinine [Mass Ratio] in Urine
28600-5,Phosphoserine/Creatinine [Ratio] in Urine
9622-2,Phytonadione [Mass/volume] in Serum or Plasma
58793-1,Phytonadione [Moles/volume] in Serum or Plasma
113454-3,Pimozide/Creatinine [Mass Ratio] in Urine
33659-4,Pipecolate/Creatinine [Ratio] in Urine
108507-5,Pipradrol [Measurement] in Urine
74755-0,Placental growth factor [Mass/volume] in Serum
108929-1,Plasmodium malariae IgG Ab [Measurement] in Serum
28542-9,Platelet [Entitic mean volume] in Blood
110717-6,Platelet Ab [Measurement] in Serum
24375-8,Platelet Ab [Presence] in Serum
22759-5,Platelet Ab [Titer] in Serum
5379-3,Platelet Ab [Units/volume] in Serum
24374-1,Platelet associated Ab [Presence] in Blood
13064-1,Platelet associated IgA Ab [Units/volume] in Blood
109513-2,Platelet associated IgG Ab [Measurement] in Blood
8089-5,Platelet associated IgG Ab [Units/volume] in Blood
33404-5,Platelet associated IgG Ab/IgM Ab [Ratio] in Blood
109512-4,Platelet associated IgM Ab [Measurement] in Blood
8090-3,Platelet associated IgM Ab [Units/volume] in Blood
104700-0,Platelet clump [Presence] in Blood
51631-0,Platelet distribution width [Ratio] in Blood
34977-9,Platelet genotype [Identifier] in Blood
50365-6,Platelet glycoprotein IIb/IIIa Ab [Presence] in Serum
31185-2,Platelet IgA Ab [Presence] in Serum
13062-5,Platelet IgA Ab [Units/volume] in Serum
108926-7,Platelet IgG Ab [Measurement] in Serum
15400-5,Platelet IgG Ab [Presence] in Serum
11570-9,Platelet IgG Ab [Units/volume] in Serum
31186-0,Platelet IgM Ab [Presence] in Serum
13061-7,Platelet IgM Ab [Units/volume] in Serum
30459-2,Platelet mean diameter [Entitic length] in Blood
26515-7,Platelets [#/volume] in Blood
26516-5,Platelets [#/volume] in Plasma
111353-9,Platelets [Measurement] in Blood
11125-2,Platelets [Morphology] in Blood
104705-9,Platelets [Presence] in Blood
105872-6,Platelets Large [Presence] in Blood
51632-8,Platelets reticulated [#/volume] in Blood
60167-4,Platinum [Mass/volume] in Red Blood Cells
111043-6,PM-SCL extractable nuclear Ab [Measurement] in Serum
31563-0,PM-SCL extractable nuclear Ab [Presence] in Serum
31562-2,PM-SCL extractable nuclear Ab [Units/volume] in Serum
32788-2,Polymorphonuclear cells/Monocytes [Ratio] in Blood
108883-0,Porcine influenza virus A Ab [Measurement] in Serum
42977-9,Porcine influenza virus A Ab [Titer] in Serum
31570-5,Porcine influenza virus A Ab [Units/volume] in Serum
109628-8,Porphyrins [Measurement] in Red Blood Cells
17476-3,Porphyrins [Units/volume] in Red Blood Cells
57378-2,Porphyrins/Creatinine [Molar ratio] in Urine
42569-4,Potassium [Mass or Moles/volume] in Serum or Plasma
51720-1,Potassium [Mass/time] in 24 hour Urine
75940-7,Potassium [Mass/volume] in Blood
82722-0,Potassium [Mass/volume] in Red Blood Cells
22760-3,Potassium [Mass/volume] in Serum or Plasma
108797-2,Potassium [Measurement] in Serum or Plasma
111266-3,Potassium [Measurement] in Stool
111459-4,Potassium [Measurement] in Urine
25506-7,Potassium [Moles/mass] in Stool
2829-0,Potassium [Moles/time] in 24 hour Urine
21476-7,Potassium [Moles/volume] in 24 hour Urine
32713-0,Potassium [Moles/volume] in Arterial blood
6298-4,Potassium [Moles/volume] in Blood
39790-1,Potassium [Moles/volume] in Capillary blood
2824-1,Potassium [Moles/volume] in Red Blood Cells
2825-8,Potassium [Moles/volume] in Saliva (oral fluid)
2823-3,Potassium [Moles/volume] in Serum or Plasma
77142-8,"Potassium [Moles/volume] in Serum, Plasma or Blood"
15202-5,Potassium [Moles/volume] in Stool
2828-2,Potassium [Moles/volume] in Urine
94841-4,Potassium [Moles/volume] in Urine from Fetus
39789-3,Potassium [Moles/volume] in Venous blood
13798-4,Potassium/Creatinine [Mass Ratio] in 24 hour Urine
11148-4,Potassium/Creatinine [Mass Ratio] in Urine
111108-7,Potassium/Creatinine [Measurement] in Urine
56143-1,Potassium/Creatinine [Molar ratio] in 24 hour Urine
33949-9,Potassium/Creatinine [Molar ratio] in Urine
56971-5,Potassium/Creatinine [Ratio] in 24 hour Urine
43222-9,Potassium/Creatinine [Ratio] in Urine
42975-3,Powassan virus Ab [Titer] in Serum
110704-4,Powassan virus IgG Ab [Measurement] in Serum
110703-6,Powassan virus IgM Ab [Measurement] in Serum
53229-1,Prealbumin [Mass/time] in 24 hour Urine
14338-8,Prealbumin [Mass/volume] in Serum or Plasma
40857-5,Prealbumin [Mass/volume] in Urine
110670-7,Prealbumin [Measurement] in Serum or Plasma
77192-3,Prealbumin [Moles/volume] in Serum or Plasma
2831-6,Pregnancy specific protein 1 [Mass/volume] in Serum
12820-7,Progesterone [Mass/volume] in 24 hour Urine
2838-1,Progesterone [Mass/volume] in Saliva (oral fluid)
2839-9,Progesterone [Mass/volume] in Serum or Plasma
17483-9,Progesterone [Mass/volume] in Urine
110647-5,Progesterone [Measurement] in Serum or Plasma
24109-1,Progesterone [Moles/volume] in Saliva (oral fluid)
14890-8,Progesterone [Moles/volume] in Serum or Plasma
14173-9,Progesterone Free [Mass/time] in 24 hour Urine
72889-9,Progesterone Free [Mass/volume] in Serum or Plasma
2840-7,Proinsulin [Mass/volume] in Serum or Plasma
27882-0,Proinsulin [Moles/volume] in Serum or Plasma
45338-1,Proinsulin/Insulin [Ratio] in Serum or Plasma
21380-1,Prolactin [Mass/time] in 24 hour Urine
2842-3,Prolactin [Mass/volume] in Serum or Plasma
12231-7,Prolactin [Mass/volume] in Serum or Plasma --baseline
111053-5,Prolactin [Measurement] in Serum or Plasma
15081-3,Prolactin [Units/volume] in Serum or Plasma
42607-2,Prolactin monomeric [Mass/volume] in Serum or Plasma
78994-1,Prolactin monomeric [Units/volume] in Serum or Plasma
78985-9,Prolactin.dimeric [Units/volume] in Serum or Plasma
13799-2,Proline/Creatinine [Mass Ratio] in Urine
22690-2,Proline/Creatinine [Molar ratio] in Urine
79588-0,Prolylhydroxyproline [Moles/volume] in Serum or Plasma
79611-0,Prolylhydroxyproline/Creatinine [Molar ratio] in Urine
2849-8,Propionate (C3) [Mass/volume] in Serum
58398-9,Propoxyphene/Creatinine [Mass Ratio] in Urine
2857-1,Prostate specific Ag [Mass/volume] in Serum or Plasma
34611-4,Prostate specific Ag [Mass/volume] in Urine
110671-5,Prostate specific Ag [Measurement] in Serum or Plasma
48167-1,Prostate specific Ag/Creatinine [Mass Ratio] in Urine
20420-6,Prostatic acid phosphatase [Mass/volume] in Serum
109247-7,Prostatic acid phosphatase [Measurement] in Serum
43718-6,Prostatic acid phosphatase [Presence] in Serum
21028-6,Protein [Interpretation] in 24 hour Urine
50749-1,Protein [Interpretation] in Urine
2889-4,Protein [Mass/time] in 24 hour Urine
21482-5,Protein [Mass/volume] in 24 hour Urine
107377-4,Protein [Mass/volume] in Blood
77359-8,Protein [Mass/volume] in Saliva (oral fluid)
2885-2,Protein [Mass/volume] in Serum or Plasma
47739-8,Protein [Mass/volume] in Stool
2888-6,Protein [Mass/volume] in Urine
108021-7,Protein [Measurement] in Urine
2887-8,Protein [Presence] in Urine
27298-9,Protein [Units/volume] in Urine
4671-4,Protein C [Mass/volume] in Plasma
50043-9,Protein carbonyl/Protein [Ratio] in Serum or Plasma
34641-1,Protein Fractions [Interpretation] in Serum or Plasma
104739-8,Protein Fractions [Interpretation] in Urine Narrative
2859-7,Protein kinase [Enzymatic activity/volume] in Serum
2860-5,Protein nitrogen [Mass/time] in 24 hour Urine
38528-6,Protein.abnormal band [Mass/time] in 24 hour Urine
49587-9,Protein.abnormal band [Mass/volume] in Serum
104267-0,Protein.glycosylated [Presence] in Serum or Plasma
104837-0,Protein.monoclonal [Mass/volume] in Serum or Plasma
35560-2,Protein.monoclonal [Mass/volume] in Urine
111390-1,Protein.monoclonal [Measurement] in Urine
94400-9,Protein.monoclonal [Presence] in Serum or Plasma
48627-4,Protein.monoclonal [Units/volume] in Urine
35561-0,Protein.monoclonal band 2 [Mass/volume] in Urine
13801-6,Protein/Creatinine [Mass Ratio] in 24 hour Urine
30154-9,Protein/Creatinine [Mass Ratio] in Serum or Plasma
2890-2,Protein/Creatinine [Mass Ratio] in Urine
111089-9,Protein/Creatinine [Measurement] in Urine
40486-3,Protein/Creatinine [Ratio] in 24 hour Urine
34366-5,Protein/Creatinine [Ratio] in Urine
96504-6,Protein/Osmolality [Ratio] in Urine
40457-4,Prothrombin Ab [Units/volume] in Serum or Plasma
40595-1,Prothrombin IgG Ab [Units/volume] in Serum or Plasma
40596-9,Prothrombin IgM Ab [Units/volume] in Serum or Plasma
34418-4,Protoporphyrin [Mass/mass] in Red Blood Cells
2897-7,Protoporphyrin [Presence] in Red Blood Cells
2892-8,Protoporphyrin Free [Mass/volume] in Blood
94491-8,Protoporphyrin Free [Mass/volume] in Red Blood Cells
15093-8,Protoporphyrin Free [Moles/volume] in Blood
39775-2,Protoporphyrin Free [Moles/volume] in Red Blood Cells
110891-9,Protoporphyrin.zinc [Measurement] in Red Blood Cells
111278-8,PRRSV Ab [Measurement] in Serum
46202-8,Psittacid herpesvirus 1 Ab [Presence] in Serum
48987-2,Pyridinoline.free/Creatinine [Molar ratio] in Urine
13802-4,Pyridinoline/Creatinine [Mass Ratio] in Urine
25130-6,Pyridinoline/Creatinine [Molar ratio] in 24 hour Urine
30572-2,Pyridoxal [Mass/volume] in Serum or Plasma
75041-4,Pyridoxal [Moles/volume] in Serum or Plasma
30552-4,Pyridoxal phosphate [Mass/volume] in Serum or Plasma
74442-5,Pyridoxal phosphate [Moles/volume] in Blood
62236-5,Pyridoxal phosphate [Moles/volume] in Serum or Plasma
2900-9,Pyridoxine [Mass/volume] in Serum or Plasma
39786-9,Pyridoxine [Moles/volume] in Serum or Plasma
26915-9,Pyridoxine [Presence] in Blood
2901-7,Pyridoxine congeners [Mass/volume] in Serum or Plasma
109627-0,Pyruvate kinase [Measurement] in Red Blood Cells
11227-6,Pyruvate kinase [Presence] in Blood
100654-3,Pyruvate kinase M2 [Presence] in Stool
108285-8,Pyruvate kinase M2 [Units/volume] in Serum
9779-0,quiNIDine Free [Mass/volume] in Serum or Plasma
33989-5,quiNINE induced platelet Ab [Presence] in Serum
50961-2,Rabbit Ab [Titer] in Serum
23575-4,Rabbit hemorrhagic disease virus Ab [Titer] in Serum
10961-1,Rabbit urine proteins IgE Ab [Units/volume] in Serum
99458-2,Rabbit urine proteins IgG Ab [Mass/volume] in Serum
6226-5,Rat urine proteins IgE Ab [Units/volume] in Serum
88970-9,RBC casts [#/area] in Urine sediment
111382-8,Reagin Ab [Measurement] in Serum
108664-4,Reagin Ab [Measurement] in Serum from Donor
22461-8,Reagin Ab [Presence] in Serum
22463-4,Reagin Ab [Presence] in Serum from Donor
11084-1,Reagin Ab [Titer] in Serum
22462-6,Reagin Ab [Units/volume] in Serum
32147-1,Reducing substances [Mass/volume] in Urine
5809-9,Reducing substances [Presence] in Urine
49628-1,Remnant lipoprotein [Mass/volume] in Serum or Plasma
22465-9,Reovirus Ab [Titer] in Serum
75632-0,Resistin [Mass/volume] in Serum or Plasma
111045-1,Respiratory syncytial virus Ab [Measurement] in Serum
33390-6,Respiratory syncytial virus Ab [Presence] in Serum
22466-7,Respiratory syncytial virus Ab [Titer] in Serum
17518-2,Respiratory syncytial virus IgG Ab [Titer] in Serum
22467-5,Respiratory syncytial virus IgM Ab [Titer] in Serum
9398-9,Reticulin Ab [Titer] in Serum
108866-5,Reticulin IgA Ab [Measurement] in Serum
110679-8,Reticulin IgG Ab [Measurement] in Serum
51643-5,Reticulocytes.high light scatter [#/volume] in Blood
2921-5,Retinoate [Mass/volume] in Serum or Plasma
17525-7,Retinoate esters [Mass/volume] in Serum or Plasma
2922-3,Retinol [Mass/volume] in Blood
2923-1,Retinol [Mass/volume] in Serum or Plasma
14905-4,Retinol [Moles/volume] in Serum or Plasma
18362-4,Retinol binding protein [Mass/time] in 24 hour Urine
33782-4,Retinol binding protein [Mass/volume] in Urine
17527-3,Retinol Free [Mass/volume] in Serum or Plasma
38496-6,Retinyl palmitate [Mass/volume] in Serum or Plasma
110678-0,Rheumatoid arthritis nuclear Ab [Measurement] in Serum
17532-3,Rheumatoid arthritis nuclear Ab [Presence] in Serum
111417-2,Rheumatoid factor [Measurement] in Serum
33910-1,Rheumatoid factor [Presence] in Serum
17857-4,Rheumatoid factor [Titer] in Serum
11572-5,Rheumatoid factor [Units/volume] in Serum or Plasma
33313-8,Rheumatoid factor IgA [Units/volume] in Serum
33314-6,Rheumatoid factor IgG [Units/volume] in Serum
108865-7,Rheumatoid factor IgM [Measurement] in Serum
11573-3,Rheumatoid factor IgM [Units/volume] in Serum
23775-0,Rhodococcus equi Ab [Titer] in Serum
47884-2,Ribitol/Creatinine [Molar ratio] in Urine
18374-9,Riboflavin [Mass/volume] in 24 hour Urine
6695-1,Riboflavin [Mass/volume] in Blood
2924-9,Riboflavin [Mass/volume] in Serum or Plasma
109509-0,Riboflavin [Measurement] in Blood
73723-9,Riboflavin [Moles/volume] in Blood
49038-3,Riboflavin [Moles/volume] in Serum or Plasma
27099-1,Riboflavin [Presence] in Blood
13635-8,Ribosomal Ab [Titer] in Serum
22484-0,Rickettsia sp Ab [Titer] in Serum
111458-6,Rubella virus Ab [Measurement] in Serum
22496-4,Rubella virus Ab [Presence] in Serum
22497-2,Rubella virus Ab [Titer] in Serum
8013-5,Rubella virus Ab [Units/volume] in Serum
31964-0,Rubella virus Ag [Presence] in Urine sediment
20458-6,Rubella virus IgG Ab [Interpretation] in Serum
110161-7,Rubella virus IgG Ab [Measurement] in Serum
25514-1,Rubella virus IgG Ab [Presence] in Serum
41763-4,Rubella virus IgG Ab [Titer] in Serum
8014-3,Rubella virus IgG Ab [Units/volume] in Serum
34421-8,Rubella virus IgG Ab avidity [Ratio] in Serum
110742-4,Rubella virus IgM Ab [Measurement] in Serum
31616-6,Rubella virus IgM Ab [Presence] in Serum
49107-6,Rubella virus IgM Ab [Titer] in Serum
8015-0,Rubella virus IgM Ab [Units/volume] in Serum
60169-0,Rubidium [Mass/volume] in Red Blood Cells
29970-1,Rubidium/Creatinine [Mass Ratio] in 24 hour Urine
113465-9,Rufinamide/Creatinine [Mass Ratio] in Urine
114470-8,S-Phenylmercapturic Acid [Mass/volume] in Urine
47275-3,S100 calcium binding protein B [Mass/volume] in Serum
60201-1,Salicylates [Mass/volume] in Blood
4024-6,Salicylates [Mass/volume] in Serum or Plasma
4026-1,Salicylates [Mass/volume] in Urine
111054-3,Salicylates [Measurement] in Serum or Plasma
108537-2,Salicylates [Measurement] in Urine
22701-7,Salicylates [Moles/volume] in Urine
17559-6,Salicylates [Presence] in Blood
4025-3,Salicylates [Presence] in Urine
80963-2,Salicylates free [Mass/volume] in Serum or Plasma
9721-2,Salivary gland Ab [Titer] in Serum
13806-5,Sarcosine/Creatinine [Mass Ratio] in Urine
25133-0,Sarcosine/Creatinine [Molar ratio] in Urine
29925-5,Scandium/Creatinine [Mass Ratio] in 24 hour Urine
111440-4,SCL-70 extractable nuclear Ab [Measurement] in Serum
8092-9,SCL-70 extractable nuclear Ab [Presence] in Serum
27416-7,SCL-70 extractable nuclear Ab [Units/volume] in Serum
21518-6,SCL-70 extractable nuclear IgG Ab [Presence] in Serum
14269-5,Sec-butyl acetate [Mass/volume] in Blood
30451-9,Segmented neutrophils [#/volume] in Blood
5723-2,Selenium [Mass/volume] in Red Blood Cells
52913-1,Selenium [Moles/volume] in Red Blood Cells
29917-2,Selenium/Creatinine [Mass Ratio] in 24 hour Urine
110349-8,Selenium/Creatinine [Measurement] in Urine
22684-5,Serine/Creatinine [Molar ratio] in Urine
42671-8,Serotonin [Entitic mass] in Platelets
71804-9,Serotonin [Entitic substance] in Platelets
2941-3,Serotonin [Mass/volume] in Platelets
34374-9,Serotonin/Creatinine [Molar ratio] in Urine
104658-0,Sialate.free/Creatinine [Molar ratio] in Urine
104660-6,Sialate.free/Sialate.total [Molar ratio] in Urine
26845-8,Sialate.lipid bound [Mass/volume] in Serum or Plasma
88012-0,Sialate.lipid bound/Creatinine [Molar ratio] in Urine
76024-9,Sialate/Creatinine [Molar ratio] in Urine
60171-6,Silicon [Mass/volume] in Red Blood Cells
44404-2,Silicon/Creatinine [Mass Ratio] in Urine
59740-1,Silver [Mass/volume] in Red Blood Cells
52896-8,Silver [Moles/volume] in Red Blood Cells
13476-7,Silver/Creatinine [Mass Ratio] in Urine
110346-4,Silver/Creatinine [Measurement] in Urine
66878-0,Skin Ab [Titer] in Serum
110755-6,Skin IgG Ab [Measurement] in Serum
111457-8,Smith extractable nuclear Ab [Measurement] in Serum
31627-3,Smith extractable nuclear Ab [Presence] in Serum
9722-0,Smith extractable nuclear Ab [Titer] in Serum
11090-8,Smith extractable nuclear Ab [Units/volume] in Serum
109026-5,Smith extractable nuclear B Ab [Measurement] in Serum
54030-2,Smith extractable nuclear B Ab [Presence] in Serum
54031-0,Smith extractable nuclear D Ab [Presence] in Serum
21523-6,Smith extractable nuclear IgG Ab [Presence] in Serum
42952-2,Snowshoe hare virus Ab [Titer] in Serum
110146-8,Snowshoe hare virus IgM Ab [Measurement] in Serum
42570-2,Sodium [Mass or Moles/volume] in Serum or Plasma
21527-7,Sodium [Mass/time] in 24 hour Urine
21526-9,Sodium [Mass/volume] in 24 hour Urine
82812-9,Sodium [Mass/volume] in Red Blood Cells
111263-0,Sodium [Measurement] in Stool
111466-9,Sodium [Measurement] in Urine
14055-8,Sodium [Moles/mass] in Stool
2956-1,Sodium [Moles/time] in 24 hour Urine
21525-1,Sodium [Moles/volume] in 24 hour Urine
32717-1,Sodium [Moles/volume] in Arterial blood
2947-0,Sodium [Moles/volume] in Blood
39792-7,Sodium [Moles/volume] in Capillary blood
12907-2,Sodium [Moles/volume] in Red Blood Cells
56979-8,Sodium [Moles/volume] in Saliva (oral fluid)
2951-2,Sodium [Moles/volume] in Serum or Plasma
77139-4,"Sodium [Moles/volume] in Serum, Plasma or Blood"
15207-4,Sodium [Moles/volume] in Stool
2955-3,Sodium [Moles/volume] in Urine
94842-2,Sodium [Moles/volume] in Urine from Fetus
39791-9,Sodium [Moles/volume] in Venous blood
56711-5,Sodium benzoate IgE Ab [Units/volume] in Serum
96293-6,Sodium nitrite IgE Ab [Units/volume] in Serum
43423-3,Sodium urate [Saturation Fraction] in 24 hour Urine
101935-5,Sodium urate crystals [Energy Difference] in Urine
13809-9,Sodium/Creatinine [Mass Ratio] in 24 hour Urine
11149-2,Sodium/Creatinine [Mass Ratio] in Urine
111097-2,Sodium/Creatinine [Measurement] in Urine
44405-9,Sodium/Creatinine [Molar ratio] in 24 hour Urine
33951-5,Sodium/Creatinine [Molar ratio] in Urine
56980-6,Sodium/Creatinine [Ratio] in 24 hour Urine
43223-7,Sodium/Creatinine [Ratio] in Urine
44406-7,Sodium/Potassium [Molar ratio] in 24 hour Urine
28003-2,Sodium/Potassium [Molar ratio] in Serum or Plasma
2959-5,Sodium/Potassium [Molar ratio] in Urine
110751-5,Soluble liver Ab [Measurement] in Serum
2486-9,Somatomedins [Mass/volume] in Serum or Plasma
44407-5,Somatotropin/Creatinine [Mass Ratio] in Urine
98231-4,Sorbic acid IgE Ab [Units/volume] in Serum
4031-1,Sotalol [Mass/volume] in Urine
108532-3,Sotalol [Measurement] in Urine
4030-3,Sotalol [Presence] in Urine
20401-6,Speckled nuclear Ab pattern [Titer] in Serum
48418-8,Staphylolysin Ab [Titer] in Serum
31970-7,Streptococcus pyogenes Ag [Presence] in Serum
22566-4,Streptococcus pyogenes enzyme Ab [Presence] in Serum
22567-2,Streptococcus pyogenes enzyme Ab [Titer] in Serum
4682-1,Streptokinase [Titer] in Serum
109034-9,Strongyloides sp IgG Ab [Measurement] in Serum
60173-2,Strontium [Mass/volume] in Red Blood Cells
29973-5,Strontium/Creatinine [Mass Ratio] in 24 hour Urine
108525-7,Succinate/Creatinine [Measurement] in Urine
25136-3,Succinate/Creatinine [Molar ratio] in Urine
59214-7,Succinyladenosine/Creatinine [Molar ratio] in Urine
17661-0,Succinylcholine [Mass/volume] in Serum or Plasma
12429-7,Succinylcholine [Mass/volume] in Urine
11201-1,Succinylcholine IgE Ab [Units/volume] in Serum
80974-9,Sulfamethoxazole free [Mass/volume] in Serum or Plasma
31162-1,Sulfate-3-Glucuronyl paragloboside Ab [Titer] in Serum
111295-2,Sulfatide IgG Ab [Measurement] in Serum
10866-2,Sulfatide IgG Ab [Titer] in Serum
111013-9,Sulfatide IgM Ab [Measurement] in Serum
10867-0,Sulfatide IgM Ab [Titer] in Serum
19759-0,Swine serum albumin IgE Ab [Units/volume] in Serum
10952-0,Swine urine proteins IgE Ab [Units/volume] in Serum
32559-7,Tau protein [Mass/volume] in Serum
2981-9,Taurine [Mass/volume] in Serum or Plasma
2982-7,Taurine [Mass/volume] in Urine
25533-1,Taurine [Moles/time] in 24 hour Urine
9324-5,Taurine [Moles/volume] in 24 hour Urine
20657-3,Taurine [Moles/volume] in Serum or Plasma
30563-1,Taurine [Moles/volume] in Urine
2980-1,Taurine [Presence] in Serum or Plasma
17678-4,Taurine [Presence] in Urine
26896-1,Taurine [Units/volume] in Serum or Plasma
44411-7,Taurine/Creatinine [Mass Ratio] in 24 hour Urine
13814-9,Taurine/Creatinine [Mass Ratio] in Urine
25985-3,Taurine/Creatinine [Molar ratio] in 24 hour Urine
25138-9,Taurine/Creatinine [Molar ratio] in Urine
56985-5,Taurine/Creatinine [Ratio] in 24 hour Urine
28595-7,Taurine/Creatinine [Ratio] in Urine
93327-5,Taurocholate [Moles/volume] in Serum or Plasma
93326-7,Taurodeoxycholate [Moles/volume] in Serum or Plasma
93324-2,Taurolithocholate [Moles/volume] in Serum or Plasma
50976-0,TCR gamma delta cells [#/volume] in Blood
80968-1,Teicoplanin free [Mass/volume] in Serum or Plasma
60180-7,Tellurium [Mass/volume] in Red Blood Cells
52920-6,Tellurium/Creatinine [Molar ratio] in 24 hour Urine
52919-8,Tellurium/Creatinine [Molar ratio] in Urine
14270-3,Tert-butyl acetate [Mass/volume] in Blood
13932-9,Testes IgG Ab [Titer] in Serum
2989-2,Testosterone [Mass/time] in 24 hour Urine
26826-8,Testosterone [Mass/volume] in 24 hour Urine
2984-3,Testosterone [Mass/volume] in Saliva (oral fluid)
2986-8,Testosterone [Mass/volume] in Serum or Plasma
2988-4,Testosterone [Mass/volume] in Urine
109236-0,Testosterone [Measurement] in Saliva (oral fluid)
111385-1,Testosterone [Measurement] in Serum or Plasma
111254-9,Testosterone [Measurement] in Urine
15095-3,Testosterone [Moles/time] in 24 hour Urine
25986-1,Testosterone [Moles/volume] in 24 hour Urine
48357-8,Testosterone [Moles/volume] in Saliva (oral fluid)
14913-8,Testosterone [Moles/volume] in Serum or Plasma
15094-6,Testosterone [Moles/volume] in Urine
27306-0,Testosterone [Presence] in Saliva (oral fluid)
2987-6,Testosterone [Presence] in Urine
2991-8,Testosterone Free [Mass/volume] in Serum or Plasma
111384-4,Testosterone Free [Measurement] in Serum or Plasma
14914-6,Testosterone Free [Moles/volume] in Serum or Plasma
30123-4,Testosterone.bound [Mass/volume] in Serum or Plasma
76352-4,Testosterone/Cortisol [Molar ratio] in Serum or Plasma
26827-6,Testosterone/Creatinine [Mass Ratio] in 24 hour Urine
13486-6,Testosterone/Creatinine [Mass Ratio] in Urine
108528-1,Testosterone/Creatinine [Measurement] in Urine
34380-6,Testosterone/Creatinine [Molar ratio] in Urine
31030-0,Testosterone/Epitestosterone [Mass Ratio] in Urine
50645-1,Tetrahydrocortisol/Creatinine [Mass Ratio] in Urine
81794-0,Tetrahydrocortisol/Creatinine [Molar ratio] in Urine
60185-6,Thallium [Mass/volume] in Red Blood Cells
47130-0,Thallium [Moles/volume] in Red Blood Cells
13469-2,Thallium/Creatinine [Mass Ratio] in Urine
80967-3,Theophylline free [Mass/volume] in Serum or Plasma
113444-4,Theophylline/Creatinine [Mass Ratio] in Urine
53117-8,Thermolabile hemoglobin [Presence] in Red Blood Cells
2998-3,Thiamine [Mass/volume] in Blood
2999-1,Thiamine [Mass/volume] in Serum or Plasma
109523-1,Thiamine [Measurement] in Blood
32554-8,Thiamine [Moles/volume] in Blood
20468-5,Thiamine [Moles/volume] in Serum or Plasma
27149-4,Thiamine [Presence] in Blood
96808-1,Thiamine IgE Ab [Units/volume] in Serum
3000-7,Thiamine pyrophosphate [Mass/volume] in Serum
74444-1,Thiamine pyrophosphate [Moles/volume] in Blood
49115-9,Thiamine.free [Mass/volume] in Blood
44413-3,Threonine/Creatinine [Mass Ratio] in 24 hour Urine
13815-6,Threonine/Creatinine [Mass Ratio] in Urine
25989-5,Threonine/Creatinine [Molar ratio] in 24 hour Urine
4686-2,Thromboglobulin [Mass/volume] in Plasma
44934-8,Thymidine kinase [Enzymatic activity/volume] in Serum
59215-4,Thymidine/Creatinine [Molar ratio] in Urine
48157-2,Thymine/Creatinine [Molar ratio] in Urine
110119-5,Thyroglobulin Ab [Measurement] in Serum
34642-9,Thyroid colloidal Ab [Titer] in Serum
27975-2,Thyrotropin [Mass/volume] in Serum or Plasma
110665-7,Thyrotropin [Measurement] in Serum or Plasma
14297-6,Thyrotropin [Moles/volume] in Serum or Plasma
20452-9,Thyrotropin [Presence] in Blood
3015-5,Thyrotropin [Units/volume] in Blood
26998-5,Thyrotropin [Units/volume] in Saliva (oral fluid)
3016-3,Thyrotropin [Units/volume] in Serum or Plasma
35134-6,Thyrotropin Ab [Presence] in Serum
5384-3,Thyrotropin Ab [Units/volume] in Serum
14255-4,Thyrotropin blocking Ab [Units/volume] in Serum
109054-7,Thyrotropin receptor Ab [Measurement] in Serum
82659-4,Thyrotropin receptor Ab [Presence] in Serum
5385-0,Thyrotropin receptor Ab [Units/volume] in Serum
3018-9,Thyrotropin releasing hormone [Mass/volume] in Plasma
70096-3,Thyrotropin releasing hormone [Mass/volume] in Urine
3019-7,Thyrotropin.long acting [Presence] in Serum or Plasma
97166-3,Thyroxine (T4) [Mass/time] in 24 hour Urine
3025-4,Thyroxine (T4) [Mass/volume] in Blood
27000-9,Thyroxine (T4) [Mass/volume] in Saliva (oral fluid)
3026-2,Thyroxine (T4) [Mass/volume] in Serum or Plasma
110664-0,Thyroxine (T4) [Measurement] in Serum or Plasma
97167-1,Thyroxine (T4) [Moles/time] in 24 hour Urine
14921-1,Thyroxine (T4) [Moles/volume] in Serum or Plasma
20451-1,Thyroxine (T4) [Presence] in Blood
38356-2,Thyroxine (T4) Ab [Presence] in Serum
9580-2,Thyroxine (T4) Ab [Units/volume] in Serum
3024-7,Thyroxine (T4) free [Mass/volume] in Serum or Plasma
111274-7,Thyroxine (T4) free [Measurement] in Serum or Plasma
14920-3,Thyroxine (T4) free [Moles/volume] in Serum or Plasma
3020-5,Thyroxine binding globulin [Mass/volume] in Blood
110117-9,TIF1-gamma Ab [Measurement] in Serum
107562-1,TIF1-gamma Ab [Presence] in Serum or Plasma
105555-7,TIF1-gamma Ab [Units/volume] in Serum
24444-2,Tiglylglycine/Creatinine [Molar ratio] in Urine
60190-6,Tin [Mass/volume] in Red Blood Cells
29981-8,Tin/Creatinine [Mass Ratio] in 24 hour Urine
17710-5,Tin/Creatinine [Mass Ratio] in Urine
110358-9,Tin/Creatinine [Measurement] in Urine
52916-4,Tin/Creatinine [Molar ratio] in 24 hour Urine
53023-8,Tissue transglutaminase Ab [Presence] in Serum
110116-1,Tissue transglutaminase IgA Ab [Measurement] in Serum
35285-6,Tissue transglutaminase IgA Ab [Presence] in Serum
31017-7,Tissue transglutaminase IgA Ab [Units/volume] in Serum
109056-2,Tissue transglutaminase IgG Ab [Measurement] in Serum
53026-1,Tissue transglutaminase IgG Ab [Presence] in Serum
32998-7,Tissue transglutaminase IgG Ab [Units/volume] in Serum
35880-4,Tissue transglutaminase IgM Ab [Units/volume] in Serum
59755-9,Titanium [Mass/volume] in Red Blood Cells
52894-3,Titanium [Moles/volume] in Red Blood Cells
104656-4,Titanium/Creatinine [Mass Ratio] in Urine
80966-5,Tobramycin free [Mass/volume] in Serum or Plasma
74544-8,Tocopherols [Entitic substance] in Red Blood Cells
47791-9,Tocopherols [Mass/volume] in Serum or Plasma
29747-3,Tocopherols [Moles/volume] in Serum or Plasma
80965-7,Topiramate free [Mass/volume] in Serum or Plasma
113463-4,Topiramate/Creatinine [Mass Ratio] in Urine
30158-0,Toxoplasma gondii [Presence] in Stool
20464-4,Toxoplasma gondii Ab [Interpretation] in Serum
111296-0,Toxoplasma gondii Ab [Measurement] in Serum
22577-1,Toxoplasma gondii Ab [Presence] in Serum
42949-8,Toxoplasma gondii Ab [Titer] in Serum
11598-0,Toxoplasma gondii Ab [Units/volume] in Serum
41124-9,Toxoplasma gondii AC Ab [Units/volume] in Serum
41123-1,Toxoplasma gondii HS Ab [Units/volume] in Serum
110760-6,Toxoplasma gondii IgA Ab [Measurement] in Serum
33459-9,Toxoplasma gondii IgA Ab [Presence] in Serum
60428-0,Toxoplasma gondii IgA Ab [Titer] in Serum
22578-9,Toxoplasma gondii IgA Ab [Units/volume] in Serum
22579-7,Toxoplasma gondii IgA+IgE Ab [Units/volume] in Serum
110127-8,Toxoplasma gondii IgE Ab [Measurement] in Serum
27354-0,Toxoplasma gondii IgE Ab [Presence] in Serum
17716-2,Toxoplasma gondii IgE Ab [Units/volume] in Serum
111438-8,Toxoplasma gondii IgG Ab [Measurement] in Serum
22580-5,Toxoplasma gondii IgG Ab [Presence] in Serum
22582-1,Toxoplasma gondii IgG Ab [Titer] in Serum
8039-0,Toxoplasma gondii IgG Ab [Units/volume] in Serum
47389-2,Toxoplasma gondii IgG Ab avidity [Presence] in Serum
34422-6,Toxoplasma gondii IgG Ab avidity [Ratio] in Serum
17717-0,Toxoplasma gondii IgG+IgM Ab [Presence] in Serum
111002-2,Toxoplasma gondii IgM Ab [Measurement] in Serum
25542-2,Toxoplasma gondii IgM Ab [Presence] in Serum
22584-7,Toxoplasma gondii IgM Ab [Titer] in Serum
8040-8,Toxoplasma gondii IgM Ab [Units/volume] in Serum
58404-5,traMADol/Creatinine [Mass Ratio] in Urine
72665-3,"Trans,trans-muconic acid [Mass/volume] in Urine"
3033-8,Transcortin [Mass/volume] in Serum
35229-4,Transferrin [Mass or Moles/volume] in Serum or Plasma
74977-0,Transferrin [Mass/time] in 24 hour Urine
3034-6,Transferrin [Mass/volume] in Serum or Plasma
3035-3,Transferrin [Mass/volume] in Urine
110293-8,Transferrin [Measurement] in Serum or Plasma
22674-6,Transferrin [Moles/volume] in Serum or Plasma
105095-4,Transitional cells [#/area] in Urine sediment
108019-1,Treponema pallidum Ab [Measurement] in Serum
22587-0,Treponema pallidum Ab [Presence] in Serum
46206-9,Treponema pallidum Ab [Presence] in Serum from Donor
22590-4,Treponema pallidum Ab [Titer] in Serum
22585-4,Treponema pallidum Ab [Units/volume] in Blood
11597-2,Treponema pallidum Ab [Units/volume] in Serum
111298-6,Treponema pallidum IgG Ab [Measurement] in Serum
6561-5,Treponema pallidum IgG Ab [Presence] in Serum
22592-0,Treponema pallidum IgG Ab [Units/volume] in Serum
34147-9,Treponema pallidum IgG+IgM Ab [Presence] in Serum
111297-8,Treponema pallidum IgM Ab [Measurement] in Serum
6562-3,Treponema pallidum IgM Ab [Presence] in Serum
22594-6,Treponema pallidum IgM Ab [Units/volume] in Serum
26658-5,Treponema sp Ab [Presence] in Serum
74682-6,Trichloroethanol.free [Mass/volume] in Blood
105096-2,Trichomonas vaginalis [Presence] in Urine sediment
3043-7,Triglyceride [Mass/volume] in Blood
2571-8,Triglyceride [Mass/volume] in Serum or Plasma
14450-1,Triglyceride [Mass/volume] in Urine
111065-9,Triglyceride [Measurement] in Serum or Plasma
108346-8,Triglyceride [Measurement] in Urine
59571-0,Triglyceride [Moles/time] in 24 hour Urine
70218-3,Triglyceride [Moles/volume] in Blood
14927-8,Triglyceride [Moles/volume] in Serum or Plasma
59572-8,Triglyceride [Moles/volume] in Urine
28554-4,Triglyceride [Presence] in Serum or Plasma
97164-8,Triiodothyronine (T3) [Mass/time] in 24 hour Urine
97165-5,Triiodothyronine (T3) [Moles/time] in 24 hour Urine
43172-6,Triiodothyronine (T3) Ab [Presence] in Serum
5396-7,Triiodothyronine (T3) Ab [Units/volume] in Serum
80973-1,Trimethoprim free [Mass/volume] in Serum or Plasma
79331-5,Trimethyllysine/Creatinine [Molar ratio] in Urine
42757-5,Troponin I.cardiac [Mass/volume] in Blood
10839-9,Troponin I.cardiac [Mass/volume] in Serum or Plasma
110289-6,Troponin I.cardiac [Measurement] in Serum or Plasma
16255-2,Troponin I.cardiac [Units/volume] in Serum or Plasma
48425-3,Troponin T.cardiac [Mass/volume] in Blood
6598-7,Troponin T.cardiac [Mass/volume] in Serum or Plasma
6597-9,Troponin T.cardiac [Mass/volume] in Venous blood
110288-8,Troponin T.cardiac [Measurement] in Serum or Plasma
48426-1,Troponin T.cardiac [Presence] in Blood
33204-9,Troponin T.cardiac [Presence] in Serum or Plasma
33669-3,Trypsin [Titer] in Stool
3067-6,Trypsinogen I Free [Mass/volume] in Serum or Plasma
60539-4,Tryptase.beta [Mass/volume] in Serum or Plasma
3073-4,Tryptophan Free [Mass/volume] in Serum or Plasma
25994-5,Tryptophan/Creatinine [Molar ratio] in 24 hour Urine
107170-3,Tubular cells [#/volume] in Urine sediment
40690-0,Tumor Ag 90 [Units/volume] in Serum
59766-6,Tungsten [Mass/volume] in Red Blood Cells
88969-1,Tyrosine crystals [#/area] in Urine sediment
30054-1,Tyrosine/Creatinine [Ratio] in Urine
4639-1,Unstable Hemoglobin [Presence] in Red Blood Cells
25140-5,Uracil/Creatinine [Molar ratio] in Urine
110465-2,Uranium/Creatinine [Measurement] in Urine
35253-4,Urate [Mass or Moles/volume] in 24 hour Urine
35232-8,Urate [Mass or Moles/volume] in Serum or Plasma
35233-6,Urate [Mass or Moles/volume] in Urine
3087-4,Urate [Mass/time] in 24 hour Urine
21587-1,Urate [Mass/volume] in 24 hour Urine
98981-4,Urate [Mass/volume] in Blood
3084-1,Urate [Mass/volume] in Serum or Plasma
3086-6,Urate [Mass/volume] in Urine
108691-7,Urate [Measurement] in Serum or Plasma
111470-1,Urate [Measurement] in Urine
14935-1,Urate [Moles/time] in 24 hour Urine
25997-8,Urate [Moles/volume] in 24 hour Urine
14933-6,Urate [Moles/volume] in Serum or Plasma
14934-4,Urate [Moles/volume] in Urine
42678-3,Urate [Saturation Fraction] in 24 hour Urine
101735-9,Urate crystals [Energy Difference] in 24 hour Urine
101934-8,Urate crystals [Energy Difference] in Urine
101827-4,Urate crystals [Saturation Fraction] in 24 hour Urine
13657-2,Urate crystals amorphous [#/volume] in Urine sediment
105097-0,Urate crystals amorphous [Presence] in Urine sediment
13820-6,Urate/Creatinine [Mass Ratio] in 24 hour Urine
3089-0,Urate/Creatinine [Mass Ratio] in Urine
110463-7,Urate/Creatinine [Measurement] in Urine
75642-9,Urate/Creatinine [Molar ratio] in 24 hour Urine
34385-5,Urate/Creatinine [Molar ratio] in Urine
42571-0,Urea [Mass or Moles/volume] in Serum or Plasma
48999-7,Urea [Mass/time] in 24 hour Urine
63481-6,Urea [Mass/volume] in 24 hour Urine
20977-5,Urea [Mass/volume] in Blood
3091-6,Urea [Mass/volume] in Serum or Plasma
3092-4,Urea [Mass/volume] in Urine
108690-9,Urea [Measurement] in Serum or Plasma
111460-2,Urea [Measurement] in Urine
25550-5,Urea [Moles/time] in 24 hour Urine
25998-6,Urea [Moles/volume] in 24 hour Urine
72927-7,Urea [Moles/volume] in Arterial blood
72903-8,Urea [Moles/volume] in Blood
22664-7,Urea [Moles/volume] in Serum or Plasma
39777-8,Urea [Moles/volume] in Serum or Plasma --pre dialysis
77136-0,"Urea [Moles/volume] in Serum, Plasma or Blood"
47798-4,Urea [Moles/volume] in Stool
22700-9,Urea [Moles/volume] in Urine
72926-9,Urea [Moles/volume] in Venous blood
35235-1,Urea nitrogen [Mass or Moles/volume] in Urine
3096-5,Urea nitrogen [Mass/time] in 24 hour Urine
12967-6,Urea nitrogen [Mass/volume] in 24 hour Urine
12961-9,Urea nitrogen [Mass/volume] in Arterial blood
6299-2,Urea nitrogen [Mass/volume] in Blood
12964-3,Urea nitrogen [Mass/volume] in Blood --baseline
3094-0,Urea nitrogen [Mass/volume] in Serum or Plasma
3095-7,Urea nitrogen [Mass/volume] in Urine
12962-7,Urea nitrogen [Mass/volume] in Venous blood
108689-1,Urea nitrogen [Measurement] in Serum or Plasma
111399-2,Urea nitrogen [Measurement] in Urine
14939-3,Urea nitrogen [Moles/time] in 24 hour Urine
33355-9,Urea nitrogen [Moles/volume] in 24 hour Urine
59570-2,Urea nitrogen [Moles/volume] in Blood
14937-7,Urea nitrogen [Moles/volume] in Serum or Plasma
14938-5,Urea nitrogen [Moles/volume] in Urine
44734-2,Urea nitrogen/Creatinine [Mass Ratio] in Blood
44416-6,Urea nitrogen/Creatinine [Mass Ratio] in Urine
56996-2,Urea/Creatinine [Mass Ratio] in 24 hour Urine
56997-0,Urea/Creatinine [Mass Ratio] in Serum or Plasma
97187-9,Urea/Creatinine [Mass Ratio] in Urine
110488-4,Urea/Creatinine [Measurement] in Urine
25999-4,Urea/Creatinine [Molar ratio] in 24 hour Urine
39783-6,Urea/Creatinine [Molar ratio] in Serum or Plasma
59786-4,Urea/Creatinine [Molar ratio] in Urine
40487-1,Urea/Creatinine [Ratio] in Urine
32345-1,Uroporphyrin [Moles/volume] in Red Blood Cells
38508-8,Uroporphyrin/Creatinine [Mass Ratio] in Urine
45319-1,Uroporphyrin/Creatinine [Molar ratio] in Urine
13822-2,Valine/Creatinine [Mass Ratio] in Urine
22692-8,Valine/Creatinine [Molar ratio] in Urine
56998-8,Valine/Creatinine [Ratio] in 24 hour Urine
15375-9,Valproate Free [Mass/volume] in Saliva (oral fluid)
4087-3,Valproate Free [Mass/volume] in Serum or Plasma
32119-0,Valproate Free [Moles/volume] in Serum or Plasma
5755-4,Vanadium [Mass/volume] in Red Blood Cells
50935-6,Vanadium [Moles/volume] in Red Blood Cells
13831-3,Vanadium/Creatinine [Mass Ratio] in Urine
52900-8,Vanadium/Creatinine [Molar ratio] in 24 hour Urine
52901-6,Vanadium/Creatinine [Molar ratio] in Urine
20578-1,Vancomycin [Mass/volume] in Serum or Plasma
4090-7,Vancomycin [Mass/volume] in Serum or Plasma --peak
4091-5,Vancomycin [Mass/volume] in Serum or Plasma --random
4092-3,Vancomycin [Mass/volume] in Serum or Plasma --trough
31012-8,Vancomycin [Moles/volume] in Serum or Plasma
39796-8,Vancomycin [Moles/volume] in Serum or Plasma --peak
39797-6,Vancomycin [Moles/volume] in Serum or Plasma --trough
4089-9,Vancomycin Free [Mass/volume] in Serum or Plasma
96807-3,Vancomycin IgE Ab [Units/volume] in Serum
48158-0,Vanillate/Creatinine [Molar ratio] in Urine
3123-7,Vanillylmandelate/Creatine [Mass Ratio] in Urine
108300-5,Vanillylmandelate/Creatine [Measurement] in Urine
56645-5,Vanillylmandelate/Creatine [Ratio] in 24 hour Urine
3124-5,Vanillylmandelate/Creatinine [Mass Ratio] in Urine
26477-0,Variant lymphocytes [#/volume] in Blood
104802-4,Variant lymphocytes [Presence] in Blood
111437-0,Varicella zoster virus Ab [Measurement] in Serum
109520-7,Varicella zoster virus DNA [Measurement] in Blood
111373-7,Varicella zoster virus IgG Ab [Measurement] in Serum
111372-9,Varicella zoster virus IgM Ab [Measurement] in Serum
17768-3,Vinyl chloride [Mass/volume] in Blood
13640-8,Vinyl chloride [Mass/volume] in Urine
30073-1,Voltage-gated calcium channel Ab [Presence] in Serum
88968-3,Waxy casts [#/area] in Urine sediment
41187-6,Waxy casts [#/volume] in Urine sediment
88976-6,WBC casts [#/area] in Urine sediment
41225-4,West Nile virus Ab [Titer] in Serum
110999-0,West Nile virus IgG Ab [Measurement] in Serum
41211-4,West Nile virus IgG+IgM Ab [Presence] in Serum
110998-2,West Nile virus IgM Ab [Measurement] in Serum
24511-8,Western wheatgrass IgE Ab [Units/volume] in Serum
7672-9,Wheat Stem Rust IgE Ab [Units/volume] in Serum
38371-1,Xanthine/Creatinine [Molar ratio] in Urine
80185-2,Xanthopterin/Creatinine [Molar ratio] in Urine
101990-0,Xanthurenate/Creatinine [Mass Ratio] in Urine
61406-5,XXX blood group Ab [Titer] in Serum or Plasma
50962-0,XXX blood group IgG Ab [Titer] in Serum or Plasma
50963-8,XXX blood group IgM Ab [Titer] in Serum or Plasma
48132-5,Xylitol/Creatinine [Molar ratio] in Urine
105098-8,Yeast [#/area] in Urine sediment
87831-4,Yeast [Presence] in Urine
105099-6,Yeast [Presence] in Urine sediment
21033-6,Yeast.budding [Presence] in Urine sediment
6967-4,Yersinia pseudotuberculosis Ab [Titer] in Serum
109108-1,Yersinia sp IgA Ab [Measurement] in Serum
109107-3,Yersinia sp IgG Ab [Measurement] in Serum
110772-1,Yersinia sp IgM Ab [Measurement] in Serum
29125-2,Zalcitabine [Units/volume] in Serum or Plasma
27125-4,Zinc [Mass/mass] in Red Blood Cells
5761-2,Zinc [Mass/volume] in Red Blood Cells
109638-7,Zinc [Measurement] in Red Blood Cells
25557-0,Zinc [Moles/volume] in Red Blood Cells
27201-3,Zinc/Creatinine [Mass Ratio] in 24 hour Urine
110476-9,Zinc/Creatinine [Measurement] in Urine
113453-5,Ziprasidone/Creatinine [Mass Ratio] in Urine
