name,label
OTHER,Other (not in list)
2723903,Aagylur (brand)
190521,Abacavir
1921069,Abaloparatide
614391,Abatacept
2536435,Abecma (brand)
81507,Abelcet (brand)
1946825,Abemaciclib
352393,Abilify (brand)
1100072,Abiraterone
2702595,Abirtega (brand)
589511,Abraxane (brand)
285039,Abreva (brand)
2637871,Abreva Rapid Pain Relief (brand)
2668066,Abrilada (brand)
2591476,Abrocitinib
2642144,Abrysvo (brand)
658745,Absorbine (brand)
1299198,Absorica (brand)
1053648,Abstral (brand)
1370191,Acacia angustissima bark extract
1811251,Acacia catechu wood extract
1607326,Acacia decurrens flower wax
851732,Acacia pollen extract
1989248,Acacia senegal whole extract
2398145,Acacia seyal whole extract
824547,Acai extract
1309282,Acai oil
1986808,Acalabrutinib
82819,Acamprosate
810005,Acanya (brand)
16681,Acarbose
135092,Accolate (brand)
2539944,Accrufer (brand)
72210,Accupril (brand)
151293,Accuretic (brand)
202795,Accutane (brand)
149,Acebutolol
2721766,Aceclidine
1426379,Aceglutamide
2749415,Acellular nerve allograft
2700338,Acellular tissue engineered vessel
261438,Aceon (brand)
225064,Acephen (brand)
155,Acepromazine
1309406,Acer saccharum bark-sap extract
1310546,Acesulfame
404825,Acetadote (brand)
1116529,Acetadryl (brand)
1311137,Acetaldehyde
2370868,Acetamidoethoxyethanol
161,Acetaminophen
167,Acetazolamide
168,Acetic acid
16728,Acetohydroxamic acid
2683094,Acetoin
178,Acetone
1313222,Acetyl carboxymethyl cocoyl glycine
2289006,Acetyl cedrene
2289007,Acetyl hexamethyl tetralin
1798383,Acetyl hexapeptide-49
1314329,Acetyl hexapeptide-8
2476004,Acetyl tetrapeptide-2
2000919,Acetyl tetrapeptide-3
1313223,Acetyl triethylhexyl citrate
1789515,Acetylated lanolin
1364294,Acetylated lanolin alcohols
193,Acetylcarnitine
1425216,Acetylcellulose
194,Acetylcholine
197,Acetylcysteine
1362871,Acetylglucosamine
1362881,Acetyltributyl citrate
1311603,Acetyltriethyl citrate
1372250,Achillea millefolium extract
2101006,Acid blue 9 ammonium
352396,Acid Gone (brand)
1426422,Acid violet 43
2465831,Acid yellow 1
261440,Aciphex (brand)
16818,Acitretin
1303098,Aclidinium
214986,Acne-Clear (brand)
997961,Acnevir (brand)
214988,Acnomel (brand)
2716801,Acoltremon
2698312,Acoramidis
1310280,Acorus calamus extract
1306197,Acorus gramineus root extract
905070,Acremonium strictum allergenic extract
1368125,Acrylamide
214916,ACT Fluoride Rinse (brand)
895761,Actemra (brand)
1040019,Acthar (brand)
637866,ActHIB (brand)
214998,Acticin (brand)
1543946,Acticlate (brand)
1251406,Actidose (brand)
258348,Actimmune (brand)
1307842,Actinidia chinensis seed extract
215008,Actiq (brand)
204210,Activase (brand)
272,Activated charcoal
1085416,Active Q (brand)
2119850,ActivICE (brand)
707399,ActivOn Arthritis (brand)
753143,Actonel (brand)
602411,Actoplus Met (brand)
261442,Actos (brand)
152819,Acular (brand)
858359,Acuvail (brand)
281,Acyclovir
605173,Aczone (brand)
605718,Adacel (brand)
2625882,Adagrasib
2262426,Adakveo (brand)
327361,Adalimumab
1424863,Adansonia digitata fruit extract
1421429,Adansonia digitata seed oil
60223,Adapalene
1364415,Adasuve (brand)
2589380,Adbry (brand)
1147324,Adcetris (brand)
849863,Adcirca (brand)
900431,Addaprin (brand)
84815,Adderall (brand)
1666386,Addyi (brand)
16521,Adefovir
1439889,Adempas (brand)
258345,Adenocard (brand)
296,Adenosine
318,Adenosine triphosphate
1099933,Adenovirus type 4 vaccine live
1099937,Adenovirus type 7 vaccine live
332,Adipex-P (brand)
17050,Adipic acid
2597448,Adlarity (brand)
1992165,Admelog (brand)
353445,Adoxa (brand)
2738420,Adquey (brand)
1490053,Adrenalin (brand)
42512,Adriamycin (brand)
202632,Adrucil (brand)
2644441,Adstiladrin (brand)
2671586,Adthyza (brand)
2557217,Aducanumab
2557225,Aduhelm (brand)
301543,Advair (brand)
669348,Advate (brand)
153010,Advil (brand)
1741392,Adynovate (brand)
1739804,Adzenys (brand)
2670294,Adzynma (brand)
2106357,Aemcolo (brand)
1309498,Aesculus hippocastanum leaf extract
1535452,Aesculus hippocastanum seed oil
2262250,Afamelanotide
2690256,Afamitresgene autoleucel
1430438,Afatinib
2731469,Aficamten
845509,Afinitor (brand)
1232150,Aflibercept
1543203,Afrezza (brand)
215051,Afrin (brand)
1796380,Afstyla (brand)
1598653,Aftera (brand)
1545298,Afterpill (brand)
338817,Agalsidase beta
2669805,Agamree (brand)
397,Agar
2714500,Agave tequilana inulin
2122086,Agave tequilana juice
1307543,Agave tequilana leaf extract
2644446,Agave tequilana stem extract
187024,Aggrastat (brand)
885183,Agkistrodon piscivorus antivenin
215060,Agrylin (brand)
1366495,Ahist Antihistamine (brand)
2706535,Ahzantive (brand)
2045628,Aimovig (brand)
411,Air
1918195,AirDuo (brand)
2665908,Airsupra (brand)
2056696,Ajovy (brand)
2645245,Akeega (brand)
2205643,Aklief (brand)
1796726,Akovaz (brand)
809470,Akten (brand)
1552344,Akynzeo (brand)
1942753,Ala Seb T (brand)
215068,Ala-Cort (brand)
1041509,Ala-Hist IR (brand)
884074,Ala-Scalp (brand)
2286593,Alahist D (brand)
426,Alanine
1359422,Alanylglutamine
352401,Alavert (brand)
608666,Alavert D (brand)
707591,Alaway (brand)
2603280,Albatrellus confluens fruiting body extract
430,Albendazole
151717,Albenza (brand)
1117552,Albuked (brand)
2054160,Albuminex (brand)
404834,Alburx (brand)
151314,Albutein (brand)
435,Albuterol
1000082,Alcaftadine
203758,Alcaine (brand)
2711887,Alchemilla vulgaris flowering top extract
1309722,Alchemilla xanthochlora flowering top extract
108088,Alclometasone
1305554,Alcloxa
581494,Alcortin (brand)
1191043,Alcortin A (brand)
151317,Aldactone (brand)
70223,Aldesleukin
707263,Aldex AN (brand)
23161,Aldioxa
404838,Aldurazyme (brand)
1727480,Alecensa (brand)
1727455,Alectinib
117055,Alemtuzumab
46041,Alendronate
1543309,Alevazol (brand)
215101,Aleve (brand)
2550736,Aleve Arthritis Pain (brand)
1550958,Aleve PM (brand)
852634,Alfalfa pollen extract
285243,Alfalfa preparation
480,Alfentanil
215103,Alferon N (brand)
17300,Alfuzosin
17305,Alginic acid
629565,Alglucosidase alfa
2708348,Alhemo (brand)
827148,Align (brand)
323879,Alimta (brand)
352403,Alinia (brand)
1945082,Aliqopa (brand)
1659152,Alirocumab
325646,Aliskiren
81864,Alitretinoin
215111,Alka-Mints (brand)
17315,Alka-Seltzer (brand)
151325,Alkeran (brand)
2399645,Alkindi (brand)
215115,Alkums (brand)
508,Allantoin
2602140,Allday (brand)
324026,Allegra (brand)
215122,Allegra-D (brand)
215124,Aller-Chlor (brand)
2289238,Aller-Cort (brand)
1795958,Aller-Flo (brand)
865258,Aller-Tec (brand)
900604,Aller-Tec D (brand)
1369748,Allerclear (brand)
215129,Allerest 12 Hour Nasal Spray (brand)
833246,AllerNaze (brand)
705754,Allfen Jr (brand)
708361,Alli (brand)
1441536,Allium sativum whole extract
2626460,Allogeneic processed thymus tissue
519,Allopurinol
897304,Allscale pollen extract
1310600,Allura red AC dye
2557380,Allyl cyclohexaneacetate
2383931,Allyl cyclohexanepropionate
2383533,Allyl heptanoate
1807113,Allyl hexanoate
2003177,Allyl pentaerythritol
1307102,Allyl sucrose
2279002,Allzital (brand)
215155,Almacone (brand)
892507,Almond allergenic extract
1305638,Almond oil
279645,Almotriptan
1487000,Alocane (brand)
2477935,Alocane Max Strength (brand)
1539437,Alocane Plus (brand)
262233,Alocril (brand)
727248,Alodox (brand)
1420957,Aloe andongensis leaf extract
1422928,Aloe arborescens leaf extract
2055101,Aloe arborescens whole extract
91263,Aloe extract
1309503,Aloe ferox leaf preparation
476786,Aloe polysaccharide
1309199,Aloe vera flower extract
1306128,Aloe vera leaf extract
1739980,Aloe vera leaf polysaccharides
1312539,Aloe vera whole extract
1486842,Aloe Vesta Antifungal (brand)
866788,Aloe Vesta Protective Barrier (brand)
1368001,Alogliptin
71901,Alomide (brand)
261446,Aloprim (brand)
215168,Alora (brand)
85248,Alosetron
2169285,Alpelisib
535,Alpha 1-antitrypsin
2675320,Alpha bisabolene
236797,Alpha hydroxy acids
1859172,Alpha ionone
237099,Alpha tocopherol
1363429,Alpha-arbutin
1362882,Alpha-cyclodextrin
259351,Alpha-D-galactosidase enzyme
1424647,Alpha-glucan oligosaccharide
1311811,Alpha-hexylcinnamaldehyde
1720936,Alpha-isobutylphenethyl alcohol
1368186,Alpha-isomethylionone
2362183,Alpha-pinene
153358,Alphagan (brand)
153266,Alphanate (brand)
215171,Alphanine SD (brand)
1328308,Alpine strawberry extract
596,Alprazolam
1536002,Alprolix (brand)
598,Alprostadil
215176,Alrex (brand)
716664,Altabax (brand)
603899,Altacaine (brand)
262418,Altace (brand)
2099518,Altafluor (brand)
1088143,Altalube (brand)
215180,Altamist (brand)
603917,Altazine (brand)
8410,Alteplase
901845,Alternaria alternata allergenic extract
1551569,Alteromonas macleodii
1435101,Althaea officinalis flower extract
1306165,Althaea officinalis root extract
541841,Altoprev (brand)
2055004,Altreno (brand)
1314612,Altrenogest
2631089,Altuviiio (brand)
1311504,Aluminum
17609,Aluminum acetate
1546162,Aluminum cation
46241,Aluminum chloride
17610,Aluminum chlorohydrate
1313224,Aluminum chlorohydrex propylene glycol
2045337,Aluminum dicetyl phosphate
612,Aluminum hydroxide
17614,Aluminum magnesium silicate
615,Aluminum oxide
17618,Aluminum phosphate
1362917,Aluminum silicate
1426415,Aluminum starch octenylsuccinate
46243,Aluminum stearate
235461,Aluminum subacetate
17621,Aluminum sulfate
1306098,Aluminum sulfate tetradecahydrate
1921223,Alunbrig (brand)
1087590,Aluvea (brand)
2675188,Alvaiz (brand)
356739,Alvesco (brand)
480639,Alvimopan
2701439,Alyftrek (brand)
2672100,Alyglo (brand)
2599045,Alymsys (brand)
2110450,Alyq (brand)
620,Amantadine
1433189,Amaranth dye
153592,Amaryl (brand)
1311393,Amber
131725,Ambien (brand)
151338,AmBisome (brand)
358274,Ambrisentan
1347557,Ambrosia artemisiifolia extract
625,Ambroxol
17652,Amcinonide
626,Amdinocillin
627,Amdinocillin pivoxil
1806646,Ameluz (brand)
258350,Americaine (brand)
215204,Americaine Hemorrhoidal (brand)
1601988,American aloe stem extract
995754,American basswood pollen extract
905258,American cockroach allergenic extract
1310213,American elderberry extract
852054,American elm pollen extract
1116977,American house dust mite allergenic extract
2743046,Amerithroid (brand)
204292,Amicar (brand)
215216,Amidate (brand)
2106338,Amifampridine
4126,Amifostine
641,Amikacin
644,Amiloride
1311153,Amino methacrylate copolymer
155002,Aminolevulinate
683,Aminolevulinic acid
1307680,Aminomethyl propanediol
1440266,Aminometradine
1006397,Aminopentamide
689,Aminophylline
2462496,Aminopromazine
1440268,Aminopropazine fumarate
1307558,Aminopropyl ascorbyl phosphate
7833,Aminosalicylic acid
703,Amiodarone
46303,Amisulpride
615205,Amitiza (brand)
704,Amitriptyline
2549199,Amivantamab
2627713,Amjevita (brand)
215246,Amlactin (brand)
352422,AmLactin AP (brand)
46307,Amlexanox
17767,Amlodipine
1353222,Ammi visnaga fruit extract
1299884,Ammonia
1424665,Ammonio methacrylate copolymer type A
1306198,Ammonio methacrylate copolymer type B
1362883,Ammonium acetate
1305559,Ammonium acryloyldimethyltaurate
1310190,Ammonium carbonate
712,Ammonium chloride
1313310,Ammonium ion
1307565,Ammonium laureth-2 sulfate
1307773,Ammonium laureth-3 sulfate
1306944,Ammonium laureth-5 sulfate
1424667,Ammonium lauryl sulfate
1988680,Ammonium methacrylate
1362695,Ammonium sulfate
1423272,Ammonium xylenesulfonate
598000,Ammonul (brand)
404854,Amnesteem (brand)
719,Amobarbital
2480101,Amondys 45 (brand)
1440271,Amoproxan
1537210,Amorphophallus konjac root extract
722,Amoxapine
723,Amoxicillin
542922,Amphadase (brand)
725,Amphetamine
732,Amphotericin B
733,Ampicillin
228656,Amprenavir
897022,Ampyra (brand)
725085,Amrix (brand)
2675870,Amtagvi (brand)
203446,Amvisc (brand)
2604790,Amvuttra (brand)
1370452,Amyl acetate
1311606,Amyl cinnamal
742,Amyl nitrite
743,Amylase
1368128,Amylopectin
151348,Amytal (brand)
2257674,Amzeeq (brand)
1012324,Ana-Lex (brand)
545880,Anabar (brand)
215255,Anacaine (brand)
1358956,Anacardium occidentale fruit extract
2626723,Anacaulase
215256,Anacin (brand)
721973,Anacin Advanced Headache Formula (brand)
215257,Anacin AF (brand)
756,Anafranil (brand)
596724,Anagrelide
72435,Anakinra
215264,Analpram HC (brand)
202399,Anaprox (brand)
1119990,Anascorp (brand)
1086023,Anasept (brand)
769,Anaspaz (brand)
84857,Anastrozole
2101276,Anavip (brand)
153287,Anbesol (brand)
1052617,Anbesol Cold Sore Therapy (brand)
227633,Ancobon (brand)
2717177,Andembry (brand)
2045114,Andexanet alfa
2045130,Andexxa (brand)
261448,Androgel (brand)
807744,AneCream (brand)
203518,Anectine (brand)
1309200,Angelica acutiloba root extract
1309828,Angelica archangelica root extract
1306167,Angelica dahurica root extract
1307866,Angelica sinensis root extract
1990417,Angelica sinensis root oil
1370729,Angelica sinensis whole extract
285044,Angiomax (brand)
1999003,Angiotensin II
1307762,Anhydroxylitol
341018,Anidulafungin
2565265,Anifrolumab
1193041,Animi-3 with Vitamin D (brand)
1309292,Anise seed extract
2605801,Anisyl acetate
1424668,Anisyl alcohol
2281107,Anjeso (brand)
2682686,Anktiva (brand)
1313764,Annatto extract
1307648,Annickia chlorantha bark extract
2055984,Annovera (brand)
1487520,Anoro (brand)
203411,Ansaid (brand)
2472152,Ansuvimab
151358,Antabuse (brand)
578784,Antara (brand)
1746911,Anthim (brand)
873,Anthralin
1722341,Anthrasil (brand)
1722336,Anthrax immune globulin
314504,Anti-inhibitor coagulant complex
2666369,Anticholium (brand)
1009,Antithrombin III
91818,Antivert (brand)
215344,Anucort-HC (brand)
151363,Anusol HC (brand)
215357,Anzemet (brand)
2721168,Anzupgo (brand)
2001359,Apadaz (brand)
1368129,Apaflurane
1999574,Apalutamide
404858,Apexicon (brand)
1310848,Aphanizomenon flos-aquae
2664902,Aphexda (brand)
607583,Apidra (brand)
285219,Apis mellifera preparation
1364430,Apixaban
835486,Aplenzin (brand)
227357,Aplisol (brand)
544581,Apokyn (brand)
1043,Apomorphine
2631784,Aponvie (brand)
705766,Appearex (brand)
891771,Apple allergenic extract
360262,Apple cider vinegar
1358965,Apple juice
283540,Apple pectin
2625124,Apple peel extract
1799009,Apple seed oil
14845,Apraclonidine
1492727,Apremilast
358255,Aprepitant
2588044,Apretude (brand)
895574,Apricot allergenic extract
1307043,Apricot juice
1305536,Apricot kernal oil PEG-6 esters
1318515,Apricot kernel oil
825131,Apriso (brand)
2679059,Aprocitentan
1056,Aprotinin
1648175,Aptensio (brand)
1482508,Aptiom (brand)
614593,Aptivus (brand)
2693618,Aqneursa (brand)
215369,Aqua Care (brand)
792088,Aqua Glycolic Shampoo and Body Cleanser (brand)
215374,Aqua-Ban (brand)
215381,Aquanil HC (brand)
215383,Aquaphilic with Urea (brand)
1052951,Aquaphor (brand)
1663729,Aquaphor Diaper Rash (brand)
2462506,Aquaphor Itch Relief (brand)
202783,Aquasol A (brand)
215387,Aquasol E (brand)
2103291,Aquilegia canadensis whole extract
2730661,Aqvesme (brand)
905301,Arabic gum allergenic extract
891502,Arabica coffee bean allergenic extract
1362134,Arabica coffee oil
1368131,Arachidyl alcohol
1368132,Arachidyl glucoside
2054097,Arakoda (brand)
542373,Aralast (brand)
337045,Aranesp (brand)
215393,Arava (brand)
2267562,Arazlo (brand)
2709040,Arbli (brand)
1367175,Arbutin
763454,Arcalyst (brand)
1541708,Arctium lappa fruit oil
1312542,Arctium lappa whole extract
1306212,Arctostaphylos uva-ursi leaf extract
1658432,Arctostaphylos uva-ursi whole extract
2743204,Arepanrix (brand)
352444,Arestin (brand)
2636595,Arexvy (brand)
304962,Arformoterol
1305642,Argan oil
1435100,Argania spinosa seed extract
1482541,Argania spinosa whole extract
15202,Argatroban
1091,Arginine
1098,Argipressin
135446,Aricept (brand)
2059185,Arikayce (brand)
262485,Arimidex (brand)
2694283,Arimoclomol
89013,Aripiprazole
1673265,Aripiprazole lauroxil
1673270,Aristada (brand)
1655978,Aristotelia chilensis fruit extract
322155,Arixtra (brand)
852496,Arizona ash pollen extract
852814,Arizona cypress pollen extract
2737550,Armlupeg (brand)
641465,Armodafinil
1941532,Armonair (brand)
215407,Armour Thyroid (brand)
2586023,Arnebia guttata root extract
285208,Arnica montana extract
1306166,Arnica montana flower extract
1486086,Arnica montana flower water
1547650,Arnuity (brand)
262105,Aromasin (brand)
613324,Arranon (brand)
852170,Arroyo willow pollen extract
1485046,Arsenic cation
18330,Arsenic trioxide
18343,Artemether
1336267,Artemisia abrotanum flowering top extract
2732339,Artemisia afra leaf extract
1307649,Artemisia argyi leaf extract
1341384,Artemisia vulgaris root extract
1360630,Artemisia vulgaris top oil
1541882,Artemisia vulgaris whole extract
18346,Artesunate
1303154,Arthriten Inflammatory Pain (brand)
2105943,Arthritis Hot Pain Relief (brand)
1321355,Arthrospira platensis
68373,Arthrotec (brand)
861348,Articadent (brand)
592464,Articaine
794207,Artiss (brand)
2726049,Arynta (brand)
876301,Arzerra (brand)
319779,Asafetida extract
215422,Ascarel (brand)
2123038,Asceniv (brand)
2584304,Asciminib
1309413,Asclepias tuberosa root extract
968174,Asclera (brand)
1372693,Ascomp (brand)
1311127,Ascophyllum nodosum extract
2002735,Ascor (brand)
1151,Ascorbic acid
1306933,Ascorbyl glucoside
1356761,Ascorbyl tetraisopalmitate
1362140,Ascorbyl tocopheryl maleate
784649,Asenapine
1720259,Asfotase alfa
1370774,Asian ginseng extract
1551574,Asiatic acid
18405,Asiaticoside
616812,Asmanex (brand)
1307645,Aspalathus linearis leaf extract
1653340,Aspalathus linearis whole extract
1156,Asparaginase
1157,Asparagine
891796,Asparagus allergenic extract
2121422,Asparlas (brand)
1311524,Aspartame
42543,Aspartate
1169,Aspartic acid
852339,Aspen pollen extract
215427,Aspercreme (brand)
999384,Aspergillus flavus allergenic extract
466192,Aspergillus fumigatus allergenic extract
1600986,Aspi-Cor (brand)
1191,Aspirin
2594754,Aspruzyo (brand)
1431972,Astagraf (brand)
18451,Astaxanthin
824962,Astepro (brand)
215456,Asthmanefrin (brand)
2256948,Astragalus gummifer root extract
544861,Astringyn (brand)
1307542,Astrocaryum murumuru seed butter extract
215458,Atacand (brand)
284662,Atacand HCT (brand)
2747209,Atacicept
343047,Atazanavir
1202,Atenolol
1792776,Atezolizumab
1204,ATGAM (brand)
2677916,Atidarsagene autotemcel
18475,Atipamezole
202479,Ativan (brand)
900031,Atlantic salmon allergenic extract
2729336,Atmeksi (brand)
2571813,Atogepant
2461338,Atoltivimab
38400,Atomoxetine
2739832,Atoncy (brand)
2631862,Atorvaliq (brand)
83367,Atorvastatin
60212,Atovaquone
215461,Atrac-Tain (brand)
1307719,Atractylodes lancea root extract
1372633,Atractylodes macrocephala root extract
2263062,Atractylodes macrocephala whole extract
1218,Atracurium
728470,Atralin (brand)
2710449,Atrasentan
643067,Atripla (brand)
404863,Atropen (brand)
1223,Atropine
151390,Atrovent (brand)
834852,ATryn (brand)
2747387,Attero (brand)
2698319,Attruby (brand)
2714188,Atzumi (brand)
1310526,Aubagio (brand)
2700169,Aucatzyl (brand)
2694012,Audenz (brand)
151392,Augmentin (brand)
2670650,Augtyro (brand)
2725941,Aukelso (brand)
1227,Auranofin
215480,Auraphene-B (brand)
2680305,Aurlumyn (brand)
1596018,Auryxia (brand)
1876911,Austedo (brand)
852229,Australian pine pollen extract
2611261,Auvelity (brand)
1305264,Auvi-Q (brand)
2645108,Avacincaptad pegol
2734138,Avaclyr (brand)
2572100,Avacopan
1089997,Avagard (brand)
852900,Availnex (brand)
2565814,Avalglucosidase alfa
261454,Avalide (brand)
1291301,Avanafil
2749422,Avance (brand)
2272107,Avapritinib
153668,Avapro (brand)
405805,Avar (brand)
337521,Avastin (brand)
2045726,Avatrombopag
1490662,Aveed (brand)
261456,Avelox (brand)
1875534,Avelumab
1309702,Avena sativa flowering top extract
1307606,Avena sativa leaf extract
1314244,Avena sativa whole extract
2719752,Avgemsi (brand)
1603834,Avibactam
830602,Avidoxy (brand)
215492,Avita (brand)
2740020,Avlayah (brand)
2714521,Avmapki (brand)
45045,Avobenzone
2049631,Avoca (brand)
895582,Avocado allergenic extract
1311611,Avocado oil
352453,Avodart (brand)
153326,Avonex (brand)
2735798,Avopef (brand)
2266526,Avsola (brand)
2705427,Avtozma (brand)
2714515,Avutometinib
1603841,Avycaz (brand)
2700737,Avzivi (brand)
2740403,Awiqli (brand)
2691526,Axatilimab
1987398,Axicabtagene ciloleucel
1242999,Axitinib
2699335,Axtle (brand)
215496,Aygestin (brand)
215497,Ayr Saline Nasal (brand)
2272113,Ayvakit (brand)
1251,Azacitidine
202561,Azactam (brand)
1307661,Azadirachta indica bark extract
1307952,Azadirachta indica flower extract
1307640,Azadirachta indica leaf extract
1305648,Azadirachta indica seed oil
404872,Azasan (brand)
706869,AzaSite (brand)
1256,Azathioprine
2053287,Azedra (brand)
18603,Azelastine
618278,Azelate
215499,Azelex (brand)
635985,Azilect (brand)
1091643,Azilsartan
18631,Azithromycin
2694311,Azmiro (brand)
215502,Azo Urinary Pain Relief (brand)
1721429,Azo Urinary Tract Defense (brand)
194882,Azopt (brand)
730862,Azor (brand)
2562202,Azstarys (brand)
1272,Aztreonam
2675343,Azulene
202770,Azulfidine (brand)
215512,B-Caro-T (brand)
1305649,Babassu oil
215528,Babee Cof (brand)
1489295,Baby Anti Monkey Butt Diaper Rash Cream (brand)
544492,BabyBIG (brand)
215536,Baciguent (brand)
1310844,Bacillus coagulans
1311119,Bacillus subtilis
1291,Bacitracin
1361397,Backaid IPF (brand)
1367123,Backhousia citriodora leaf extract
884767,Backprin (brand)
1292,Baclofen
1807125,Bacopa monniera whole extract
215543,Bactine (brand)
2475349,Bactine Wound Wash (brand)
1291129,Bactoshield (brand)
151399,Bactrim (brand)
227591,Bactroban (brand)
2393588,Bafiertam (brand)
852673,Bahia grass pollen extract
1440261,Baicalin
1368134,Bakuchiol
215527,BAL in Oil (brand)
995747,Bald cypress pollen extract
1297525,Bald-faced hornet venom protein
2643205,Balfaxar (brand)
967555,Balmex (brand)
1492067,Balmex Ointment (brand)
91925,Balnetar (brand)
2197842,Baloxavir
2099995,Baloxavir marboxil
18747,Balsalazide
1998858,Balsam peru oil
2123132,Balversa (brand)
1306169,Bambusa arundinacea stem extract
1309681,Bambusa vulgaris leaf extract
1306171,Bambusa vulgaris stem extract
1314332,Bambusa vulgaris top extract
891830,Banana allergenic extract
1235018,Band-Aid Hurt-Free (brand)
215558,Banophen (brand)
1092425,Banophen Cream (brand)
824296,Banzel (brand)
2180667,Baqsimi (brand)
588846,Baraclude (brand)
2284233,Barhemsys (brand)
2047232,Baricitinib
215562,Baridium (brand)
1307801,Barium oxide
1331,Barium sulfate
862453,Barley allergenic extract
283541,Barley grain
1006510,Barley malt allergenic extract
1736859,Basaglar (brand)
2263063,Basic blue 1
1535513,Basic fuchsin
899355,Basil allergenic extract
1362135,Basil oil
196102,Basiliximab
1609188,Bassia scoparia fruit extract
2632777,Bassia scoparia whole extract
1875543,Bavencio (brand)
1927668,Baxdela (brand)
2743398,Baxdrostat
2743404,Baxfendy (brand)
1606480,Bay leaf extract
215568,Bayer Aspirin (brand)
215581,Baza (brand)
1053197,Baza Cleanse and Protect (brand)
1085648,Baza Clear (brand)
1053155,Baza-Protect (brand)
1441386,Bazedoxifene
1247393,BC Arthritis (brand)
1247398,BC Original Formula (brand)
287534,Beano (brand)
115238,Becaplermin
1347,Beclomethasone
151414,Beconase (brand)
1364504,Bedaquiline
1052607,Bedside-Care (brand)
253157,Bee pollen
852419,Beech pollen extract
892599,Beef allergenic extract
1368135,Beef tallow preparation
261459,Beelith (brand)
1356,Beeswax
319826,Beets preparation
1307569,Beheneth-10
1314842,Beheneth-20
1314333,Behentrimonium methosulfate
1312543,Behenyl behenate
2470531,Behenyl betaine
1540826,Behenyl erucate
2697040,Beizray (brand)
2387834,Belantamab mafodotin
1112973,Belatacept
1716058,Belbuca (brand)
1543548,Beleodaq (brand)
1092437,Belimumab
1543543,Belinostat
1359,Belladonna alkaloids
314517,Belladonna leaf extract
1306193,Bellis perennis flower extract
2178262,Belrapzo (brand)
1547105,Belsomra (brand)
2564025,Belumosudil
2567226,Belzutifan
2282403,Bempedoic acid
203457,Benadryl (brand)
1926216,Benadryl Allergy Plus Congestion (brand)
877058,Benadryl Children's Anti-Itch (brand)
607032,Benadryl Itch Stopping (brand)
701329,Benadryl-D Allergy and Sinus (brand)
18867,Benazepril
134547,Bendamustine
1726098,Bendeka (brand)
687620,Benefiber (brand)
669370,BeneFIX (brand)
327503,Benicar (brand)
404880,Benicar HCT (brand)
1092441,Benlysta (brand)
18889,Benoxinate
18891,Benphothiamine
1989100,Benralizumab
1312993,Bensal (brand)
1375,Bentonite
134568,Bentoquatam
203018,Bentyl (brand)
615960,Benz-O-Sthetic (brand)
215643,Benzac (brand)
1314334,Benzaldehyde
1378,Benzalkonium
117919,Benzamycin (brand)
227666,Benzedrex (brand)
866055,Benzefoam (brand)
2637735,Benzenesulfinic acid
993243,Benzenesulfonic acid
1302429,Benzepro (brand)
1390,Benzethonium
2690627,Benzgalantamine
2001352,Benzhydrocodone
18994,Benznidazole
70589,Benzoate
1399,Benzocaine
1112939,Benzodent (brand)
1406,Benzoin resin
18993,Benzonatate
18997,Benzophenone
2672340,Benzophenone-4-isothiocyanate
1368372,Benzotriazolyl dodecyl p-cresol
1418,Benzoyl peroxide
1422,Benzphetamine
1424,Benztropine
1426,Benzyl alcohol
19044,Benzyl benzoate
1362907,Benzyl salicylate
2557374,Benzyltrimethylsilane
2204921,Beovu (brand)
863035,Bepotastine
863039,Bepreve (brand)
2681028,Beqvez (brand)
46967,Beractant
2723752,Berahyaluronidase alfa
2599310,Berberis aristata fruit extract
1309766,Berberis vulgaris root bark extract
2710434,Berdazimer
2637758,Beremagene geperpavec
1305651,Bergamot oil
867378,Berinert (brand)
851906,Bermuda grass pollen extract
1014385,Bermuda grass smut allergenic extract
2467540,Berotralstat
2121406,Beser (brand)
819911,Besifloxacin
850306,Besivance (brand)
1942955,Besponsa (brand)
2587066,Besremi (brand)
19143,Beta carotene
47070,Beta sitosterol
1792723,Beta tocopherol
1368205,Beta vulgaris extract
61,Beta-alanine
1359424,Beta-bisabolol
1043071,Beta-HC (brand)
1923811,Beta-pinene
1312538,Beta-thujaplicin
1362685,Betadex
202750,Betadine (brand)
151434,Betagan (brand)
1512,Betaine
1514,Betamethasone
224909,Betapace (brand)
215667,Betasept (brand)
82828,Betaseron (brand)
1368136,Betasizofiran
1520,Betaxolol
19257,Bethanechol
1314764,Bethkis (brand)
2610349,Betibeglogene autotemcel
215672,Betimol (brand)
215673,Betoptic S (brand)
2168266,Betula lenta bark extract
1307943,Betula pubescens bark extract
2467840,Betulin
253337,Bevacizumab
1790640,Bevespi (brand)
2627044,Bexagliflozin
233272,Bexarotene
1601403,Bexsero (brand)
2642408,Beyfortus (brand)
1525,Bezafibrate
1855048,Bezlotoxumab
83008,Bicalutamide
1546277,Bicarbonate ion
1086436,Bicarsim (brand)
225110,Bicillin (brand)
215674,Bicillin L-A (brand)
1306100,Bicisate
343027,BiCNU (brand)
1999660,Bictegravir
215678,Bidex (brand)
303838,Bidil (brand)
849609,Bifera (brand)
1550045,Bifidobacterium animalis
285148,Bifidobacterium bifidum
100213,Bifidobacterium infantis
1150096,Bifidobacterium longum
2108925,Bijuva (brand)
1999668,Biktarvy (brand)
125929,Bilberry extract
2723352,Bildyos (brand)
2723340,Bilprevda (brand)
204264,Biltricide (brand)
283810,Bimatoprost
2668041,Bimekizumab
2668088,Bimzelx (brand)
2049122,Binimetinib
1248078,Binosto (brand)
215681,Bio-Statin (brand)
1043229,Biofreeze (brand)
203831,Biolon (brand)
1088214,Bion Tears (brand)
607707,Bionect (brand)
151441,Biorphen (brand)
1424360,Biosaccharide gum-1
1541734,Biosaccharide gum-4
404894,Biothrax (brand)
1588,Biotin
1368137,Biotinoyl tripeptide-1
2675583,Birch triterpenes
1721708,Bis-diglyceryl polyacyladipate-2
1495477,Bis-PEG PPG-16-16 PEG-PPG-16-16 dimethicone
1314269,Bis-PEG-18 methyl ether dimethyl silane
1609071,Bis-PEG-PPG-14-14 dimethicone
19461,Bisabolol
2043281,Bisabolol oxide A
215693,Bisac-Evac (brand)
1596,Bisacodyl
215695,Bismarex (brand)
1599,Bismuth
1546284,Bismuth cation
47181,Bismuth subcitrate
19476,Bismuth subgallate
19478,Bismuth subsalicylate
237148,Bismuth-formic-iodide
19484,Bisoprolol
1433347,Bisphenol A
1314580,Bitter orange oil
60819,Bivalirudin
1364424,Bivigam (brand)
1309203,Bixa orellana seed extract
2699596,Bizengri (brand)
2706353,Bkemv (brand)
2121707,Black carrot extract
236665,Black cohosh extract
852376,Black cottonwood pollen extract
73891,Black currant oil
236154,Black currant preparation
867325,Black locust pollen extract
852260,Black oak pollen extract
974650,Black olive allergenic extract
899363,Black pepper allergenic extract
1309201,Black pepper oil
259314,Black pepper preparation
891695,Black walnut allergenic extract
1319885,Black walnut leaves extract
852569,Black walnut pollen extract
852162,Black willow pollen extract
899378,Blackberry allergenic extract
1372002,Blackberry flavor
2387839,Blenrep (brand)
1622,Bleomycin
215703,Blephamide (brand)
1597258,Blinatumomab
1597263,Blincyto (brand)
2705817,Blink Dry Eye (brand)
1094099,Blink Tears (brand)
215705,Blis-To-Sol (brand)
215706,Blis-To-Sol Powder (brand)
1429278,Bloxiverz (brand)
1315126,Blue crab preparation
1549329,Blueberry extract
2709219,Blujepa (brand)
1488999,Boerhavia diffusa root extract
318132,BOIL-EASE (brand)
2043282,Bombyx mori whole preparation
2717544,Bomyntra (brand)
2729314,Boncresa (brand)
1694,Bonine (brand)
541684,Boniva (brand)
1999652,Bonjesta (brand)
2716404,Bonsity (brand)
583411,Boostrix (brand)
68905,Borage oil
1307641,Borago officinalis seed extract
1424875,Borate ion
1700,Boric acid
1368202,Borneol
1050088,Boroleum (brand)
1705,Boron
324014,Boron citrate
1363426,Boron nitride
358258,Bortezomib
2693992,Boruzu (brand)
1310291,Bos taurus pituitary gland preparation
2725930,Bosaya (brand)
75207,Bosentan
1307625,Bosulif (brand)
1307619,Bosutinib
485858,Boswellia preparation
1305652,Boswellia serrata resin oil
1486391,Boswellia serrata whole extract
203279,Botox (brand)
604010,Botox Cosmetic (brand)
466195,Botrytis cinerea allergenic extract
1722697,Botulinum neurotoxin A immune FAB2
1722684,Botulinum neurotoxin B immune FAB2
1722699,Botulinum neurotoxin C immune FAB2
1722701,Botulinum neurotoxin D immune FAB2
1722703,Botulinum neurotoxin E immune FAB2
1722705,Botulinum neurotoxin F immune FAB2
1722707,Botulinum neurotoxin G immune FAB2
1712,Botulinum toxin type A
2167673,Botulinum toxin type B
544488,Botulism immune globulin IV human
851740,Box elder maple pollen extract
807761,BP 10-Wash (brand)
806608,BP Cleansing Wash (brand)
2049112,Braftovi (brand)
104125,Bran
1306159,Brassica napus oil
891514,Brazil nut allergenic extract
2714310,Brekiya (brand)
2176312,Bremelanotide
2721880,Brensocatib
1147320,Brentuximab vedotin
2637860,Brenzavvy (brand)
1539887,Breo (brand)
19685,Bretylium
151448,Brevibloc (brand)
227282,Brevital (brand)
2560221,Brexafemme (brand)
2121777,Brexanolone
1658314,Brexpiprazole
2387277,Brexucabtagene autoleucel
2479141,Breyanzi (brand)
2597666,Breyna (brand)
2387325,Breztri (brand)
1726993,Bridion (brand)
1921217,Brigatinib
1116636,Brilinta (brand)
1722233,Brillant blue
1310605,Brilliant blue FCF
1998867,Brilliant blue G
19698,Brilliant green
134615,Brimonidine
2599518,Brincidofovir
1922454,Brineura (brand)
2721886,Brinsupri (brand)
194881,Brinzolamide
1430123,Brisdelle (brand)
2626355,Briumvi (brand)
1739745,Brivaracetam
1739750,Briviact (brand)
2639023,Brixadi (brand)
903913,Broad leaved paperbark pollen extract
899386,Broccoli allergenic extract
1668220,Broccoli sprout extract
1872251,Brodalumab
2204915,Brolucizumab
1752,Bromelains
215741,Bromfed DM (brand)
19737,Bromfenac
1753,Bromhexine
1760,Bromocriptine
1546386,Bromotheophylline
1767,Brompheniramine
1790142,Bromsite (brand)
2475836,Bronchitol (brand)
215766,Bronkaid (brand)
2396444,Bronkaid Max (brand)
1114345,Bronopol
1535475,Broussonetia papyrifera whole extract
669390,Brovana (brand)
804570,BroveX CB (brand)
804585,Brovex PBC (brand)
1306946,Brown iron oxide
1311040,Brown rice preparation
2262441,Brukinsa (brand)
2678109,Bruselix (brand)
2101711,Bryhali (brand)
2716486,Brynovin (brand)
806393,BSS Ophthalmic Solution (brand)
1304967,Bucalsep (brand)
2714174,Bucapsol (brand)
1536152,Buckley's Cough Suppressant (brand)
899394,Buckwheat allergenic extract
19831,Budesonide
215770,Bufferin (brand)
2743603,Bulevirtide
1808,Bumetanide
203538,Bumex (brand)
1542391,Bunavail (brand)
215777,Bupap (brand)
215778,Buphenyl (brand)
1815,Bupivacaine
203840,Buprenex (brand)
1819,Buprenorphine
42347,Bupropion
900991,Bur oak pollen extract
236238,Burdock root extract
1088232,Burn Jel Plus (brand)
852593,Burning bush pollen extract
2043855,Burosumab
852526,Burrobrush pollen extract
852551,Burweed marshelder pollen extract
1825,Buserelin
1724420,Bush mango extract
154990,Buspar (brand)
1827,Buspirone
1828,Busulfan
284676,Busulfex (brand)
819929,Butafosfan
19860,Butalbital
19861,Butamben
1310550,Butane
2001235,Butea superba root extract
47461,Butenafine
1424669,Buteth-3
19884,Butoconazole
1841,Butorphanol
904871,BuTrans (brand)
1362908,Butyl acetate
1310579,Butyl alcohol
2168398,Butyl avocadate
2548036,Butyl isovalerate
1362900,Butylated hydroxyanisole
1848,Butylated hydroxytoluene
2602284,Butyloctanol
1306948,Butyloctyl salicylate
1306937,Butylparaben
1307156,Butylphenyl methylpropional
1085787,Butylscopolamine
1242964,Bydureon (brand)
604751,Byetta (brand)
2383947,Byfavo (brand)
2563984,Bylvay (brand)
2360544,Bynfezia (brand)
2602355,Byooviz (brand)
2733658,Byqlovi (brand)
2745771,Bysanti (brand)
751613,Bystolic (brand)
1798282,Byvalson (brand)
215794,C-Time (brand)
1599832,C1 esterase inhibitor
1312360,C10-18 triglycerides
1368142,C10-30 cholesterol-lanosterol esters
1927867,C11-15 pareth-40
2103288,C11-15 pareth-5
1483735,C11-15 pareth-7
1992563,C12-13 alkyl lactate
1368907,C12-13 pareth-3
1991867,C12-13 pareth-9
1313736,C12-14 pareth-12
1371310,C12-15 alcohols
1547713,C12-15 alkyl ethylhexanoate
1356133,C12-15 alkyl lactate
1485184,C12-15 pareth-3
1372309,C12-15 pareth-7
1362144,C12-15 pareth-9
1368143,C12-16 alcohols
1426384,C12-20 alkyl benzoate
1424672,C12-20 alkyl glucoside
1311575,C13-14 isoparaffin
1314336,C13-15 alkane
1314337,C13-16 isoparaffin
1307779,C14-22 alcohols
2560236,C15-19 alkane
1426385,C18-36 acid triglyceride
1313227,C30-45 alkyl methicone
2396018,C9-11 alkane/cycloalkane
1376451,C9-11 pareth-6
1424458,C9-11 pareth-8
2664491,C9-12 alkane
996051,Cabazitaxel
899398,Cabbage allergenic extract
47579,Cabergoline
2110610,Cablivi (brand)
1790162,Cabometyx (brand)
2475077,Cabotegravir
1363268,Cabozantinib
2668199,Cabtreo (brand)
20012,Cadexomer iodine
404914,Caduet (brand)
2675321,Caelyx (brand)
1307087,Caesalpinia spinosa resin
261469,Cafcit (brand)
20027,Cafergot (brand)
1886,Caffeine
1309211,Cajuput oil
998701,Cal Gest (brand)
215810,Calaclear (brand)
215811,Caladryl (brand)
215812,Caladryl Clear (brand)
794924,Calagel (brand)
215814,Calagesic (brand)
106212,Calamine
203490,Calan (brand)
2121416,Calaspargase pegol
215819,Calcet (brand)
795480,Calcidol (brand)
1889,Calcifediol
29365,Calcipotriene
1013633,Calcitrene (brand)
1894,Calcitriol
1895,Calcium
214342,Calcium acetate
47610,Calcium alginate
142407,Calcium ascorbate
1897,Calcium carbonate
1901,Calcium chloride
47613,Calcium citrate
1908,Calcium gluconate
1909,Calcium glycerophosphate
1428413,Calcium hydride
1910,Calcium hydroxide
1316581,Calcium ion
47622,Calcium lactate
1426443,Calcium peroxide
1919,Calcium phosphate
20063,Calcium polycarbophil
1362901,Calcium pyrophosphate
236693,Calcium saccharate
1311526,Calcium silicate
47633,Calcium stearate
1925,Calcium sulfate
273888,Calcium threonate
2634452,Calcobutrol
215840,Caldecort (brand)
631232,Caldesene (brand)
854184,Caldolor (brand)
1729161,Calendula arvensis leaf extract
1992862,Calendula arvensis whole extract
1309289,Calendula officinalis flower extract
1309775,Calendula officinalis flowering top extract
1307790,Calendula officinalis seed oil
1428027,Calendula officinalis whole extract
1428039,Calenduloside E
232539,Calfactant
794236,Calgonate (brand)
1014721,California black oak pollen extract
852561,California black walnut pollen extract
1113711,Calmol (brand)
1946477,Calmoseptine (brand)
1306160,Calophyllum tacamahaca seed oil
215849,Calphron (brand)
2702493,Calprotect (brand)
1986814,Calquence (brand)
215850,Caltrate (brand)
1244021,Caltrate Gummy Bites (brand)
1372696,Caltrate Plus D (brand)
858655,Cambia (brand)
2595045,Camcevi (brand)
1307547,Camellia japonica flower extract
1306161,Camellia japonica seed oil
1305549,Camellia oleifera leaf extract
1309958,Camellia sinensis flower extract
1307818,Camellia sinensis root extract
1742506,Camellia sinensis seed extract
1364131,Camellia sinensis seed oil
1356680,Camellia sinensis whole extract
284679,Campath (brand)
215855,Campho-Phenique (brand)
1952,Camphor
880397,Camphor Ice (brand)
203652,Camptosar (brand)
2600873,Camzyos (brand)
1372000,Canada balsam extract
995743,Canada goldenrod pollen extract
1373458,Canagliflozin
853491,Canakinumab
1309966,Cananga odorata flower extract
852697,Canary grass pollen extract
196493,Canasa (brand)
282383,Cancidas (brand)
1311564,Candelilla wax
214354,Candesartan
214355,Candida albicans allergenic extract
1656052,Cangrelor
854025,Canis lupus familiaris hair extract
2045371,Cannabidiol
1429926,Cannabis sativa seed extract
1305550,Cannabis sativa seed oil
1309202,Canola oil
892517,Cantaloupe allergenic extract
1984,Cantharidin
1100904,Capacet (brand)
194000,Capecitabine
284681,Capex (brand)
2669967,Capivasertib
2110605,Caplacizumab
2275608,Caplyta (brand)
2362165,Capmatinib
1114071,Caprelsa (brand)
1998122,Caprolactone
2621643,Caprooyl phytosphingosine
2372917,Capryl oligoglucoside
1367173,Capryl-capramidopropyl betaine
1307145,Caprylhydroxamic acid
1313043,Caprylic-capric-lauric triglyceride
1376147,Caprylic-capric-linoleic triglyceride
1305600,Capryloyl glycine
1492035,Capryloyl salicylic acid
2205481,Capryloyl/caproyl methyl glucamide
1541116,Caprylyl caprylate-caprate
1307766,Caprylyl glucoside
2382431,Caprylyl glyceryl ether
1363431,Caprylyl trisiloxane
1368146,Caprylyl-capryl oligoglucoside
1992,Capsaicin
1314843,Capsicum annuum whole extract
319780,Capsicum extract
235787,Capsicum oleoresin
1998,Captopril
2686974,Capvaxive (brand)
898523,Capzasin Quick Relief (brand)
794241,Capzasin-HP (brand)
215874,Capzasin-P (brand)
285133,Carac (brand)
227743,Carafate (brand)
1999,Carbachol
905391,Carbaglu (brand)
2002,Carbamazepine
47686,Carbamide peroxide
1546387,Carbamoylcholine
215879,Carbatrol (brand)
2011,Carbazochrome
20217,Carbetapentane
2019,Carbidopa
2020,Carbimazole
20220,Carbinoxamine
2021,Carbocaine (brand)
1012782,Carbocaine with NeoCobefrin (brand)
2023,Carbocysteine
235535,Carbomer
1310599,Carbomer copolymer type A
1305738,Carbomer homopolymer type c
2032,Carbon black
2034,Carbon dioxide
1544139,Carbonate ion
40048,Carboplatin
2051,Carboprost
2062,Carboxymethylcellulose
20298,Carboxypolymethylene
2730033,Carbzah (brand)
2730308,Cardamyst (brand)
151490,Cardene (brand)
203494,Cardizem (brand)
196468,Cardura (brand)
851926,Careless weed pollen extract
1302966,Carfilzomib
401713,Carglumic acid
1309415,Carica papaya leaf extract
1364987,Carica papaya whole extract
1667655,Cariprazine
2101,Carisoprodol
1363916,Carmoisine
224950,Carmol (brand)
2105,Carmustine
1307833,Carnauba wax
2106,Carnitine
151494,Carnitor (brand)
1362697,Carnosine
904498,Carob allergenic extract
1943340,Carospir (brand)
20343,Carprofen
1368862,Carrageenan
892368,Carrot allergenic extract
1309293,Carrot seed oil
2116,Carteolol
1376213,Carthamus tinctorius flower bud extract
1495154,Carthamus tinctorius flower oil
1724421,Carthamus tinctorius whole extract
491095,Cartia (brand)
20352,Carvedilol
2594782,Carvykti (brand)
1739881,Carya ovata bark extract
2167552,Caryodendron orinocense whole extract
1368148,Caryophyllene
862460,Casein allergenic extract
2671673,Casgevy (brand)
892526,Cashew nut allergenic extract
2480096,Casimersen
151495,Casodex (brand)
140108,Caspofungin
1307589,Cassia fistula fruit extract
2589608,Cassia fistula whole extract
1310025,Castanea sative leaf extract
305064,Castellani Paint (brand)
1085722,Castiva Cooling (brand)
692727,Castiva Warming (brand)
2129,Castor oil
1351789,Castorbean seed extract
465953,Cat dander allergenic extract
886638,Cat flea allergenic extract
248123,Cat hair extract
851949,Cat skin extract
285223,Cat's claw preparation
215916,Cataflam (brand)
202941,Catapres (brand)
899661,Cauliflower allergenic extract
1342487,Caulophyllum thalictroides root extract
477639,Caverject (brand)
2747510,Cavhanza (brand)
901611,Cayston (brand)
1014191,Cedar elm pollen extract
1309217,Cedar leaf oil
2384449,Cedazuridine
1670019,Cedrol
1307594,Cedrus atlantica bark extract
1306157,Cedrus atlantica bark oil
2557382,Cedryl acetate
2176,Cefaclor
2177,Cefadroxil
2180,Cefazolin
25037,Cefdinir
20481,Cefepime
2265702,Cefiderocol
25033,Cefixime
2185,Cefotan (brand)
2186,Cefotaxime
2187,Cefotetan
2189,Cefoxitin
20489,Cefpodoxime
19552,Cefprozil
1040005,Ceftaroline
1040004,Ceftaroline fosamil
2191,Ceftazidime
1311521,Ceftiofur
2691333,Ceftobiprole
1597609,Ceftolozane
2193,Ceftriaxone
2194,Cefuroxime
215927,Celebrex (brand)
140587,Celecoxib
892372,Celery allergenic extract
47847,Celestone Soluspan (brand)
215928,Celexa (brand)
152633,Cellcept (brand)
284690,Cellugel (brand)
2221,Cellulose
1425215,Cellulose acetate phthalate
225235,Celontin (brand)
1242623,CEM-Urea (brand)
2058826,Cemiplimab
2104332,Cenegermin
2265690,Cenobamate
404925,Centany (brand)
1309418,Centaurea cyanus flower extract
1310164,Centella asiatica extract
1307961,Centella asiatica leaf extract
2386333,Centella asiatica root extract
636183,Ceo-Two (brand)
2229,Cepacol (brand)
806613,Cepacol Antibacterial Mouthwash (brand)
804623,Cepacol Sore Throat from Post Nasal Drip (brand)
858658,Cepacol Sore Throat Pain Relief (brand)
1039252,Cepacol Sore Throat Plus Cough (brand)
2231,Cephalexin
1925834,Cephalosporium roseum extract
704876,Ceprotin (brand)
2055022,Cequa (brand)
1364385,Ceramide 1
1426448,Ceramide 2
1362741,Ceramide 3
2389637,Ceramide 4
1314307,Ceramide 6 II
1537211,Ceramide eop
1603794,Ceramide eos
997606,CerAxon (brand)
1547226,Cerdelga (brand)
134860,Cerebyx (brand)
1425217,Ceresin
84958,Cerezyme (brand)
1673068,Ceric oxide
1535457,Ceritinib
1922437,Cerliponase
709271,Certolizumab pegol
215960,Cervidil (brand)
385716,Cesamet (brand)
1546368,Cesium cation
20599,Cesium chloride
20604,Cetacaine (brand)
1358830,Cetafen (brand)
47907,Cetalkonium chloride
1311619,Ceteareth 20
1546870,Ceteareth-10 phosphate
1311620,Ceteareth-12
1311621,Ceteareth-15
1545169,Ceteareth-2
1311622,Ceteareth-25
1311623,Ceteareth-30
1311624,Ceteareth-6
2049987,Ceteareth-60 myristyl glycol
1425218,Cetearyl alcohol
1314340,Cetearyl ethylhexanoate
1425219,Cetearyl glucoside
1312361,Cetearyl isononanoate
1435858,Cetearyl olivate
1728295,Cetearyl phosphate
1314341,Ceteth-10
1314342,Ceteth-10 phosphate
1425220,Ceteth-2
1310709,Ceteth-20
1427231,Ceteth-23
20610,Cetirizine
1307840,Cetostearyl alcohol
848957,Cetraxal (brand)
68147,Cetrorelix
284693,Cetrotide (brand)
318341,Cetuximab
1364378,Cetyl acetate
20615,Cetyl alcohol
1306175,Cetyl betaine
1373353,Cetyl dimethicone 25
1311570,Cetyl esters wax
1306178,Cetyl ethylhexanoate
1368150,Cetyl lactate
1306180,Cetyl myristate
1314343,Cetyl myristoleate
1306182,Cetyl oleate
1311485,Cetyl palmitate
1306184,Cetyl phosphate
1364381,Cetyl ricinoleate
1425221,Cetyl stearate
1427238,Cetyldimethylethylammonium bromide
1306185,Cetylhydroxyproline palmitamide
2286,Cetylpyridinium
44281,Cevimeline
466197,Chaetomium globosum allergenic extract
1305633,Chamaecyparis obtusa wood oil
1311376,Chamaemelum nobile extract
1306194,Chamaemelum nobile flower extract
1309226,Chamomile extract
1309221,Chamomile flower oil
636230,Chantix (brand)
92128,CharcoCaps (brand)
236664,Chaste tree preparation
852225,Cheat grass pollen extract
215984,Chemet (brand)
877414,Chenodal (brand)
42588,Chenodeoxycholate
1306195,Chenopodium quinoa seed extract
995869,Cheratussin (brand)
1808538,Cherimoya extract
852144,Cherry birch pollen extract
968631,Chia seed oil
892653,Chicken allergenic extract
2359254,Chicken cartilage preparation
894934,Chicken feather extract
1371300,Chicory root extract
2289025,Chimonanthus praecox flower oil
1305720,Chinese cinnamon extract
1306148,Chinese cinnamon leaf oil
1309337,Chinese cinnamon oil
1489544,Chinese rhubarb root exract
727489,Chirhostim (brand)
21254,Chlophedianol
202384,Chlor-Trimeton (brand)
2346,Chlorambucil
2348,Chloramphenicol
998279,ChloraPrep (brand)
20772,Chloraseptic (brand)
1087938,Chloraseptic Max Spray (brand)
802556,Chloraseptic Sore Throat (brand)
262110,Chloraseptic Spray (brand)
1546390,Chlorate ion
2354,Chlorcyclizine
2356,Chlordiazepoxide
1370784,Chlorella vulgaris extract
2358,Chlorhexidine
153974,Chloride ion
1310122,Chlorine
20799,Chlorine dioxide
2378,Chlorobutanol
20823,Chlorocresol
1362698,Chloroform
2388,Chlorophyll
82242,Chlorophyllin copper complex
20859,Chloroprocaine
2393,Chloroquine
236872,Chlorotheophylline
2396,Chlorothiazide
1363702,Chlorothymol
20877,Chloroxylenol
2399,Chlorphenesin
2400,Chlorpheniramine
2403,Chlorpromazine
2409,Chlorthalidone
2410,Chlorzoxazone
2102821,Chocolate cacao bean allergenic extract
1608269,Cholbam (brand)
2418,Cholecalciferol
2438,Cholesterol
2447,Cholestyramine resin
1440856,Cholic acid
2449,Choline
1433887,Choline fenofibrate
2473,Chondroitin sulfates
1540877,Chondrus crispus carrageenan
1311477,Chondrus crispus extract
216050,Chooz (brand)
4986,Chorionic gonadotropin
1086813,Chromelin (brand)
1546418,Chromic cation
21009,Chromic chloride
1312546,Chromium dioxide
137732,Chromium nicotinic acid complex
1363045,Chromium oxide
59308,Chromium picolinate
1312365,Chrysanthellum indicum flower oil
2106260,Chrysanthellum indicum whole extract
1992280,Chrysanthemum indicum top extract
1362888,Chrysin
2530,Chymotrypsin
1306203,Chysanthellum indicum top extract
303263,Cialis (brand)
2591482,Cibinqo (brand)
274964,Ciclesonide
1100054,Ciclodan (brand)
21090,Ciclopirox
1013644,Cidaflex (brand)
283829,Cider vinegar
83171,Cidofovir
325527,Cilantro extract
2540,Cilastatin
21107,Cilostazol
203565,Ciloxan (brand)
2594775,Ciltacabtagene autoleucel
2003250,Cimduo (brand)
2612677,Cimerli (brand)
2541,Cimetidine
795082,Cimzia (brand)
407990,Cinacalcet
1368153,Cinnamic aldehyde
899673,Cinnamon allergenic extract
477053,Cinnamon bark
1309229,Cinnamon oil
1362889,Cinnamyl alcohol
1746894,Cinqair (brand)
809868,Cinryze (brand)
1995151,Cinvanti (brand)
2667433,Cipaglucosidase alfa
203563,Cipro (brand)
216063,Cipro HC (brand)
404930,Ciprodex (brand)
2551,Ciprofloxacin
35255,Cisapride
319864,Cisatracurium
2555,Cisplatin
2362245,Cistanche tinctoria stem extract
1745252,Cistus monspeliensis whole extract
2556,Citalopram
151518,Citanest (brand)
216066,Citanest Forte (brand)
997602,Citicoline
1362890,Citral
1812465,Citral propylene glycol acetal
21183,Citric acid
1312366,Citric acid acetate
216074,Citroma (brand)
1309376,Citronella oil
2056062,Citronellyl acetate
2046112,Citronellyl methylcrotonate
92170,Citrucel (brand)
2567,Citrulline
1306205,Citrus aurantium flower extract
1311573,Citrus aurantium fruit extract
2264903,Citrus bergamia leaf oil
1366324,Citrus junos fruit extract
2288423,Citrus junos fruit oil
1306152,Citrus limon fruit oil
1306207,Citrus maxima fruit rind extract
1306154,Citrus maxima fruit rind oil
1306209,Citrus maxima seed extract
1372007,Citrus nobilis extract
581398,Citrus pectin
1306132,Citrus reticulata leaf oil
1306133,Citrus sinensis flower oil
2690254,Cladonia cristatella whole extract
2619241,Cladonia rangiferina whole extract
1313229,Cladosiphon okamuranus preparation
867198,Cladosporium cladosporioides extract
466198,Cladosporium herbarum allergenic extract
44157,Cladribine
203573,Claforan (brand)
892539,Clam allergenic extract
405944,Claravis (brand)
323342,Clarinex (brand)
579752,Clarinex-D (brand)
1742498,Clarispray (brand)
21212,Clarithromycin
203576,Claritin (brand)
864643,Claritin Eye (brand)
216076,Claritin-D (brand)
1299055,Clarus (brand)
1309232,Clary sage oil
2474340,Clascoterone
1311077,Claviceps purpurea sclerotium
48203,Clavulanate
1245623,Clearcanal (brand)
880403,ClearLax (brand)
216085,Clearplex (brand)
404940,Clearskin (brand)
762417,Cleeravue-M (brand)
2578,Clemastine
2712450,Clemasz (brand)
1358482,Clematis chinensis root extract
2682734,Clematis viorna whole extract
2720332,Clemsza (brand)
543651,Clenia (brand)
1991504,Clenpiq (brand)
202862,Cleocin (brand)
797447,Cleocin-T (brand)
2716802,Clesrovimab
233603,Clevidipine
804539,Cleviprex (brand)
21232,Clidinium
2745134,Cligavyx (brand)
323984,Climara (brand)
402099,Climara Pro (brand)
191566,Climbazole
1091336,Clindacin (brand)
352546,Clindagel (brand)
404942,Clindamax (brand)
2582,Clindamycin
496585,Clindesse (brand)
216094,Clinidine (brand)
800435,Clinimix 5/15 (brand)
800441,Clinimix 5/20 (brand)
800488,Clinimix E 5/15 (brand)
800501,Clinimix E 5/20 (brand)
800585,Clinisol 15 (brand)
1986374,Clinolipid (brand)
21241,Clobazam
2590,Clobetasol
404945,Clobex (brand)
21249,Clocortolone
1541095,Clodan (brand)
216096,Cloderm (brand)
44151,Clofarabine
2592,Clofazimine
493622,Clolar (brand)
151525,Clomid (brand)
2596,Clomiphene
2597,Clomipramine
2598,Clonazepam
2599,Clonidine
32968,Clopidogrel
2353,Clorazepate
1946731,Clorotekal (brand)
92187,Clorpactin WCS-90 (brand)
2725622,Clotic (brand)
2623,Clotrimazole
899724,Clove allergenic extract
1309233,Clove leaf oil
7624,Clove oil
1307803,Clove stem oil
2626,Clozapine
216102,Clozaril (brand)
2697463,Cnidium monnieri fruit extract
2637853,Cnidium monnieri fruit oil
2632776,Cnidium monnieri whole extract
1309361,Cnidium seed extract
1719236,Coagadex (brand)
2635,Coal tar
718834,Coartem (brand)
852302,Coast live oak pollen extract
851736,Coast maple pollen extract
852011,Coast sage pollen extract
21373,Cobamamide
2694844,Cobenfy (brand)
1306284,Cobicistat
1722365,Cobimetinib
2653,Cocaine
1739005,Cocamide
1311576,Cocamidopropyl betaine
1942697,Cocamidopropyl dimethylamine
1363593,Cocamidopropyl hydroxysultaine
1311528,Cocamidopropyl PG-dimonium chloride phosphate
1363576,Cocamidopropylamine oxide
1306947,Cocamine oxide
1549330,Coccidioides immitis spherule
1307768,Coccinia grandis fruit extract
1742990,Coceth-7
1425501,Cochineal
852398,Cochliobolus sativus allergenic extract
995699,Cochliobolus spicifer allergenic extract
852025,Cocklebur pollen extract
1305724,Coco diethanolamide
1421434,Coco diisopropanolamide
1425503,Coco glucoside
1426393,Coco monoethanolamide
1435283,Coco monoisopropanolamide
1367422,Coco-betaine
1364293,Coco-caprylate
1369702,Coco-caprylate-caprate
1426455,Coco-glycerides
2263872,Coco-oleamidopropyl betaine
891721,Cocoa bean allergenic extract
21389,Cocoa butter
1373895,Cocoa extract
1307562,Coconut acid
1426863,Coconut alcohol
891611,Coconut allergenic extract
1420960,Coconut juice
1309239,Coconut oil
1367493,Cocos nucifera whole extract
2173915,Cocoyl methyl monoethanolamine
2669,Cod liver oil
2670,Codeine
892543,Codfish allergenic extract
2695791,Coffea arabica seed extract
891727,Coffee bean allergenic extract
1366325,Coix lacryma-jobi seed oil
82000,Colace (brand)
1872915,Colace w/Sennosides (brand)
284700,Colazal (brand)
2683,Colchicine
858068,Colcrys (brand)
141626,Colesevelam
151533,Colestid (brand)
2685,Colestipol
2709,Colistin
2714,Collagen
58939,Collagenase
898492,Collagenase Clostridium histolyticum
221082,Colloidal oatmeal
2639788,Columvi (brand)
216159,Coly Mycin M (brand)
746962,Combigan (brand)
216161,Combipatch (brand)
151539,Combivent (brand)
192254,Combivir (brand)
2673876,Combogesic (brand)
2001173,Combretum micranthum whole extract
1363274,Cometriq (brand)
543722,Comfort Caine (brand)
643493,Comfort Gel (brand)
1088601,Comfort Shield (brand)
1318235,Comfrey leaf extract
1343346,Comfrey root extract
1489546,Commiphora myrrha top extract
1484979,Common hazel pollen extract
1294628,Common paper wasp venom protein
852020,Common sagebrush pollen extract
1297527,Common wasp venom protein
203546,Compazine (brand)
1145803,Complera (brand)
216171,Compound W brand of salicylic acid (brand)
285056,Compro (brand)
262112,Comtan (brand)
1314667,Concept OB (brand)
154762,Conceptrol (brand)
284704,Concerta (brand)
2708333,Concizumab
1546420,Condoliase
203492,Condylox (brand)
2717533,Conexxence (brand)
302285,Conivaptan
2377360,Conjupri (brand)
2049588,Consensi (brand)
216201,Constulose (brand)
602196,Contac Cold (brand)
2725578,Contepo (brand)
352553,Contragesic (brand)
1551469,Contrave (brand)
1148479,ConZip (brand)
1044933,Cool bottoms (brand)
1307772,Copaifera officinalis resin
2749264,Copaifera officinalis resin oil
1945077,Copanlisib
135779,Copaxone (brand)
1306136,Copiba oil
2058515,Copiktra (brand)
2837,Copper
2839,Copper gluconate
2732215,Copper histidinate
21579,Copper sulfate
1376211,Coptis chinensis root extract
1314844,Corallina officinalis extract
2670080,Cordia dichotoma whole extract
216218,Cordran (brand)
1595582,Cordyceps gunnii fruiting body extract
216221,Coreg (brand)
151549,Corgard (brand)
1309241,Coriander oil
1091609,Corifact (brand)
1649486,Corlanor (brand)
892547,Corn allergenic extract
2691826,Corn dextrin
1423924,Corn grain extract
2854,Corn oil
1790130,Corn oil PEG-6 esters
852015,Corn pollen extract
283677,Corn silk preparation
314488,Corn smut allergenic extract
1039062,Corn starch
1310576,Corn syrup
579893,Cornsilk
216234,Cortaid (brand)
581875,Cortane-B (brand)
202645,Cortef (brand)
202639,Cortenema (brand)
795064,Corticool (brand)
376,Corticotropin
92265,Cortifoam (brand)
2878,Cortisone
21659,Cortisporin (brand)
216244,Cortisporin-TC (brand)
1987140,Cortizone (brand)
2584471,Cortrophin (brand)
180599,Corvert (brand)
1603849,Corylus americana nut oil
1046235,Cosamin (brand)
2479706,Cosela (brand)
1599793,Cosentyx (brand)
2717511,Cosibelimab
203599,Cosmegen (brand)
216253,Cosopt (brand)
2890,Cosyntropin
1722371,Cotellic (brand)
1926841,Cotempla (brand)
966925,Cotton fiber allergenic extract
2697172,Cottonseed acid
852440,Cottonseed allergenic extract
853406,Cottonseed extract
1309243,Cottonseed oil
2898,Coumarin
705916,Covaryx (brand)
892665,Cow milk allergenic extract
2668163,Coxanto (brand)
151558,Cozaar (brand)
892610,Crab allergenic extract
1371034,Crambe maritima leaf extract
899734,Cranberry allergenic extract
1358977,Cranberry juice
1306144,Cranberry seed oil
1310021,Crataegus monogyna flower extract
2907,Creatine
2913,Creatinine
2701392,Crenessity (brand)
687692,Creomulsion (brand)
48470,Creon (brand)
1362910,Creosol
2915,Creosote
1608328,Cresemba (brand)
62130,Cresol
753512,Crest Mouthwash (brand)
320864,Crestor (brand)
583262,Cresylate (brand)
2690260,Crexont (brand)
2701386,Crinecerfont
153581,Crinone (brand)
1865953,Crisaborole
1372010,Crithmum maritimum extract
759418,Critic-Aid Clear (brand)
1052997,Critic-Aid Clear Moisture (brand)
1485796,Critic-Aid Skin (brand)
2262279,Crizanlizumab
1148495,Crizotinib
1740936,Crocus sativus flower extract
2632775,Crocus sativus whole extract
343044,CroFab (brand)
1364449,Crofelemer
42612,Cromolyn
1310574,Croscarmellose
1310706,Crospovidone
885185,Crotalus adamanteus antivenin
885187,Crotalus atrox antivenin
885189,Crotalus scutulatus antivenin
21766,Crotamiton
2049599,Crotan (brand)
1371038,Croton lechleri resin
2686619,Crovalimab
856801,Cruex Antifungal (brand)
216284,Cruex Prescription Strength (brand)
2043860,Crysvita (brand)
2710417,Ctexli (brand)
899738,Cucumber allergenic extract
1305719,Cucumber extract
1306145,Cucumber fruit oil
1307563,Cucumber juice
1307733,Cucumber seed extract
2700058,Cucumis sativus fruit extract
1484279,Cucumis sativus whole extract
1541717,Cucurbita pepo whole extract
2688460,Cucurbitacin B
901369,Cultivated mushroom allergenic extract
852114,Cultivated oat pollen extract
1014774,Cultivated rye grass pollen extract
1309331,Cupressus sempervirens leaf oil
1427198,Cupric cation
21833,Cupric chloride
21837,Cupric oxide
202724,Cuprimine (brand)
21842,Cuprous oxide
2631019,Curae (brand)
2001237,Curculigo orchioides root extract
2570477,Curculigo orchioides whole extract
2106558,Curcuma kwangsiensis root extract
2705361,Curcuma longa root powder
2955,Curcumin
1313047,Curdlan
48519,Curosurf (brand)
2167148,Cutaquig (brand)
216292,Cutar (brand)
115045,Cutivate (brand)
1813407,Cuvitru (brand)
999962,Cuvposa (brand)
2611545,Cuvrior (brand)
687707,Cyanokit (brand)
1376343,Cyclamen aldehyde
21949,Cyclobenzaprine
1426609,Cyclodextrins
2557361,Cyclododecane
2984,Cyclogyl (brand)
1367180,Cyclohexane
1307080,Cyclomethicone
1363578,Cyclomethicone 4
1305744,Cyclomethicone 5
1307081,Cyclomethicone 6
1862729,Cyclomethicone 7
92290,Cyclomydril (brand)
2557363,Cyclopentanone
3001,Cyclopentolate
3002,Cyclophosphamide
3007,Cycloserine
859078,Cycloset (brand)
3008,Cyclosporine
2665605,Cyfendus (brand)
151568,Cyklokapron (brand)
216303,Cylate (brand)
2640885,Cyltezo (brand)
482574,Cymbalta (brand)
1307549,Cymbopogon citratus leaf extract
2375828,Cymbopogon flexuosus leaf extract
1535477,Cymbopogon martini whole extract
1309422,Cymbopogon schoenanthus leaf extract
1306146,Cymbopogon schoenanthus oil
1311584,Cymbopogon schoenanthus top extract
1992057,Cymbopogon schoenanthus whole extract
1322547,Cynara scolymus leaf extract
3013,Cyproheptadine
1535993,Cyramza (brand)
404967,Cystadane (brand)
2396901,Cystadrops (brand)
227215,Cystagon (brand)
1313781,Cystaran (brand)
3022,Cysteamine
3024,Cysteine
216310,Cystex (brand)
3041,Cytarabine
216315,Cytogam (brand)
22178,Cytomegalovirus immune globulin
3081,Cytomel (brand)
151578,Cytotec (brand)
216317,Cytra 2 (brand)
216318,Cytra-3 (brand)
216319,Cytra-K (brand)
314583,D-biotin
876668,D-Vi-Sol (brand)
1546356,Dabigatran
1037042,Dabigatran etexilate
1424911,Dabrafenib
3098,Dacarbazine
636242,Dacogen (brand)
2058849,Dacomitinib
3100,Dactinomycin
1539239,Dalbavancin
897018,Dalfampridine
1091840,Daliresp (brand)
67109,Dalteparin
1539244,Dalvance (brand)
2055655,Damoctocog alfa pegol
3102,Danazol
124150,Dandelion extract
852079,Dandelion pollen extract
259436,Dandelion root extract
216367,Dandrex (brand)
2678952,Danicopan
3104,Dantrium (brand)
3105,Dantrolene
2474240,Danyelza (brand)
2698565,Danziten (brand)
1488564,Dapagliflozin
22298,Dapiprazole
2628210,Daprodustat
3108,Dapsone
352572,Daptacel (brand)
22299,Daptomycin
2591789,Dapzura (brand)
151583,Daraprim (brand)
1721947,Daratumumab
283838,Darbepoetin alfa
2591497,Daridorexant
136198,Darifenacin
896246,Dark leaved mugwort pollen extract
2180325,Darolutamide
2589275,Dartisla (brand)
460132,Darunavir
1721952,Darzalex (brand)
2375137,Darzalex Faspro (brand)
475342,Dasatinib
2535233,Dasiglucagon
852704,Date palm pollen extract
2703033,Datopotamab deruxtecan
2703041,Datroway (brand)
3109,Daunorubicin
2105851,Daurismo (brand)
2724449,Dawnzera (brand)
2612441,Daxxify (brand)
2632858,Daybue (brand)
1095722,Dayhist-1 (brand)
157381,Daypro (brand)
1114038,DayQuil Cough (brand)
631252,Daytrana (brand)
2272409,Dayvigo (brand)
203658,DDAVP (brand)
1872905,Deacetylbisacodyl
3116,Deanol
233455,Debacterol (brand)
216387,Debrox (brand)
227682,Decadron (brand)
1366739,Decamethyltetrasiloxane
1424652,Decan-4-olide
22380,Decanoic acid
1435912,Decara (brand)
15657,Decitabine
2744304,Decnupaz (brand)
1314345,Decoquinate
1311572,Decyl glucoside
1307038,Decyl oleate
1494854,Decylamine oxide
1426901,Decylene glycol
1313738,Decyloxazolidinone
2386215,Decyltetradeceth-30
216420,Deep Sea (brand)
2714502,Defactinib
2670463,Defencath (brand)
614373,Deferasirox
11645,Deferiprone
3131,Deferoxamine
1311089,Defibrotide
1746528,Defitelio (brand)
22396,Deflazacort
475230,Degarelix
1312367,Dehydroacetic acid
1596137,Dehydroxanthan gum
216426,Del-Aqua (brand)
216427,Del-Beta (brand)
1927663,Delafloxacin
2641675,Delandistrogene moxeparvovec
319865,Delestrogen (brand)
2721163,Delgocitinib
2055774,Delstrigo (brand)
3146,Delsym (brand)
216438,Delta D3 (brand)
227730,Deltasone (brand)
1368955,Delzicol (brand)
107771,Demecarium
3154,Demeclocycline
282381,Demerol (brand)
151594,Demser (brand)
1313232,Denatonium benzoate
216450,Denavir (brand)
1041531,Dendracin Neurodendraxcin (brand)
1307609,Dendranthema indicum flower extract
2197691,Dengvaxia (brand)
214470,Denileukin diftitox
993449,Denosumab
604432,Dentagel (brand)
630300,Dental Resources brand of Stannous Fluoride (brand)
630262,Dental Resources Perio Maintenance Rinse (brand)
991004,DentiCare Neutral (brand)
42627,Deoxycholate
216459,Depakote (brand)
2729265,Depemokimab
216462,Depen (brand)
48876,Depo-estradiol (brand)
22584,Depo-Medrol (brand)
202886,Depo-Provera (brand)
545467,Depo-subQ provera (brand)
48877,Depo-testosterone (brand)
356834,Deracoxib
216471,Derifil (brand)
1441549,Derma Gran (brand)
1648118,Derma Gran Spray (brand)
352578,Derma-Smoothe FS (brand)
2108088,DermaCerin (brand)
202647,Dermacort (brand)
866164,Dermafix (brand)
617655,DermaFungal (brand)
216476,Dermagran (brand)
761340,DermalZone (brand)
1146880,Dermamycin (brand)
1088722,DermaPhor (brand)
617663,DermaSarra (brand)
880875,Dermasil (brand)
216485,Dermatop (brand)
352581,Dermazene (brand)
352582,Dermazinc (brand)
2603405,Dermeleve (brand)
216489,Dermoplast (brand)
606761,Dermoplast Antibacterial (brand)
763481,Dermoplast Pain (brand)
616088,Dermotic (brand)
216490,Dermtex HC (brand)
1747692,Descovy (brand)
216493,Desenex (brand)
851981,Desert ragweed pollen extract
151607,Desferal (brand)
27340,Desflurane
3247,Desipramine
114934,Desirudin
216498,Desitin (brand)
705849,Desitin Clear (brand)
275635,Desloratadine
1311744,Deslorelin
2738084,Desmoda (brand)
3251,Desmopressin
22656,Desogestrel
3254,Desonide
216501,Desowen (brand)
3255,Desoximetasone
224965,Desoxyn (brand)
992482,Desquam (brand)
734064,Desvenlafaxine
22672,Detomidine
216511,Detrol (brand)
2612087,Deucravacitinib
2716558,Deuruxolitinib
1876905,Deutetrabenazine
2701430,Deutivacaftor
236279,Devil's claw preparation
1942840,Devrom (brand)
607868,Dex4 (brand)
3264,Dexamethasone
22696,Dexbrompheniramine
22697,Dexchlorpheniramine
151612,Dexedrine (brand)
902621,Dexilant (brand)
816346,Dexlansoprazole
2744447,Dexlyt (brand)
48937,Dexmedetomidine
352372,Dexmethylphenidate
22701,Dexpanthenol
42736,Dexrazoxane
2108016,Dextenza (brand)
214485,Dextran 1
3272,Dextran 40
3274,Dextran 70
1312708,Dextranase Penicillium
1426816,Dextrates
3288,Dextroamphetamine
3289,Dextromethorphan
2045405,Dexycu (brand)
2586027,Dhivy (brand)
92309,DHS Tar Shampoo (brand)
216337,DHS Zinc (brand)
1735035,Di-C12-13 alkyl malate
724450,Di-Dak-Sol (brand)
1426159,Di-PPG-2 myreth-10 adipate
992209,Diabetic Tussin EX (brand)
1426474,Diacetylated monoglycerides
2054974,Diacomit (brand)
1303911,Dialyvite Vitamin D3 Max (brand)
216575,Diamode (brand)
2590640,Dianthus superbus flowering top extract
216586,Diastat (brand)
1362874,Diatomaceous earth
1546223,Diatrizoic acid
3322,Diazepam
1310602,Diazolidinylurea
3327,Diazoxide
55018,Dibasic potassium phosphate
1747705,Dibenzyl ether
203778,Dibenzyline (brand)
3339,Dibucaine
1363700,Dibutyl sebacate
253163,Dicalcium phosphate
1372926,Dicaprylyl carbonate
1367138,Dicaprylyl ether
1314346,Dicetylphosphate
22906,Dichlorobenzyl alcohol
3353,Dichlorphenamide
1368201,Diclazuril
1375949,Diclegis (brand)
3355,Diclofenac
3356,Dicloxacillin
1603850,Dictamnus dasycarpus root bark extract
1923818,Dictamnus dasycarpus root extract
3361,Dicyclomine
3364,Didanosine
1011450,Didecyldimethylammonium chloride
3368,Dienestrol
22968,Dienogest
1362911,Diethanolamine
1363595,Diethanolamine cetyl phosphate
2395765,Diethyl malonate
1362921,Diethyl phthalate
2665347,Diethylene glycol abietate
1311147,Diethylene glycol monoethyl ether
1737113,Diethylene glycol monoethyl ether acetate
1307048,Diethylhexyl carbonate
1368195,Diethylhexyl syringylidenemalonate
3389,Diethylpropion
3390,Diethylstilbestrol
2737149,Difamilast
2569089,Difelikefalin
23024,Difenoxin
153184,Differin (brand)
2602288,Differin Acne Clearing (brand)
2743618,Differin Epiduo (brand)
1111107,Dificid (brand)
91311,Diflorasone
202813,Diflucan (brand)
3393,Diflunisal
23043,Difluprednate
2743186,Digenyx (brand)
606562,Digex (brand)
404997,DigiFab (brand)
261504,Digitek (brand)
1313741,Diglycerin
1995486,Diglycerin monostearate
1363597,Diglycol stearate
1245368,Digox (brand)
3407,Digoxin
203223,Digoxin antibodies Fab fragments
23066,Dihematoporphyrin ether
2684977,Diheptyl adipate
1488055,Diheptyl succinate
23088,Dihydrocodeine
3418,Dihydroergotamine
2571991,Dihydroeugenol
1313184,Dihydrogenated tallow phthalic acid amide
1659907,Dihydromyrcenol
3430,Dihydroxyacetone
23162,Dihydroxyaluminum aminoacetate
1363598,Dihydroxyethyl cocamine oxide
2669405,Dihydroxyethyl lauramine oxide
1307792,Dihydroxypropyl PEG-5 linoleammonium chloride
1370590,Dihydroxypropyltrimonium
1655566,Diisodecyl adipate
1794890,Diisooctyl adipate
1362922,Diisopropanolamine
1363600,Diisopropyl adipate
1363601,Diisopropyl sebacate
1362925,Diisopropylamine
1363602,Diisostearyl malate
202740,Dilantin (brand)
224913,Dilaudid (brand)
2612151,Dilinoleic acid/butanediol copolymer
540618,Dilt (brand)
3443,Diltiazem
629300,Diltzac (brand)
3444,Dimenhydrinate
3445,Dimercaprol
324072,Dimethicone
1371447,Dimethicone PEG-10 phosphate
1424173,Dimethicone PEG-7 phosphate
2359249,Dimethicone PEG-8 adipate
1313264,Dimethicone PEG-8 laurate
2622906,Dimethicone PEG-8 meadowfoamate
2606775,Dimethicone propyl PG-betaine
1312387,Dimethicone-diene dimethicone crosspolymer
1361659,Dimethicone-vinyl dimethicone crosspolymer
2372919,Dimethicone/PEG-10/15 crosspolymer
1650426,Dimethiconol gum
2289010,Dimethyl benzyl carbinol
2385330,Dimethyl benzyl carbinyl butyrate
1313349,Dimethyl ether
1373478,Dimethyl fumarate
1313743,Dimethyl lauramine
1993216,Dimethyl lauramine oleate
3455,Dimethyl sulfoxide
1368874,Dimethylacetamide
2557366,Dimethylcyclohexylethoxy isobutylpropanoate
2264725,Dimethylimidazolidinone rice starch
3478,Dinoprostone
1606274,Dinutuximab
2684993,Dioctyl adipate
1309690,Dioscorea villosa tuber extract
3489,Diosmin
216652,Diovan (brand)
216653,Diovan HCT (brand)
2383534,Dioxane
1733677,Dipentaerythrityl tri-polyhydroxystearate
49131,Dipentum (brand)
216654,Diphedryl (brand)
216660,Diphenhist (brand)
3498,Diphenhydramine
3500,Diphenoxylate
2391140,Diphenyl ether
196459,Diprivan (brand)
216664,Diprolene (brand)
1368869,Dipropylene glycol
1651692,Dipropylene glycol caprylate
1310075,Dipsacus asper root extract
3521,Dipyridamole
3523,Dipyrone
2562883,Direct yellow 6
2261783,Diroximel fumarate
204318,Disalcid (brand)
638458,DisCoVisc (brand)
1368701,Disilver oxide
670009,Diskets (brand)
1990421,Disodium acetyl glucosamine phosphate
2370175,Disodium dihydrogen hypophosphate
3541,Disopyramide
1372929,Disteardimonium hectorite
1546708,Disteareth-75 isophorone diisocyanate
1312560,Distearyl phthalamic acid
3554,Disulfiram
1739006,Ditetracycline tetrasodium edetate
1940150,Dittrichia viscosa whole extract
216677,Diuril (brand)
722259,Divigel (brand)
1314409,DL-lactic acid
2053488,DLin-MC3-DMA
151653,Doans (brand)
216685,Doans PM (brand)
235935,Dobesilic acid
3616,Dobutamine
72962,Docetaxel
2679780,Docivyx (brand)
1006469,Doconexent
1291425,Docosaenoic acid
73,Docosahexaenoate
594680,Docosanol
1037027,Doctor's Choice (brand)
1302274,Doculase (brand)
82003,Docusate
226635,Docusol (brand)
1362875,Dodecanol
1596928,Dodecyl gallate
1362927,Dodecyl sulfate
1094060,Dodecylbenzenesulfonic acid
2567015,Dodecylphosphocholine
2598449,Dodex (brand)
49247,Dofetilide
2167551,Dog dander extract
895495,Dog hair extract
894987,Dog skin extract
867218,Dogfennel pollen extract
2383556,Dojolvi (brand)
216344,DOK (brand)
68091,Dolasetron
202486,Dolobid (brand)
202370,Dolophine (brand)
1432537,Doloracin with Lidocaine (brand)
1433868,Dolutegravir
1293264,Domeboro (brand)
852256,Domestic cow skin extract
852252,Domestic goat skin extract
2687966,Donanemab
135447,Donepezil
2724361,Donidalorsen
2642217,Donislecel
115141,Donnatal (brand)
3628,Dopamine
202987,Dopram (brand)
2045953,Doptelet (brand)
216726,Doral (brand)
2055755,Doravirine
2721194,Dordaviprone
1919068,Dormin (brand)
337623,Dornase alfa
216727,Doryx (brand)
60207,Dorzolamide
2539967,Dostarlimab
1797118,Dotatate
2110769,Dotti (brand)
2122521,Dovato (brand)
216731,Dovonex (brand)
3637,Doxapram
49276,Doxazosin
2642208,Doxecitine
3638,Doxepin
11516,Doxercalciferol
80773,Doxil (brand)
3639,Doxorubicin
1372538,Doxribtimine
544837,Doxy (brand)
3640,Doxycycline
3642,Doxylamine
2045467,Dragon (brand)
1372005,Dragon's blood extract
151666,Dramamine (brand)
827176,Dramamine Less Drowsy (brand)
2110522,Dramamine Nausea Relief (brand)
216742,Driminate (brand)
92515,Drisdol (brand)
702024,Dristan 12-Hour Nasal Spray (brand)
92522,Drithocreme (brand)
2200169,Drizalma (brand)
10402,Dronabinol
233698,Dronedarone
3648,Droperidol
11636,Drospirenone
216755,Droxia (brand)
1489913,Droxidopa
1309421,Drynaria fortunei root extract
92529,Drysol (brand)
2103193,Dsuvia (brand)
2205095,Duaklir (brand)
1441735,Duavee (brand)
892851,Duck feather extract
647208,Duetact (brand)
1100067,Duexis (brand)
1551291,Dulaglutide
151672,Dulcolax (brand)
1372704,Dulera (brand)
72625,Duloxetine
1426466,Dunaliella salina extract
1744392,Duo Fusion (brand)
2166090,Duobrii (brand)
717229,Duodote (brand)
49326,Duofilm (brand)
1599847,Duopa (brand)
92540,Duoplant (brand)
1876376,Dupilumab
1876402,Dupixent (brand)
216778,Duraclon (brand)
1304248,Duraflor (brand)
216790,Duramist Plus (brand)
203355,Duramorph (brand)
1090519,DuraPrep (brand)
802597,Durezol (brand)
1665357,Durlaza (brand)
2639089,Durlobactam
2109969,Durolane (brand)
1919503,Durvalumab
2286603,Durysta (brand)
228790,Dutasteride
2058509,Duvelisib
2678895,Duvyzat (brand)
1720587,Dyanavel (brand)
23742,Dyazide (brand)
23744,Dyclonine
2199126,Dyclopro (brand)
1291861,Dymista (brand)
216813,Dyna-Hex (brand)
1550948,Dynashield ZO (brand)
203238,Dyrenium (brand)
151682,Dysport (brand)
216827,E-R-O (brand)
2474334,E-Z-Gas II (brand)
1309338,East Indian lemongrass oil
852363,Eastern cottonwood pollen extract
852746,Eastern sycamore pollen extract
852738,Eastern white pine pollen extract
1297529,Eastern yellow jacket venom protein
2472157,Ebanga (brand)
2383933,Ebanol
2693786,Ebglyss (brand)
658708,Ecallantide
236121,Echinacea angustifolia extract
1307673,Echinacea angustifolia leaf extract
259415,Echinacea angustifolia root extract
969119,Echinacea pallida root extract
228041,Echinacea preparation
260025,Echinacea purpurea extract
1307637,Echinacea purpurea flowering top extract
259513,Echinacea purpurea root extract
3743,Econazole
1600597,EContra (brand)
89778,Ecothiopate
202554,Ecotrin (brand)
1442586,Ecoza (brand)
1426644,Ectoine
591781,Eculizumab
1233204,Eczemin (brand)
545890,Ed Flex (brand)
352618,Ed Spaz (brand)
1921877,Edaravone
1091647,Edarbi (brand)
1372759,Edarbyclor (brand)
151689,Edecrin (brand)
1368950,Edetate calcium
3755,Edetic acid
1314349,Edetol
153020,Edex (brand)
1426438,Edible oyster preparation
836642,Edluar (brand)
1599538,Edoxaban
1102274,Edurant (brand)
195085,Efavirenz
2670630,Efbemalenograstim alfa
216861,Effer-K (brand)
151692,Effexor (brand)
855813,Effient (brand)
2587717,Efgartigimod alfa
1539753,Efinaconazole
2612526,Eflapegrastim
569,Eflornithine
1543095,Efmoroctocog alfa
224945,Efudex (brand)
2118607,Egaten (brand)
1428044,Egg shell membrane
314605,Egg yolk phospholipids
972601,Eggplant allergenic extract
1044588,Egrifta (brand)
618597,Eicosapentaenoate
2717950,Ekterly (brand)
2628469,Elacestrant
2698762,Eladocagene exuparvovec
1432292,Elaeis guineensis fruit extract
2684941,Elafibranor
2049846,Elagolix
2621555,Elahere (brand)
2725600,Elamipretide
2059219,Elapegademase
647115,Elaprase (brand)
42940,Elavil (brand)
1734628,Elbasvir
2169277,Elcys (brand)
92573,Eldertonic (brand)
1291614,Elelyso (brand)
1426441,Elemi extract
1605363,Elepsia (brand)
706464,Elestrin (brand)
231049,Eletriptan
1368902,Eleuthero preparation
2641681,Elevidys (brand)
2256951,Elexacaftor
2637458,Elfabrio (brand)
306865,Elidel (brand)
352619,Eligard (brand)
1547220,Eliglustat
216875,Elimite (brand)
2725511,Elinzanetant
1364436,Eliquis (brand)
352620,Elitek (brand)
2612527,Elivaldogene autotemcel
203394,Elixophyllin (brand)
405036,Elixsure Cough (brand)
1005925,Ella (brand)
203766,Ellence (brand)
877478,Ellis Tonic (brand)
1372006,Elm extract
155043,Elmiron (brand)
1543089,Eloctate (brand)
693930,Elon Dual Defense (brand)
1489914,Elosulfase alfa
1726104,Elotuzumab
2644880,Elranatamab
2644887,Elrexfio (brand)
711942,Eltrombopag
2266502,EluRyng (brand)
1653781,Eluxadoline
1306286,Elvitegravir
2373455,Elyxyb (brand)
2109060,Elzonris (brand)
2104604,Emapalumab
2679611,Embelia ribes fruit extract
2705356,Emblaveo (brand)
605264,Emcin Clear (brand)
3815,Emcyt (brand)
357280,Emend (brand)
759503,Emend Injection (brand)
2368457,Emerphed (brand)
92588,Emetrol (brand)
2596179,Emetrol Chewables (brand)
1870945,Emflaza (brand)
2058873,Emgality (brand)
216888,Emgel (brand)
1989794,Emicizumab
1545653,Empagliflozin
2557387,Empaveli (brand)
1726111,Empliciti (brand)
2714246,Emrelis (brand)
2706373,Emrosi (brand)
617716,Emsam (brand)
276237,Emtricitabine
383858,Emtriva (brand)
1309389,Emu oil
1737783,Emverm (brand)
397392,Enablex (brand)
3827,Enalapril
3829,Enalaprilat
1940332,Enasidenib
216891,Enbrel (brand)
2724438,Enbumyst (brand)
2708838,Encelto (brand)
995856,Encora AM Tablet (brand)
995779,Encora Capsule (brand)
995860,Encora PM Tablet (brand)
2049106,Encorafenib
1928936,Endari (brand)
216903,Endocet (brand)
725095,Endometrin (brand)
1088776,Endur-Acin (brand)
1192919,Enemeez (brand)
352624,Enemeez Plus (brand)
1086383,Enfamil Glucose (brand)
2716811,Enflonsia (brand)
2268307,Enfortumab
139896,Enfuvirtide
49610,Engerix-B (brand)
2168411,English lavender oil
852742,English plantain pollen extract
891687,English walnut allergenic extract
852577,English walnut pollen extract
2267577,Enhertu (brand)
2644703,Enilloring (brand)
2591421,Enjaymo (brand)
2747751,Enlicitide
2675985,Enmetazobactam
2725568,Enoby (brand)
67108,Enoxaparin
2043284,Enoxolone dipotassium
24192,Enrofloxacin
2712635,Ensacove (brand)
2712546,Ensartinib
2687215,Ensifentrine
2745988,Ensitrelvir
2391556,Enspryng (brand)
1716095,Enstilar (brand)
60307,Entacapone
2587742,Entadfi (brand)
306266,Entecavir
482748,Entereg (brand)
2197862,Entrectinib
1656341,Entresto (brand)
284729,ENTsol (brand)
1538138,Entyvio (brand)
216928,Enulose (brand)
1664435,Envarsus (brand)
1307298,Enzalutamide
2675281,Eohilia (brand)
1310593,Eosine yellowish
1435625,Epaned (brand)
1799213,Epclusa (brand)
2637392,Epcoritamab
3966,Ephedrine
852466,Epicoccum nigrum allergenic extract
995707,Epidermophyton floccosum allergenic extract
2058901,Epidiolex (brand)
830645,Epiduo (brand)
894943,Epiflur (brand)
49670,Epifoam (brand)
24246,Epigallocatechin gallate
2549747,Epigallocatechin gallatyl glucoside
1307564,Epilobium angustifolium flowering top extract
1309425,Epilobium angustifolium leaf extract
1539424,Epilobium angustifolium whole extract
1788980,Epilobium fleischeri whole extract
1311044,Epimedium grandiflorum top extract
1673375,Epimedium sagittatum top extract
216934,Epimide 50 (brand)
39684,Epinastine
3992,Epinephrine
2727364,Epioxa (brand)
727341,Epipen (brand)
3995,Epirubicin
203251,Epitol (brand)
196478,Epivir (brand)
2637401,Epkinly (brand)
298869,Eplerenone
2671939,Eplontersen
105694,Epoetin alfa
203281,Epogen (brand)
8814,Epoprostenol
2586428,Eprontia (brand)
2600965,Epsolay (brand)
75635,Eptifibatide
2282660,Eptinezumab
2706340,Epysqli (brand)
497184,Epzicom (brand)
216939,Equalactin (brand)
583135,Equetro (brand)
1307596,Equisetum arvense branch extract
1306235,Equisetum arvense top extract
1535478,Equisetum arvense whole extract
1332872,Equisetum hyemale extract
2055906,Eravacycline
617817,Eraxis (brand)
355460,Erbitux (brand)
2123125,Erdafitinib
1541718,Eremocitrus glauca fruit extract
2045613,Erenumab
4018,Ergocalciferol
203328,Ergomar (brand)
4025,Ergotamine
1314350,Ergothioneine
1045453,Eribulin
1310088,Eriobotrya japonica leaf extract
1242993,Erivedge (brand)
1999582,Erleada (brand)
337525,Erlotinib
2626051,Ermeza (brand)
405050,Ertaczo (brand)
325642,Ertapenem
1992672,Ertugliflozin
2624748,Ervebo (brand)
1232186,Erwinaze (brand)
798130,Ery (brand)
202609,Ery-Tab (brand)
202614,Erygel (brand)
203253,EryPed (brand)
1369563,Erythritol
645943,Erythrocin (brand)
750836,Erythrocin Stearate (brand)
4053,Erythromycin
4061,Erythrosine
2699343,Erzofri (brand)
1592280,Esbriet (brand)
4065,Escin
321988,Escitalopram
216971,Esgic (brand)
1993063,Eskata (brand)
2119365,Esketamine
1482502,Eslicarbazepine
49737,Esmolol
283742,Esomeprazole
2275725,Esperoct (brand)
4077,Estazolam
2539031,Estetrol
202619,Estrace (brand)
4083,Estradiol
4089,Estramustine
216989,Estratest (brand)
151720,Estring (brand)
4094,Estriol
405052,Estrogel (brand)
33747,Estropipate
461016,Eszopiclone
2721765,Eta-tocopherol
214555,Etanercept
1876119,Etelcalcetide
1810569,Eteplirsen
62349,Ethacrynate
4110,Ethambutol
224898,Ethamolin (brand)
4112,Ethamsylate
448,Ethanol
24457,Ethanolamine
24460,Ethanolamine oleate
4124,Ethinyl estradiol
4125,Ethiodized oil
4127,Ethionamide
4135,Ethosuximide
1312568,Ethyl 2-methylbutyrate
2557367,Ethyl 2-methylpentanoate
1314355,Ethyl acetate
2388133,Ethyl acetoacetate ethylene glycol ketal
1859382,Ethyl acrylate
1314356,Ethyl butyrate
1310565,Ethyl cellulose
4141,Ethyl chloride
1363043,Ethyl ether
1314357,Ethyl isovalerate
1435390,Ethyl jojobate
1427072,Ethyl lactate
1313748,Ethyl levulinate
1376096,Ethyl linalool
24522,Ethyl linoleate
1314358,Ethyl macadamiate
1314359,Ethyl maltol
1358486,Ethyl menthane carboxamide
1314360,Ethyl nitrate
1314361,Ethyl oleate
2642871,Ethyl p-hydroxyhydrocinnamate
1539968,Ethyl pyruvate
1426475,Ethyl sebacate
1312574,Ethyl valerate
1311571,Ethyl vanillin
1362892,Ethyl-p-hydroxybenzoate
2609844,Ethylcellulose aqueous dispersion type A
2610401,Ethylcellulose aqueous dispersion type B
1314363,Ethylene brassylate
1655222,Ethylene distearamide
1314364,Ethylene glycol
4158,Ethylenediamine
1361654,Ethylenediamine tetraethanol
1313749,Ethylhexyl acetate
1596929,Ethylhexyl gallate
1368707,Ethylhexyl hydroxystearate
1367139,Ethylhexyl isononanoate
1426862,Ethylhexyl oleate
2665656,Ethylhexyl olivate
1426380,Ethylhexyl palmitate
1369682,Ethylhexyl stearate
1367134,Ethylhexylglycerin
24591,Ethynodiol
151722,Ethyol (brand)
2462514,Eticovo (brand)
24605,Etodolac
4177,Etomidate
14584,Etonogestrel
274342,Etopophos (brand)
4179,Etoposide
2626727,Etranacogene dezaparvovec
2668045,Etrasimod
475969,Etravirine
2730302,Etripamil
2747657,Etuvetidigene autotemcel
21116,Eucalyptol
2122439,Eucalyptus alba leaf extract
1305545,Eucalyptus globulus leaf extract
852386,Eucalyptus globulus pollen extract
1363729,Eucalyptus globulus whole extract
1541731,Eucalyptus gum extract
59087,Eucalyptus oil
1307684,Eucalyptus polybractea leaf oil
1098348,Eucerin Calming Itch Relief (brand)
1442719,Eucerin Eczema Relief (brand)
1535479,Eucommia ulmoides whole extract
1865958,Eucrisa (brand)
604726,Euflexxa (brand)
4186,Eugenol
151668,Eulexin (brand)
2748465,Euphorbia esula whole extract
2631985,Euphorbia fischeriana root extract
1347564,Euphorbia hirta extract
2673586,Euphorbia neriifolia leaf extract
202842,Eurax (brand)
1311531,European elderberry extract
1438112,European elderberry juice
1307809,European hazelnut oil
854163,European honey bee venom protein
1116979,European house dust mite allergenic extract
852653,European olive pollen extract
895195,European rabbit skin extract
2001239,Eurycoma longifolia root extract
1358888,Euterpe oleracea whole extract
217006,Euthyrox (brand)
728119,Evamist (brand)
1793131,EVARREST (brand)
2745756,Evdi (brand)
1600688,Evekeo (brand)
260040,Evening primrose extract
203219,Evening primrose oil
2123186,Evenity (brand)
141704,Everolimus
2742556,Evesse (brand)
2725182,Evexithroid (brand)
2264207,Evicel (brand)
2478335,Evinacumab
217010,Evista (brand)
2003328,Evivo (brand)
2478462,Evkeeza (brand)
544738,Evoclin (brand)
1665684,Evolocumab
1745086,Evomela (brand)
1601655,Evotaz (brand)
261514,Evoxac (brand)
2390941,Evrysdi (brand)
217013,Ex-Lax Chocolated (brand)
217016,Ex-Lax Maximum Relief Formula (brand)
217017,Ex-Lax Regular Strength Pills (brand)
405055,Ex-lax Ultra (brand)
2671667,Exagamglogene autotemcel
1358848,Exaprin (brand)
2675991,Exblifep (brand)
217020,Excedrin (brand)
1591929,Excedrin Mild Headache (brand)
217025,Excedrin PM (brand)
1593111,Excedrin PM Triple Action (brand)
702612,Excedrin Quick Tab (brand)
405058,Excedrin Tension Headache (brand)
2729273,Exdensur (brand)
217028,Exelderm (brand)
225807,Exelon (brand)
258494,Exemestane
60548,Exenatide
722127,Exforge (brand)
1372733,Exforge HCT (brand)
1661072,Exidine (brand)
614084,Exjade (brand)
2570743,Exkivity (brand)
405060,Exoderm (brand)
1810574,Exondys (brand)
1191509,Exparel (brand)
2267567,Exservan (brand)
860241,Extavia (brand)
2671688,Extencilline (brand)
728511,Extina (brand)
1100743,Extraneal (brand)
2672374,Exxua (brand)
2725891,Eydenzelt (brand)
1549851,Eye Stream (brand)
584531,Eyemycin (brand)
1603462,Eyes Alive Lubricating (brand)
1232155,Eylea (brand)
2464839,Eysuvis (brand)
2167558,Ezallor (brand)
341248,Ezetimibe
731373,EZFE (brand)
2671075,Fabhalta (brand)
1293452,Fabior (brand)
338818,Fabrazyme (brand)
402085,Factive (brand)
4249,Factor IX
1670383,Factor IX complex
4254,Factor VII
4256,Factor VIIa
4257,Factor VIII
4262,Factor X
4271,Factor XIII
1309464,Fagus sylvatica flower bud extract
2714508,Fakzynja (brand)
1309940,Fallopia multiflora root extract
851938,False ragweed pollen extract
68099,Famciclovir
4278,Famotidine
848723,Fanapt (brand)
155082,Fareston (brand)
2591519,Faricimab
1362903,Farnesol
1486972,Farxiga (brand)
1603356,Farydak (brand)
1989105,Fasenra (brand)
203870,Faslodex (brand)
1232161,Fast Freeze (brand)
1310705,Fast green FCF stain
2738668,Favlyxa (brand)
284110,Fe heme polypeptide
24805,Febantel
73689,Febuxostat
2197490,Fedratinib
968897,Feiba (brand)
24812,Felbamate
224900,Felbatol (brand)
197288,Feldene (brand)
4316,Felodipine
405069,Fem pH (brand)
203769,Femara (brand)
405070,Femring (brand)
4325,Fenbendazole
4328,Fenfluramine
1305608,Fennel oil
125918,Fennel seed preparation
8703,Fenofibrate
763247,Fenoglide (brand)
4331,Fenoprofen
151750,Fenopron (brand)
2371769,Fensolvi (brand)
4337,Fentanyl
668619,Fentora (brand)
360375,Fenugreek seed preparation
217091,Feosol (brand)
262237,Feosol Caplet (brand)
217093,Fer-in-Sol (brand)
854775,Feraheme (brand)
262120,Ferate (brand)
217095,Fergon (brand)
1087205,Ferocon (brand)
796381,Ferralet 90 (brand)
1087235,Ferraplus (brand)
604216,Ferretts IPS (brand)
24897,Ferric ammonium citrate
1426442,Ferric ammonium ferrocyanide
1433693,Ferric carboxymaltose
1546357,Ferric cation
24898,Ferric chloride
1594675,Ferric citrate
2274394,Ferric derisomaltose
2539932,Ferric maltol
1310572,Ferric oxide
1305582,Ferric oxide yellow
1607976,Ferric pyrophosphate
24912,Ferric subsulfate solution
24913,Ferric sulfate
1190352,Ferriprox (brand)
50013,Ferrlecit (brand)
405076,Ferrocite (brand)
1310708,Ferrosoferric oxide
1311293,Ferrosoferric phosphate
644718,Ferrous asparto glycinate
1102188,Ferrous bisglycinate
1541238,Ferrous cation
24941,Ferrous fumarate
24942,Ferrous gluconate
136034,Ferrous lactate
1363047,Ferrous oxide
24947,Ferrous sulfate
473387,Ferumoxytol
2730333,Fesilty (brand)
797195,Fesoterodine
2265707,Fetroja (brand)
1433218,Fetzima (brand)
217115,Feverall (brand)
114203,Feverfew extract
2564146,Fexinidazole
705009,Fexmid (brand)
87636,Fexofenadine
2637134,Fezolinetant
1986350,Fiasp (brand)
1250686,Fiber Choice (brand)
1250713,Fiber Choice Weight Management (brand)
217119,Fiber Tab (brand)
217120,FiberCon (brand)
860881,Fibricor (brand)
4385,Fibrinogen
1947378,Fibryga (brand)
2268213,Ficus benghalensis bark extract
2681011,Fidanacogene elaparvovec
1111103,Fidaxomicin
68442,Filgrastim
1307553,Filipendula ulmaria flower extract
1307967,Filipendula ulmaria root extract
1312579,Filipendula ulmaria whole extract
2747353,Filkri (brand)
2630541,Filspari (brand)
2675588,Filsuvez (brand)
352645,Finacea (brand)
1598641,Finafloxacin
25025,Finasteride
2562811,Finerenone
1012892,Fingolimod
2381139,Fintepla (brand)
175184,Fioricet (brand)
217126,Fioricet with Codeine (brand)
1148142,Firazyr (brand)
2107513,Firdapse (brand)
858122,Firmagon (brand)
2000128,Firvanq (brand)
4419,Fish oils
1014606,Fisherman's Friend (brand)
2709439,Fitusiran
2045197,Flac (brand)
202866,Flagyl (brand)
1086019,Flanders (brand)
217134,Flarex (brand)
2739496,Flavalta (brand)
1536070,Flavone
4440,Flavoxate
901351,Flaxseed allergenic extract
318224,Flaxseed extract
541555,Flebogamma (brand)
4441,Flecainide
135123,Flector (brand)
2593377,Fleqsuvy (brand)
217140,Fletchers Castoria (brand)
1087513,Flexall (brand)
728528,Flexall Ultra Plus (brand)
617587,Flexbumin (brand)
1665509,Flibanserin
114221,Flolan (brand)
1944257,Flolipid (brand)
190283,Flomax (brand)
83373,Flonase (brand)
2623973,Flonase Nighttime (brand)
1869707,Flonase Sensimist (brand)
1236661,Florajen3 (brand)
2557368,Floralozone
602742,Florastor (brand)
25086,Florfenicol
171000,Florical (brand)
217152,Flovent (brand)
4488,Floxuridine
352652,Flucaine (brand)
4450,Fluconazole
4451,Flucytosine
24698,Fludarabine
4452,Fludrocortisone
227249,Flumadine (brand)
4457,Flumazenil
25120,Flunisolide
25121,Flunixin
25126,Fluocinolone
4462,Fluocinonide
217162,Fluorabon (brand)
92744,Fluoracaine (brand)
25138,Fluorescein
196213,Fluoride ion
617614,Fluoridex (brand)
847011,Fluoridex Daily Defense Sensitivity (brand)
2603766,Fluorimax (brand)
2603757,Fluorimax Sensitive (brand)
352653,Fluorinse (brand)
861718,Fluoritab (brand)
1362737,Fluorodeoxyglucose F18
4491,Fluorometholone
202633,Fluoroplex (brand)
4492,Fluorouracil
4493,Fluoxetine
4496,Fluphenazine
4500,Flurandrenolide
4501,Flurazepam
4502,Flurbiprofen
4508,Flutamide
1996207,Fluticare (brand)
41126,Fluticasone
41127,Fluvastatin
42355,Fluvoxamine
594822,FML (brand)
92675,FML Forte Liquifilm (brand)
352654,Focalin (brand)
2664067,Focinvez (brand)
1606478,Foeniculum vulgare leaf extract
217180,Foille (brand)
202634,Folacin (brand)
1087259,Folbecal (brand)
607105,Folbee (brand)
607107,Folbic (brand)
2569083,Folditam (brand)
1098701,Folgard (brand)
1087282,Folgard OS (brand)
4511,Folic acid
861069,Folitab (brand)
1087299,Folivane-F (brand)
2671091,Folixate (brand)
227518,Follicle stimulating hormone
187220,Follistim (brand)
386938,Follitropin alfa
25357,Follitropin beta
865180,Folotyn (brand)
707571,Foltabs (brand)
542042,Foltrate (brand)
15226,Fomepizole
321208,Fondaparinux
92754,Forane (brand)
1232586,Forfivo (brand)
217186,Forma-Ray (brand)
217187,Formadon (brand)
4530,Formaldehyde
4537,Formic acid
25255,Formoterol
1311590,Forsythia suspensa fruit extract
203421,Fortaz (brand)
352657,Forteo (brand)
1051071,Fortesta (brand)
2725606,Forzinity (brand)
114265,Fosamax (brand)
607553,Fosamax Plus D (brand)
358262,Fosamprenavir
1731071,Fosaprepitant
33562,Foscarnet
225811,Foscavir (brand)
2531288,Fosdenopterin
4550,Fosfomycin
50166,Fosinopril
1546393,Fosinoprilat
72236,Fosphenytoin
356761,Fosrenol (brand)
2044896,Fostamatinib
2380373,Fostemsavir
2534239,Fotivda (brand)
2739845,Foundayo (brand)
281554,Fragmin (brand)
1310063,Frangula alnus bark extract
1311479,Frankincense extract
1309424,Frankincense oil
1309996,Fraxinus excelsior bark extract
543813,Freez Eez (brand)
979293,Freeze It (brand)
217209,Freezone (brand)
2056691,Fremanezumab
852355,Fremont cottonwood pollen extract
630978,Freshkote (brand)
2703028,Frindovyx (brand)
1543411,Fritillaria delavayi bulb extract
322250,Frova (brand)
228783,Frovatriptan
259372,Fructooligosaccharide
4570,Fructose
2670179,Fruquintinib
2670185,Fruzaqla (brand)
1314424,Fu ling
2636730,Fucus spiralis extract
1334747,Fucus vesiculosus extract
2048021,Fulphila (brand)
282357,Fulvestrant
1314310,Fulvic acid
217214,Fulvicin P/G (brand)
1544485,Fumaryl diketopiperazine
217218,Fungi-Guard (brand)
217219,Fungi-Nail (brand)
1362034,FungiCure Maximum Strength (brand)
1045617,Fungicure Solution (brand)
1356534,Fungifoam (brand)
2699328,Fungizyl (brand)
217221,Fungoid (brand)
258353,Furadantin (brand)
4601,Furazolidone
1858559,Furcelleran
2621024,Furoscix (brand)
4603,Furosemide
2287733,Fusel oil
804688,Fusilev (brand)
2628190,Futibatinib
356743,Fuzeon (brand)
2586864,Fyarro (brand)
1736649,Fyavolv (brand)
1356558,FYCOMPA (brand)
2602783,Fylnetra (brand)
2587590,Fyremadel (brand)
25480,Gabapentin
602396,Gabarone (brand)
217243,Gabitril (brand)
1047432,Gablofen (brand)
84990,Gadobutrol
41144,Gadodiamide
2618720,Gadopiclenol
2745120,Gadoquatrane
1421151,Gadoterate meglumine
25483,Gadoteridol
1425353,Galactoarabinan
4626,Galactose
2054258,Galafold (brand)
4637,Galantamine
1307685,Galbanum oil
2058846,Galcanezumab
2688018,Galectin-3
2696249,Gallifrey (brand)
578033,Galsulfase
225039,Galzin (brand)
797554,GamaSTAN (brand)
852276,Gambels oak pollen extract
89698,Gamboge
2104612,Gamifant (brand)
1366989,Gamma-cyclodextrin
1659905,Gamma-nonalactone
2043769,Gamma-octalactone
2393523,Gamma-terpinene
1376148,Gamma-undecalactone
42697,Gammagard (brand)
2733840,Gammagard ERC (brand)
1117548,Gammaked (brand)
991216,Gammaplex (brand)
471329,Gamunex (brand)
2604689,Ganaxolone
4678,Ganciclovir
35825,Ganirelix
1309999,Ganoderma lucidum stem extract
2717169,Garadacimab
1311595,Garcinia cambogia fruit extract
1309811,Garcinia indica seed butter extract
1654961,Garcinia mangostana fruit extract
1356679,Garcinia mangostana fruit rind extract
1597095,Gardasil 9 (brand)
1800485,Gardenia jasminoides flower extract
1311374,Gardenia jasminoides fruit extract
1541884,Gardenia jasminoides whole extract
1659909,Gardenian blue
2749953,Garetosmab
899414,Garlic allergenic extract
900987,Garrys oak pollen extract
2748452,Garzulys (brand)
352663,Gas Aide (brand)
217263,Gas-X (brand)
1011084,Gas-X Prevention (brand)
2590811,Gas-X Total Relief (brand)
405113,Gas-X with Maalox (brand)
217266,Gastrocrom (brand)
228476,Gatifloxacin
1364473,Gattex (brand)
1358001,Gaultheria procumbens leaf extract
876188,Gavilax (brand)
850436,GaviLyte-C (brand)
857045,Gavilyte-G (brand)
1718985,Gavilyte-H (brand)
857051,GaviLyte-N (brand)
25655,Gaviscon (brand)
1372739,Gaviscon Chewable (brand)
2394942,Gavreto (brand)
1442694,Gazyva (brand)
2747771,Gedatolisib
328134,Gefitinib
217269,Gel-Kam (brand)
1369806,Gel-One (brand)
1869377,Gel-Syn (brand)
4716,Gelatin
1435506,Gelato Perio Rinse (brand)
656835,Gelato sodium fluoride (brand)
1372013,Gelidiella acerosa extract
831887,Gelnique (brand)
25689,Gelusil (brand)
12574,Gemcitabine
4719,Gemfibrozil
138099,Gemifloxacin
2472316,Gemtesa (brand)
1294580,Gemtuzumab ozogamicin
217282,Genac brand of pseudoephedrine/triprolidine (brand)
217286,Genahist (brand)
217295,Genaphed (brand)
217314,Generlac (brand)
261530,Gengraf (brand)
25696,Genistein
202828,Genotropin (brand)
217324,Genpril (brand)
217327,Gentak (brand)
1596450,Gentamicin
217332,GenTeal (brand)
4778,Gentian violet
1307945,Gentiana lutea root extract
1309427,Gentiana macrophylla root extract
2680317,Gentiana manshurica root extract
1049420,GentleLax (brand)
1734861,Genvisc (brand)
1721614,Genvoya (brand)
285064,Geodon (brand)
999463,Geotrichum candidum allergenic extract
2672253,Gepirone
2709212,Gepotidacin
1368875,Geraniol
1487505,Geranium maculatum root oil
1807120,Geranyl acetate
864007,Geri-Hydrolac (brand)
905276,German cockroach allergenic extract
1297531,German wasp venom protein
851998,Giant ragweed pollen extract
900148,Giant wild rye pollen extract
1999008,Giapreza (brand)
1012896,Gilenya (brand)
1430268,Gilotrif (brand)
2105806,Gilteritinib
2380565,Gimoti (brand)
899420,Ginger allergenic extract
125921,Ginger root
630266,Gingi Med (brand)
259265,Ginkgo biloba leaf extract
1918243,Ginkgo biloba root extract
1356135,Ginko biloba leaf oil
325526,Ginseng preparation
2678889,Givinostat
2265717,Givlaari (brand)
2265712,Givosiran
1603522,Glabridin
2105845,Glasdegib
997779,Glassia (brand)
214582,Glatiramer
1654626,Glatopa (brand)
1940635,Glecaprevir
1311596,Gleditsia sinensis fruit extract
2375525,Gleditsia sinensis thorn extract
1442703,Gleditsia sinensis whole extract
282386,Gleevec (brand)
1545771,Gleostine (brand)
217357,Gliadel (brand)
25789,Glimepiride
4821,Glipizide
1994299,Globularia cordifolia whole extract
2639782,Glofitamab
2180553,Gloperba (brand)
151823,GlucaGen (brand)
4832,Glucagon
1242127,Glucarpidase
1298142,Glucoburst (brand)
11454,Glucomannan
25842,Gluconolactone
151827,Glucophage (brand)
4845,Glucosamine
4850,Glucose
1427073,Glucose oxidase
1541246,Glucose-6-phosphate
1433192,Glucosyl hesperidin
203680,Glucotrol (brand)
645109,Glumetza (brand)
70602,Glutamate
4885,Glutamine
4888,Glutaral
4890,Glutathione
92821,Glutose (brand)
1047876,Gly-Oxide (brand)
4815,Glyburide
1437970,Glycate (brand)
1312391,Glycereth-17 cocoate
1311613,Glycereth-18
1426944,Glycereth-18 ethylhexanoate
1305748,Glycereth-2 cocoate
1426630,Glycereth-26
2634161,Glycereth-31
1371311,Glycereth-7
1535631,Glycereth-7 triacetate
4910,Glycerin
2099713,Glycerin methyl ether
1999410,Glycerol ester of hydrogenated rosin
1311689,Glycerol formal
1368451,Glycerol phenylbutyrate
1427173,Glyceryl 1-stearate
1607316,Glyceryl 1-undecylenate
1305749,Glyceryl behenate
1371968,Glyceryl behenate-eicosadioate
1366664,Glyceryl caprate
1307152,Glyceryl caprylate
1312392,Glyceryl caprylate-caprate
1432297,Glyceryl citrate
1311694,Glyceryl cocoate
1311691,Glyceryl dilaurate
2387831,Glyceryl dioleate
1311690,Glyceryl distearate
1311695,Glyceryl isostearate
1311693,Glyceryl laurate
1368193,Glyceryl linoleate
1655567,Glyceryl monobehenate
314647,Glyceryl monolaurate
1426928,Glyceryl palmitate
1423683,Glyceryl palmitostearate
1423803,Glyceryl phosphate
1928891,Glyceryl rosinate
1311155,Glyceryl stearate
1426411,Glyceryl stearate citrate
1364379,Glyceryl stearate SE
2696552,Glyceryl triacetyl 12-hydroxystearate
1869700,Glycidyl methacrylate
4919,Glycine
1428870,Glycol cetearate
1427079,Glycol dimethacrylate
1367188,Glycol distearate
26051,Glycol salicylate
1426255,Glycol stearate
70603,Glycolate
1423808,Glycophos (brand)
1546438,Glycopyrronium
1362904,Glycylglycine
1311506,Glycyrrhetinic acid
1370435,Glycyrrhiza glabra extract
1313045,Glycyrrhiza glabra leaf extract
2711885,Glycyrrhiza glabra root powder extract
1535490,Glycyrrhiza glabra whole extract
1307598,Glycyrrhiza inflata root extract
1342493,Glycyrrhiza uralensis extract
2266490,Glycyrrhiza uralensis root extract
1535491,Glycyrrhiza uralensis whole extract
26143,Glycyrrhizic acid
1549443,Glydo (brand)
881404,Glynase (brand)
4967,Glyoxal
2371711,Glyrx (brand)
1602110,Glyxambi (brand)
862475,Goat milk allergenic extract
1944371,Gocovri (brand)
2639632,Gohibic (brand)
1372255,Goldenseal extract
819300,Golimumab
2267207,Golodirsen
26180,Golytely (brand)
2705618,Gomekli (brand)
117040,Gonal F (brand)
217378,Goniosoft (brand)
998016,Goniovisc (brand)
1799429,Gonitro (brand)
894783,Goose feather extract
1995289,Goprelto (brand)
217383,Gordofilm (brand)
1088837,Gordogesic (brand)
217387,Gormel (brand)
217388,Gormel 10 (brand)
50610,Goserelin
2588949,Gozetotide
2463738,Gracilaria gracilis whole extract
2703571,Grafapex (brand)
1087976,Gralise (brand)
852197,Grama grass pollen extract
5011,Gramicidin
26237,Granisetron
763504,Granisol (brand)
1442677,Granix (brand)
253172,Grape extract
237116,Grape seed extract
1309208,Grape seed oil
899424,Grapefruit allergenic extract
124323,Grapefruit extract
1309212,Grapefruit oil
1358897,Grapefruit peel extract
259449,Grapefruit seed extract
1306130,Grapefruit seed oil
1495310,Grastek (brand)
852178,Gray birch pollen extract
1734630,Grazoprevir
852152,Greasewood pollen extract
852491,Green ash pollen extract
862478,Green bell pepper allergenic extract
971379,Green olive allergenic extract
283567,Green tea leaf extract
5021,Griseofulvin
1373150,Guaiac
5031,Guaiacol
5032,Guaifenesin
5033,Guanabenz
40114,Guanfacine
26344,Guar gum
236953,Guarana preparation
1426645,Guava extract
852298,Guinea pig skin extract
1552172,Guizotia abyssinica seed oil
1370785,Gum talha extract
1928588,Guselkumab
2199300,Gvoke (brand)
2749432,Gwyn Lo (brand)
261534,Gynazole-1 (brand)
707790,Gynecort (brand)
809438,Gynol II (brand)
2705690,Gynostemma pentaphyllum whole extract
2723017,Haberlea rhodopensis whole extract
203781,Habitrol (brand)
852324,Hackberry pollen extract
2640296,Hadlima (brand)
1926819,Haegarda (brand)
1426382,Haematococcus pluvialis extract
1045457,Halaven (brand)
5084,Halcinonide
227423,Halcion (brand)
151839,Haldol (brand)
802710,Halls (brand)
41208,Halobetasol
2622917,Haloette (brand)
227517,Halog (brand)
5093,Haloperidol
1307752,Hamamelis virginiana bark extract
1307636,Hamamelis virginiana flower water extract
1307887,Hamamelis virginiana leaf extract
1307819,Hamamelis virginiana leaf water extract
1307756,Hamamelis virginiana top extract
1311598,Hamamelis virginiana top water extract
1314854,Hamamelis virginiana whole extract
895062,Hamster skin extract
1368196,Hard fat
851874,Hard maple pollen extract
2719717,Harliku (brand)
1591944,Harvoni (brand)
203439,Havrix (brand)
1653024,Hawthorn flowering top extract
1309793,Hawthorn leaf with flower extract
891633,Hazelnut allergenic extract
852281,Hazelnut pollen extract
203447,Healon (brand)
352683,Healon5 (brand)
1425175,Healthy Mama (brand)
1088528,HealthyLax (brand)
258439,Heavy mineral oil
1367162,Hectorite
261539,Hectorol (brand)
1309795,Hedera helix leaf extract
1311601,Hedera helix top extract
1307804,Hedychium coronarium root extract
1309686,Helianthus annuus flowering top extract
1307740,Helianthus annuus seed wax extract
1425412,Helianthus annuus whole extract
2099292,Helichrysum gymnocephalum whole extract
1310048,Helichrysum italicum flower extract
5140,Helium
867232,Helminthosporium solani allergenic extract
50808,Hemabate (brand)
2286256,Hemady (brand)
1495059,Hemangeol (brand)
2270060,Hematex (brand)
1372721,Hematogen (brand)
1087407,Hemax (brand)
2626774,Hemgenix (brand)
2709674,Hemiclor (brand)
5175,Hemin
1989800,Hemlibra (brand)
1674193,Hemmorex (brand)
897253,Hemocyte (brand)
1087396,Hemocyte Plus (brand)
217508,Hemocyte-F (brand)
227719,Hemofil (brand)
672190,Hemox A (brand)
1788846,Hemp
1291086,Hemril (brand)
643799,HepaGam B (brand)
5224,Heparin
26744,Hepatitis B immune globulin
797752,Hepatitis B surface antigen vaccine
2743612,Hepcludex (brand)
1994348,Heplisav-B (brand)
342285,Hepsera (brand)
2472186,Heptane
1307091,Heptyl undecylenate
2671192,Hepzato (brand)
1855514,Her Style (brand)
101306,Herceptin (brand)
2119715,Herceptin Hylecta (brand)
2700719,Hercessi (brand)
2631132,Hericium erinaceus fruiting body extract
2721610,Hernexeos (brand)
2107054,Herzuma (brand)
202661,Hespan (brand)
1314255,Hesperetin
5281,Hesperidin
5531,Hetastarch
1372928,Heterotheca inuloides flower extract
1491619,Hetlioz (brand)
5293,Hexachlorophene
2167851,Hexadecane
1311540,Hexamethyldisiloxane
1314281,Hexamethylindanopyran
1307037,Hexanediol
1996982,Hexapeptide-11
2539177,Hexatrione (brand)
352688,Hextend (brand)
1426872,Hexyl 5-aminolevulinate
1807127,Hexyl acetate
2604566,Hexyl cinnamate
2000994,Hexyl hexanoate
1367126,Hexyl laurate
1421892,Hexyl salicylate
1363575,Hexyldecanol
1305548,Hexylene glycol
5321,Hexylresorcinol
683648,Hiberix (brand)
224892,Hibiclens (brand)
2463334,Hibiscus bifurcatus whole extract
1923771,Hibiscus rosa-sinensis flower extract
1309215,Hibiscus sabdariffa flower extract
1608319,Hibiscus syriacus bark extract
1310511,High fructose corn syrup
1424910,High-density polyethylene
1311546,Hippophae rhamnoides fruit extract
1310092,Hippophae rhamnoides fruit oil
1309359,Hippophae rhamnoides seed oil
151856,Hiprex (brand)
5333,Histamine
5340,Histidine
50975,Histrelin
902750,Hizentra (brand)
852839,Hog skin extract
1860076,Holy basil leaf extract
604021,Homatropaire (brand)
27084,Homatropine
285279,Honey preparation
899476,Honeydew melon allergenic extract
899480,Hops allergenic extract
259266,Hops extract
1426436,Horehound extract
1095698,Horizant (brand)
317825,Horse chestnut preparation
260020,Horse chestnut seed
852479,Horse skin extract
350173,House fly allergenic extract
967921,House fly extract
852693,House mouse skin extract
1309469,Houttuynia cordata flowering top extract
2001175,Houttuynia cordata top extract
2640406,Hulio (brand)
135805,Humalog (brand)
261542,Humalog Mix (brand)
603571,Human Albumin Grifols (brand)
597392,Human vaccinia immune globulin
42729,Humate-P (brand)
227565,Humatin (brand)
197123,Humatrope (brand)
353484,Humira (brand)
1372744,Humulin (brand)
92880,Humulin N (brand)
92881,Humulin R (brand)
1535492,Humulus lupulus whole extract
258349,Hurricaine (brand)
154682,Hyalgan (brand)
62372,Hyaluronate
5464,Hyaluronidase
1100388,HybriSil (brand)
203472,Hycamtin (brand)
542941,Hycet (brand)
992657,Hycodan (brand)
1721294,Hydantoin
1420965,Hydnocarpus kurzii seed oil
2673464,Hydracrylic acid
5470,Hydralazine
1314583,Hydrastis canadensis whole preparation
151871,Hydrea (brand)
849647,Hydro 35 (brand)
727272,Hydro 40 (brand)
1426869,Hydrobromic acid
5486,Hydrochloric acid
5487,Hydrochlorothiazide
217612,Hydrocil (brand)
5489,Hydrocodone
5492,Hydrocortisone
5496,Hydrofluoric acid
5499,Hydrogen peroxide
2747781,Hydrogenated C9 resin oil
1309218,Hydrogenated castor oil
1364377,Hydrogenated coco-glycerides
1307683,Hydrogenated coconut oil
1309478,Hydrogenated cottonseed oil
1745008,Hydrogenated jojoba oil
1868613,Hydrogenated macadamia seed oil
1658762,Hydrogenated olive oil
1799145,Hydrogenated olive oil unsaponifiables
1310582,Hydrogenated palm glycerides
1309360,Hydrogenated palm kernel oil
1307676,Hydrogenated palm oil
2642872,Hydrogenated polyisobutene 8
1440247,Hydrogenated rapeseed oil
1426418,Hydrogenated soybean lecithin
1309222,Hydrogenated soybean oil
2392131,Hydrogenated soybean phosphatidylcholine
1651693,Hydrogenated starch hydrolysate
1425354,Hydrogenated tallow acid
151875,Hydromet (brand)
3423,Hydromorphone
5509,Hydroquinone
27221,Hydrotalcite
1314279,Hydroxide ion
5514,Hydroxocobalamin
5521,Hydroxychloroquine
1362893,Hydroxycitronellal
27244,Hydroxyethyl cellulose
1549632,Hydroxyethyl cetyldimonium phosphate
1363605,Hydroxyethyl urea
1312611,Hydroxyethylpiperazine ethane sulfonic acid
1356701,Hydroxylated lanolin
1363606,Hydroxymethyl cellulose
1427188,Hydroxyphenyl propamidobenzoic acid
1311548,Hydroxyproline
1601114,Hydroxypropyl gamma-cyclodextrin
2468433,Hydroxypropyl methacrylate
1747475,Hydroxypropyl tetrahydropyrantriol
2104987,Hydroxypropyl trimonium chloride
1442707,Hydroxypropyl-alpha-cyclodextrin
27291,Hydroxypropylcellulose
1314227,Hydroxytyrosol
5552,Hydroxyurea
5553,Hydroxyzine
2596865,Hyftor (brand)
284637,Hylan G-F 20
615870,Hylenex (brand)
2181533,Hylocereus undatus fruit extract
2109977,Hymovis (brand)
2697141,Hympavzi (brand)
1037229,Hyophen (brand)
153970,Hyoscyamine
707344,Hyper-Sal (brand)
615872,Hyperhep B (brand)
1352522,Hypericum oil
1309362,Hypericum perforatum flower extract
1307704,Hypericum perforatum leaf extract
583496,HyperRAB (brand)
898569,HyperRHO (brand)
1087392,Hypertet (brand)
1363609,Hypnea musciformis extract
1483317,Hypochlorite
1800664,Hypochlorite ion
1192968,Hypomyces perniciosus allergenic extract
1423684,Hypophosphorous acid
227192,Hypotears (brand)
27334,Hypromellose
2645263,Hypromellose acetate succinate
2641646,Hyrimoz (brand)
2728193,Hyrnuo (brand)
1299630,Hysept (brand)
1595731,Hysingla (brand)
1362137,Hyssop oil
1309237,Hyssopus officinalis extract
1482787,Hyssopus officinalis whole extract
217681,Hyzaar (brand)
2043283,Ibalizumab
115264,Ibandronate
2749731,Iberdomide
1601381,Ibrance (brand)
2560213,Ibrexafungerp
1442981,Ibrutinib
2199680,Ibsrela (brand)
2716926,Ibtrozi (brand)
217693,Ibu (brand)
1372755,Ibudone (brand)
5640,Ibuprofen
850404,Ibuprohm (brand)
1805438,Ibutamoren
41289,Ibutilide
262123,Icar (brand)
1088866,Icar C (brand)
1087415,Icar-C Plus (brand)
1148138,Icatibant
5645,Ichthammol
1364353,Iclusig (brand)
140480,Icodextrin
1304974,Icosapent ethyl
2739030,Icotrokinra
2739037,Icotyde (brand)
2640853,Idacio (brand)
224952,Idamycin (brand)
5650,Idarubicin
1716191,Idarucizumab
51296,Idebenone
2536430,Idecabtagene vicleucel
1544460,Idelalisib
1743995,IDELVION (brand)
1940338,Idhifa (brand)
2672089,IDose (brand)
5653,Idoxuridine
644101,Idursulfase
2741695,Idvynso (brand)
1038807,Iferex (brand)
217701,Ifex (brand)
5657,Ifosfamide
2601120,Igalmi (brand)
2613957,Iheezo (brand)
853495,Ilaris (brand)
1365862,Ilevro (brand)
1305743,Ilex paraguariensis leaf extract
1368377,Ilex paraguariensis whole extract
217709,Ilex Skin (brand)
73178,Iloperidone
40138,Iloprost
2053454,Ilumya (brand)
1552352,Iluvien (brand)
2712701,Imaavy (brand)
282388,Imatinib
1442987,Imbruvica (brand)
2469347,Imcivree (brand)
2682962,Imdelltra (brand)
2685236,Imetelstat
1919508,Imfinzi (brand)
1740237,Imidocarb
1368885,Imidurea
84959,Imiglucerase
5690,Imipenem
5691,Imipramine
59943,Imiquimod
217713,Imitrex (brand)
2619319,Imjudo (brand)
2699832,Imkeldi (brand)
2725912,Imlunestrant
1721279,Imlygic (brand)
2634229,Immphentiv (brand)
5666,Immunoglobulin G
151889,Imodium (brand)
217717,Imodium Advanced (brand)
1426822,Imodium Multi-Symptom Relief (brand)
1652835,Imogam (brand)
1659730,Imovax (brand)
1495065,Impavido (brand)
1309433,Imperata cylindrica root extract
1995456,Impoyz (brand)
2717069,Imuldosa (brand)
202559,Imuran (brand)
2048903,Imvexxy (brand)
2695422,Inavolisib
2107617,Inbrija (brand)
2588243,Inclisiran
614390,Increlex (brand)
1539881,Incruse (brand)
5764,Indapamide
151890,Inderal (brand)
1426889,Indigo
1607314,Indigofera tinctoria leaf extract
203365,Indocin (brand)
5775,Indocyanine green
5781,Indomethacin
2373951,Inebilizumab
748794,Inert ingredients
224903,Infanrix (brand)
232538,Infasurf (brand)
217731,InFed (brand)
2550729,Infigratinib
1790542,Inflectra (brand)
191831,Infliximab
1657134,Influenza B virus antigen
2058859,Infugem (brand)
203358,Infumorph (brand)
1304560,Infuvite (brand)
1305218,Infuvite Pediatric (brand)
2480117,Inga alba bark extract
1918225,Ingrezza (brand)
1435170,Injectafer (brand)
2723387,Inlexzo (brand)
2725918,Inluriyo (brand)
1243005,Inlyta (brand)
2461531,Inmazeb (brand)
856468,InnoPran (brand)
405139,INOmax (brand)
1311610,Inonotus obliquus fruiting body extract
5833,Inositol
2099289,Inotersen
1942950,Inotuzumab ozogamicin
669491,Inova (brand)
856438,Inova 8-2 (brand)
2638684,Inpefa (brand)
2384459,Inqovi (brand)
2197496,Inrebic (brand)
342280,Inspra (brand)
217743,Insta-Char (brand)
92972,Insta-Glucose (brand)
405149,Instacort (brand)
1670007,Insulin degludec
139825,Insulin detemir
274783,Insulin glargine
2740394,Insulin icodec
1605101,Insulin isophane
86009,Insulin lispro
999736,Integra F (brand)
758552,Intelence (brand)
612937,Interferon alfa-n3
75917,Interferon beta-1a
72257,Interferon beta-1b
5882,Interferon gamma-1b
1090746,Intestinex (brand)
227582,Intralipid (brand)
1927689,Intrarosa (brand)
5920,Intrinsic factor
862007,Intuniv (brand)
2688454,Inula racemosa root extract
5924,Inulin
352721,Invanz (brand)
686438,Invega (brand)
2055282,Inveltys (brand)
27712,Invert sugar
1545151,Invokamet (brand)
1373464,Invokana (brand)
2704013,Inzirqo (brand)
1090751,Inzo (brand)
1546275,Iodide ion
27723,Iodinated glycerol
5933,Iodine
851894,Iodine bush pollen extract
692863,Iodine povacrylex
27729,Iodixanol
731416,Iodoflex (brand)
217757,Iodopen (brand)
3435,Iodoquinol
51470,Iodosorb (brand)
5956,Iohexol
2606484,Iomeprol
217768,Ionil Plus (brand)
217769,Ionil T (brand)
800645,Ionosol-MB (brand)
1666832,Ionsys (brand)
5966,Iopamidol
151908,Iopidine (brand)
27781,Iopromide
1111700,Iosat (brand)
2565488,Iota-carrageenan
1546451,Iothalamic acid
27792,Ioversol
1094833,Ipilimumab
1491507,IPM Wound (brand)
287617,Ipol (brand)
7213,Ipratropium
2671061,Iptacopan
2684947,Iqirvo (brand)
83818,Irbesartan
1652064,Irenka (brand)
281883,Iressa (brand)
51499,Irinotecan
90176,Iron
262150,Iron carbonyl
27825,Iron succinyl milk protein complex
24909,Iron sucrose
5992,Iron-dextran complex
1102203,Irospan Tablet (brand)
2282018,Isatuximab
1720882,Isavuconazole
1608322,Isavuconazonium
744843,Isentress (brand)
2741688,Islatravir
27863,Iso-sulfan blue
1368172,Isoamyl acetate
1607311,Isoamyl cocoate
1313238,Isoamyl laurate
1363040,Isobutane
2099712,Isobutylene
1364296,Isobutylparaben
6011,Isocarboxazid
1368878,Isoceteth 20
1368191,Isocetyl alcohol
1313240,Isocetyl stearate
352728,Isochron (brand)
979538,IsoDitrate (brand)
1362913,Isododecane
2393779,Isoeugenyl acetate
6026,Isoflurane
6033,Isoleucine
800809,Isolyte P (brand)
217806,Isolyte S (brand)
1363717,Isomalt
1596768,Isomerized safflower acid
6038,Isoniazid
1367167,Isononyl isononanoate
1314276,Isopentyldiol
1364275,Isoprene
1736006,Isopropanolamine
797541,Isopropyl alcohol
1314415,Isopropyl isostearate
1363434,Isopropyl laurate
1427226,Isopropyl lauroyl sarcosinate
27985,Isopropyl myristate
1311179,Isopropyl palmitate
1312620,Isopropyl stearate
1356144,Isopropyl titanium triisostearate
6054,Isoproterenol
203489,Isoptin (brand)
217815,Isopto Alkaline (brand)
92995,Isopto Atropine (brand)
92996,Isopto Carbachol (brand)
6055,Isoptocarpine (brand)
151187,Isordil (brand)
6057,Isosorbide
2002720,Isosorbide dicaprylate
6058,Isosorbide dinitrate
2697439,Isostearamidopropyl dimethylamine
1426452,Isostearamidopropyl morpholine lactate
1362928,Isostearyl alcohol
2105548,Isostearyl ferulate
1363996,Isostearyl isostearate
1314848,Isostearyl neopentanoate
1368901,Isostearyl palmitate
1546453,Isosulfan blue inner salt
6064,Isotretinoin
6066,Isoxsuprine
104129,Ispaghula husk
33910,Isradipine
542509,Istalol (brand)
877436,Istodax (brand)
2199015,Istradefylline
2286276,Isturisa (brand)
1299683,Isuprel (brand)
1014340,Italian rye grass pollen extract
217826,Itch-X (brand)
2695428,Itovebi (brand)
28031,Itraconazole
2727309,Itvisma (brand)
1649480,Ivabradine
1243041,Ivacaftor
6069,Ivermectin
2586182,IVizia (brand)
2049873,Ivosidenib
2708999,Ivra (brand)
1290941,Ivy Dry Super Continuous Spray (brand)
753292,Ivy-Dry Cream (brand)
2673200,Iwilfin (brand)
337523,Ixabepilone
1723735,Ixazomib
2673243,Ixchiq (brand)
1745099,Ixekizumab
744825,IXEMPRA (brand)
845529,Ixiaro (brand)
1666324,Ixinity (brand)
2642280,Iyuzeh (brand)
2645114,Izervay (brand)
1607785,Jadenu (brand)
1193332,Jakafi (brand)
996098,Jalyn (brand)
405155,Jantoven (brand)
1372738,Janumet (brand)
638596,Januvia (brand)
1545659,Jardiance (brand)
2725529,Jascayd (brand)
1307879,Jasminum officinale flower extract
1541719,Jasminum officinale whole extract
1540869,Jasminum sambac flower extract
2557370,Jasmone
2121771,Jatenzo (brand)
2725555,Javadin (brand)
2611946,Javygtor (brand)
2629344,Jaypirca (brand)
2716699,Jaythari (brand)
2375819,Jelmyto (brand)
2539973,Jemperli (brand)
1372706,Jentadueto (brand)
2628216,Jesduvroq (brand)
1595302,Jet-Alert (brand)
2117872,Jeuveau (brand)
1116549,Jevantique (brand)
996055,Jevtana (brand)
2748289,Jideytro (brand)
1090993,Jinteli (brand)
2055660,Jivi (brand)
2712050,Jobevne (brand)
2633016,Joenja (brand)
852136,Johnson grass pollen extract
852128,Johnson grass smut allergenic extract
1362138,Jojoba butter
1309258,Jojoba wax
2168839,Jornay (brand)
2704834,Journavx (brand)
2715515,Jubbonti (brand)
2747257,Jubereq (brand)
1539758,Jublia (brand)
1424881,Juglans regia shell extract
2606544,Julie (brand)
1989501,Juluca (brand)
1309245,Juniper berry oil
6086,Juniper tar
1310189,Juniperus communis fruit extract
6085,Juniperus communis whole extract
1307948,Juniperus virginiana oil
852412,Jute fiber allergenic extract
1364485,Juxtapid (brand)
2671457,Jylamvo (brand)
2044350,Jynarque (brand)
2464828,Jynneos (brand)
542409,K-Phos (brand)
217852,K-Phos Neutral (brand)
217853,K-Phos No 2 (brand)
1371046,KADCYLA (brand)
203240,Kadian (brand)
1310098,Kaempferia galanga root extract
884699,Kalbitor (brand)
284756,Kaletra (brand)
1243047,Kalydeco (brand)
6099,Kanamycin
2174805,Kanjinti (brand)
1726980,Kanuma (brand)
6102,Kaolin
852315,Kapok tree fiber allergenic extract
2047761,Kapspargo (brand)
1013931,Kapvay (brand)
904554,Karaya gum allergenic extract
852617,Karaya gum extract
1374771,Karbinal (brand)
2184121,Katerzia (brand)
1372692,Kazano (brand)
1484959,Kcentra (brand)
2698773,Kebilidi (brand)
1115485,Kedbumin (brand)
1992532,Kedrab (brand)
202877,Kenalog (brand)
1656057,Kengreal (brand)
852834,Kentucky bluegrass pollen extract
545354,Kepivance (brand)
261547,Keppra (brand)
1491517,Kera Nail (brand)
1491512,Kera-42 (brand)
543367,Keralac (brand)
28166,Keralyt (brand)
1442401,Keralyt 5 (brand)
2562817,Kerendia (brand)
1543178,Kerydin (brand)
2390950,Kesimpta (brand)
6129,Ketalar (brand)
6130,Ketamine
6135,Ketoconazole
1300268,Ketodan (brand)
6142,Ketoprofen
35827,Ketorolac
6146,Ketotifen
1661794,Keveyis (brand)
1923334,Kevzara (brand)
1547550,Keytruda (brand)
2723764,Keytruda Qlex (brand)
2106369,Khapzory (brand)
1435475,Khedezla (brand)
2716551,Khindivi (brand)
1037031,Kid's Choice (brand)
891637,Kidney bean allergenic extract
2590750,Kimmtrak (brand)
2532362,Kimyrsa (brand)
352734,Kineret (brand)
227295,Kinevac (brand)
801721,Kinrix (brand)
284757,Kionex (brand)
2673859,Kiprofen (brand)
2720524,Kirsty (brand)
1873984,Kisqali (brand)
2687974,Kisunla (brand)
1596026,Kitabis (brand)
1010926,Kiwi fruit allergenic extract
1747711,Kiwi juice
1486759,Kiwi seed oil
217903,Klaron (brand)
2471096,Klisyri (brand)
202585,Klonopin (brand)
217905,Klor-Con (brand)
217909,Klor-Con/EF (brand)
2540704,Kloxxado (brand)
1718966,Koate (brand)
2705370,Kodatef (brand)
852605,Koelers grass pollen extract
70058,Kogenate (brand)
1426451,Kojic acid
1146108,Koldets Cough Drop (brand)
688394,Kolorz (brand)
1372730,Kombiglyze (brand)
2725991,Komzifti (brand)
217916,Kondremul Plain (brand)
151944,Konsyl (brand)
2625145,Konvomep (brand)
260038,Korean ginseng root
259471,Korean ginseng root extract
1245263,Korlym (brand)
2569096,Korsuva (brand)
2289419,Koselugo (brand)
2665610,Kourzeq (brand)
1743370,Kovaltry (brand)
1809051,Kovanaze (brand)
2625918,Krazati (brand)
2740388,Kresladi (brand)
880350,Krill oil
2109234,Krintafel (brand)
217928,Kristalose (brand)
1011654,Krystexxa (brand)
1307863,Kukui nut extract
1309364,Kukui nut oil
604648,Kuric (brand)
751628,Kuvan (brand)
1649976,Kybella (brand)
2737536,Kygevvi (brand)
1856533,Kyleena (brand)
2725486,Kymbee (brand)
1986443,Kymriah (brand)
1302971,Kyprolis (brand)
2721598,Kyxata (brand)
2609598,Kyzatrex (brand)
643139,L-Formula (brand)
6185,Labetalol
217944,Lac-Hydrin (brand)
623400,Lacosamide
51879,Lacrisert (brand)
795807,Lactaid (brand)
41397,Lactase
114202,Lactate
217950,Lacticare (brand)
1592255,Lacticaseibacillus casei
100278,Lacticaseibacillus rhamnosus
217952,Lactinol (brand)
1673942,Lactiplantibacillus plantarum
28395,Lactitol
6205,Lactobacillus acidophilus
1116180,Lactocal (brand)
2466983,Lactococcus lactis
1310514,Lactoperoxidase
6211,Lactose
6218,Lactulose
2603735,Lagevrio (brand)
1439998,Lagicam (brand)
971849,Lamb allergenic extract
852237,Lambs quarters pollen extract
196502,Lamictal (brand)
1372565,Laminaria digitata hydrolized alginic acid
1310584,Laminaria digitata preparation
1736004,Laminaria hyperborea extract
1426558,Laminaria japonica extract
217956,Lamisil (brand)
692846,Lamisil Defense (brand)
1426419,Lamium album extract
68244,Lamivudine
28439,Lamotrigine
2397986,Lampit (brand)
203021,Lamprene (brand)
2630730,Lamzede (brand)
261550,Lanabiotic (brand)
1039169,Lanacane (brand)
2055641,Lanadelumab
1552266,Lanashield (brand)
2712070,Landiolol
2389303,Laneth-75
2746560,Langlara (brand)
6227,Lanolin
1426478,Lanolin alcohols
1309249,Lanolin oil
202988,Lanoxin (brand)
68092,Lanreotide
608814,Lansinoh (brand)
17128,Lansoprazole
234416,Lanthanum carbonate
2642266,Lantidra (brand)
1038918,Lantiseptic (brand)
1039035,Lantiseptic Multi-Purpose (brand)
261551,Lantus (brand)
480167,Lapatinib
1314219,Laponite
1311197,Laricifomes officinalis fruiting body extract
392509,Laronidase
2105628,Larotrectinib
202991,Lasix (brand)
2256930,Lasmiditan
2735130,Lasolex (brand)
2739320,Lasolex Liquid (brand)
1000086,Lastacaft (brand)
43611,Latanoprost
1988390,Latanoprostene bunod
831948,Latisse (brand)
89887,Latrodectus mactans antivenin
1040032,Latuda (brand)
1427070,Lauramide
1311186,Lauramidopropyl betaine
1667211,Lauramidopropyl hydroxysultaine
1356138,Lauramidopropylamine oxide
1364388,Lauramine oxide
1363577,Laureth-12
2639626,Laureth-15
1367145,Laureth-2
1370617,Laureth-2 sulfate
2003592,Laureth-20
1367165,Laureth-23
1310570,Laureth-3
1538052,Laureth-30
393540,Laureth-4
1363566,Laureth-7
1363705,Lauric acid diethanolamide
1362932,Lauric acid methyl ester
2262541,Lauric isopropanolamide
1603852,Laurocapram
2590759,Lauroyl - myristoyl amidopropyl amine oxide
1426404,Lauroyl lysine
1597625,Lauroyl PEG-32 glycerides
1370618,Lauroyl sarcosinate
2055270,Lauroyl/myristoyl methyl glucamide
1314211,Lauryl betaine
1364382,Lauryl glucoside
1813432,Lauryl hydroxysultaine
2044274,Lauryl lactate
1426922,Lauryl laurate
1309385,Lavandin oil
1307886,Lavandula angustifolia flower extract
1376346,Lavandula angustifolia whole extract
2001196,Lavandula x intermedia flower extract
1307767,Lavender extract
28486,Lavender oil
2106879,Laxacin (brand)
2691157,Lazcluze (brand)
2691150,Lazertinib
2693758,Lebrikizumab
2626143,Lecanemab
8214,Lecithin
1661716,Ledikite
1591922,Ledipasvir
2198944,Lefamulin
27169,Leflunomide
217990,Legatrin PM (brand)
2272403,Lemborexant
901382,Lemon allergenic extract
1309492,Lemon balm oil
1364291,Lemon extract
1358955,Lemon juice
1661434,Lemon myrtle leaf oil
1309253,Lemon oil
1314594,Lemon peel extract
1594659,Lemtrada (brand)
2625651,Lenacapavir
342369,Lenalidomide
2633005,Leniolisib
2677922,Lenmeldy (brand)
1307035,Lens culinaris fruit extract
852096,Lens scale pollen extract
899444,Lentil allergenic extract
1426921,Lentil seed extract
1368206,Lentinula edodes mycelium extract
2684986,Lentocilin (brand)
1603296,Lenvatinib
1792372,Lenvima (brand)
1373138,Lenzagel (brand)
1373131,Lenzapatch (brand)
1309438,Leontopodium alpinum flower extract
1309439,Leontopodium alpinum flowering top extract
1351002,Leonurus cardiaca extract
1307638,Lepidium meyenii root extract
1309357,Leptospermum petersonii leaf oil extract
1991125,Leptospermum scoparium leaf extract
2626149,Leqembi (brand)
2716564,Leqselvi (brand)
2588265,Leqvio (brand)
2729469,Lerochol (brand)
2729426,Lerodalcibep
151972,Lescol (brand)
1731031,Lesinurad
722117,Letairis (brand)
1988648,Letermovir
72965,Letrozole
899448,Lettuce allergenic extract
2689291,Letybo (brand)
6308,Leucine
6313,Leucovorin
202994,Leukeran (brand)
203878,Leukine (brand)
42375,Leuprolide
2375522,Levacetylleucine
237159,Levalbuterol
6371,Levamisole
2376944,Levamlodipine
1307951,Levant cottonseed oil
217993,Levbid (brand)
400560,Levemir (brand)
114477,Levetiracetam
2377030,Levilactobacillus brevis
356884,Levitra (brand)
217996,Levo-T (brand)
1813,Levobunolol
42955,Levocarnitine
356887,Levocetirizine
6375,Levodopa
82122,Levofloxacin
1788981,Levoglucose
2286994,Levoisomethadone
877015,Levoleucovorin
1592257,Levomefolate
236388,Levomenthol
1433212,Levomilnacipran
132889,Levonordefrin
6373,Levonorgestrel
227559,Levophed (brand)
6378,Levorphanol
10582,Levothyroxine
218002,Levoxyl (brand)
218003,Levsin (brand)
469967,Levulan (brand)
6379,Levulinic acid
352741,Lexapro (brand)
2106581,Lexette (brand)
1659898,Lexinal (brand)
402108,Lexiva (brand)
686430,Lialda (brand)
2682565,Libervant (brand)
28697,Librax (brand)
2058831,Libtayo (brand)
2385121,Licart (brand)
42769,Licorice
1010954,Licorice allergenic extract
235524,Licorice root extract
2263888,Lido King (brand)
6387,Lidocaine
2642340,Lidocan (brand)
753297,Lidocream (brand)
261555,Lidoderm (brand)
2716398,Lidoguard (brand)
2717282,Lidoguard Pain Relief (brand)
1249759,Lidopatch (brand)
1425506,LidoPro (brand)
2675621,LidoPro Pain Relieving Patch (brand)
1599297,LidoPro Patch (brand)
1723992,Lidotral (brand)
2611974,Lidotran (brand)
1939336,Lidozen (brand)
2675860,Lifileucel
1801820,Lifitegrast
2739543,Lifyorli (brand)
2110033,Ligilactobacillus salivarius
544473,Lignospan (brand)
1365706,Ligusticum wallichii root extract
2597249,Ligustrum lucidum fruit extract
2667643,Likmez (brand)
1605253,Liletta (brand)
891641,Lima bean allergenic extract
1011060,Lime allergenic extract
1309377,Lime oil
2471430,Limosilactobacillus fermentum
285156,Limosilactobacillus reuteri
1307404,Linaclotide
1100699,Linagliptin
1735331,Linalyl acetate
287531,Lincocin (brand)
6398,Lincomycin
1388,Lindane
1596680,Linden leaf extract
2665338,Linerixibat
190376,Linezolid
1376151,Lingonberry seed oil
70611,Linoleate
6404,Linseed oil
2719416,Linvoseltamab
2621019,Linzagolix
1307410,Linzess (brand)
2723575,Liomny (brand)
202996,Lioresal (brand)
10814,Liothyronine
6406,Lipase
2747757,Lipfendra (brand)
153165,Lipitor (brand)
2120171,Lipocaine (brand)
615906,Lipofen (brand)
2637051,Liqrev (brand)
727279,LiQsorb (brand)
1426480,Liquefied petroleum gas
218036,Liquibid (brand)
1426663,Liquid petroleum
1541929,Liquimat (brand)
475968,Liraglutide
700810,Lisdexamfetamine
29046,Lisinopril
2479136,Lisocabtagene maraleucel
1038905,Listerine (brand)
1043620,Listerine Antiseptic (brand)
2043297,Listerine Ultraclean (brand)
1989331,Litchi chinensis whole extract
1307049,Litchi fruit extract
2641602,Litfulo (brand)
6448,Lithium
42351,Lithium carbonate
1546265,Lithium cation
52105,Lithium citrate
203321,Lithobid (brand)
1307791,Lithospermum erythrorhizon root extract
52110,Lithostat (brand)
1307939,Litsea oil
218051,Little Noses (brand)
669264,Little Noses Decongestant (brand)
218052,Little Tummys (brand)
861612,Livalo (brand)
2690876,Livdelzi (brand)
867311,Live oak pollen extract
6459,Liver extract
802755,Liver stomach concentrate
2571080,Livmarli (brand)
2586074,Livtencity (brand)
1440051,Lixisenatide
1011859,LMX (brand)
2738657,Loargys (brand)
1364292,Lobelia inflata preparation
900770,Loblolly pine pollen extract
892561,Lobster allergenic extract
52147,Locoid (brand)
1424898,Locust bean gum extract
202998,Lodine (brand)
2663983,Lodoco (brand)
203437,Lodosyn (brand)
52151,Lodoxamide
2584345,Lofena (brand)
28863,Lofexidine
2047634,Lokelma (brand)
1942184,LolliCaine (brand)
1810299,Lomaira (brand)
852348,Lombardy poplar pollen extract
1364479,Lomitapide
28874,Lomotil (brand)
6466,Lomustine
2467553,Lonafarnib
2569562,Lonapegsomatropin
2540964,Loncastuximab tesirine
1014360,Longleaf pine pollen extract
1992567,Lonhala (brand)
1307960,Lonicera caprifolium flower extract
1429969,Lonicera caprifolium flowering top extract
1800820,Lonicera caprifolium whole extract
1307753,Lonicera japonica flower extract
1369686,Lonicera japonica top extract
1670317,Lonsurf (brand)
968492,Loose barley smut allergenic extract
968475,Loose oat smut allergenic extract
968437,Loose wheat smut allergenic extract
6468,Loperamide
202999,Lopid (brand)
195088,Lopinavir
203344,Lopressor (brand)
218072,Lopressor HCT (brand)
227285,Loprox (brand)
2669415,Loqtorzi (brand)
1020123,Loradamed (brand)
28889,Loratadine
6470,Lorazepam
2103170,Lorbrena (brand)
2569566,Loreev (brand)
2103164,Lorlatinib
1147705,Lortuss EX (brand)
1189093,Lorzone (brand)
52175,Losartan
218087,Lotemax (brand)
218088,Lotensin (brand)
218089,Lotensin HCT (brand)
237027,Loteprednol
52177,Loteprednol etabonate
1998841,Lotilaner
218090,Lotrel (brand)
202859,Lotrimin (brand)
261563,Lotronex (brand)
1535494,Lotus corniculatus flower volatile oil
6472,Lovastatin
278346,Lovaza (brand)
225036,Lovenox (brand)
2671958,Lovotibeglogene autotemcel
1426403,Low-density polyethylene
1311630,Lowbush blueberry extract
6475,Loxapine
623033,Lubiprostone
2046592,Lucemyra (brand)
644298,Lucentis (brand)
753517,Luden's (brand)
1044439,Luden's Drops (brand)
2056064,Luden's Dual Relief (brand)
901277,Ludent (brand)
83586,Lufenuron
1735043,Luffa aegyptiaca fruit extract
1482680,Luliconazole
1655922,Lumacaftor
2550720,Lumakras (brand)
2467140,Lumasiran
2275602,Lumateperone
847728,Lumefantrine
486103,Lumicain (brand)
1999017,Lumify (brand)
284771,Lumigan (brand)
993069,Lumizyme (brand)
2099310,Lumoxiti (brand)
2636823,Lumryz (brand)
2746011,Lumvoa (brand)
540404,Lunesta (brand)
2741616,Lunsotogene parvec
2625131,Lunsumio (brand)
2475401,Lupkynis (brand)
203852,Lupron (brand)
2583725,Luprostiol
1040028,Lurasidone
2374729,Lurbinectedin
2712487,Lurbipr (brand)
2720350,Lurbiro (brand)
2262544,Luspatercept
2054984,Lusutrombopag
1999683,Lutathera (brand)
11359,Lutein
6383,Luteinizing hormone
2709443,Lutrate (brand)
261566,Luxiq (brand)
1995543,Luxturna (brand)
1482685,Luzu (brand)
2570393,Lybalvi (brand)
1311632,Lycium barbarum fruit extract
29008,Lycopene
2474485,Lydexa (brand)
2672693,Lyfgenia (brand)
2399887,Lyllana (brand)
2700751,Lymphir (brand)
2745145,Lynavoy (brand)
2725517,Lynkuet (brand)
2719485,Lynozyfic (brand)
1597588,Lynparza (brand)
593441,Lyrica (brand)
6536,Lysine
1812681,Lysine Plus (brand)
204257,Lysodren (brand)
1793921,Lysophosphatidic acid
1426865,Lysozyme
883827,Lysteda (brand)
2108023,Lysyllysllysine
2749112,Lytenava (brand)
2628196,Lytgobi (brand)
1311265,Lytta vesicatoria preparation
2380232,Lyumjev (brand)
2586590,Lyvispah (brand)
795452,M-Clear WC (brand)
1190581,M-End Max D (brand)
830707,M-End PE (brand)
218128,M-M-R II (brand)
405186,Maalox Max (brand)
405187,Maalox Max Quick Dissolve (brand)
152000,Maalox Plus (brand)
1307956,Macadamia oil
1429937,Macadamia seed oil glycereth-8 esters
1999420,Macimorelin
1442132,Macitentan
152001,Macrobid (brand)
203054,Macrodantin (brand)
1090833,Macuvite with Lutein (brand)
1551573,Madecassic acid
6572,Mafenide
2461339,Maftivimab
218160,Mag 64 (brand)
218163,Mag-G (brand)
218164,Mag-Tab (brand)
29151,Magaldrate
672656,Maginex (brand)
406156,MagneBind (brand)
6574,Magnesium
314718,Magnesium acetate
1426329,Magnesium aluminometasilicate type I-A
1314291,Magnesium aluminometasilicate type i-b
1722910,Magnesium aluminum silicate type Ia
1730436,Magnesium aluminum silicate type IC
2106996,Magnesium aluminum silicate type IIA
486895,Magnesium amino acid chelate
142131,Magnesium aspartate
29155,Magnesium carbonate
1363704,Magnesium carbonate hydroxide
1426853,Magnesium cation
1605084,Magnesium chlorate
6579,Magnesium chloride
52356,Magnesium citrate
52358,Magnesium gluconate
476818,Magnesium glycinate
6581,Magnesium hydroxide
214688,Magnesium lactate
1362814,Magnesium nitrate
6582,Magnesium oxide
2464931,Magnesium potassium aluminosilicate fluoride
52364,Magnesium salicylate
1310566,Magnesium silicate
6585,Magnesium sulfate
236741,Magnesium sulfate heptahydrate
29170,Magnesium trisilicate
1307581,Magnolia grandiflora bark extract
1310034,Magnolia liliiflora flower extract
1307853,Magnolia officinalis bark extract
2621832,Magnolia sieboldii root extract
218184,Magtrate (brand)
1309441,Mahonia aquifolium root extract
1311410,Maitake extract
153767,Malarone (brand)
6606,Malathion
29209,Malic acid
1657018,Malondialdehyde
1363049,Maltitol
1363050,Maltodextrin
1362894,Maltol
2469245,Maltooligosyl glucoside
1311261,Maltose
1310512,Maltose syrup
1482537,Malus domestica whole extract
1998848,Malva neglecta whole extract
1309350,Malva sylvestris flower extract
1309488,Malva sylvestris flowering top extract
1307582,Malva sylvestris leaf extract
1305716,Mandarin oil
29256,Mandelic acid
6623,Manganese
29261,Manganese chloride
52403,Manganese gluconate
29268,Manganese sulfate
1307828,Mangifera indica seed butter extract
1011404,Mango allergenic extract
1006371,Mango blossom pollen extract
1358964,Mango juice
6628,Mannitol
6633,Mannose
1355829,Manuka oil
218205,Mapap (brand)
831953,Mar-cof CG (brand)
2571074,Maralixibat
1600743,Maranta arundinacea root extract
620216,Maraviroc
69256,Marbofloxacin
1012397,Marcaine (brand)
1372694,Marcaine with Epinephrine (brand)
2474029,Margenza (brand)
2473851,Margetuximab
2586068,Maribavir
1998464,Marine non-gelling gelatin
224925,Marinol (brand)
1368708,Maritime pine extract
2740382,Marnetegragene autotemcel
152005,Marplan (brand)
1304996,Marqibo (brand)
2697133,Marstacimab
218227,Marten-Tab (brand)
227239,Masoprocol
1309332,Matricaria chamomilla flowering top oil
285157,Matricaria recutita extract
1307730,Matricaria recutita flowering top extract
1310066,Matricaria recutita leaf extract
203801,Matulane (brand)
1091620,Matzim (brand)
1307775,Mauritia flexuosa fruit oil
2600867,Mavacamten
2122636,Mavenclad (brand)
2684021,Mavorixafor
1940704,Mavyret (brand)
218248,Maxalt (brand)
203705,Maxidex (brand)
967916,Maximum D3 (brand)
134920,Maxitrol (brand)
52440,Maxzide (brand)
2121091,Mayzent (brand)
851918,Meadow fescue grass pollen extract
2640866,Meadowfoam estolide
1309256,Meadowfoam oil
1364950,Meadowfoamamidopropyl betaine
6672,Mebendazole
1311500,Mebrofenin
6673,Mecamylamine
274403,Mecasermin
6674,Mechlorethamine
6676,Meclizine
588003,Meclofenamate
6678,Meclofenamic acid
29421,Mecobalamin
1442088,Mederma Advanced Scar (brand)
2282011,Mederma for Kids (brand)
1442976,Mederma PM (brand)
1483137,Mederma Stretch Mark Therapy (brand)
1099928,Medi-Derm (brand)
1357984,Medi-Derm with Lidocaine (brand)
1090846,Medi-Lyte (brand)
1094737,Medicaine Sting (brand)
2610991,Medicasp (brand)
603926,Medicone (brand)
864086,Medicone Hemorrhoidal (brand)
1098581,Mediplast (brand)
1310578,Medium chain triglycerides
202702,Medrol (brand)
1086412,Medrox (brand)
6691,Medroxyprogesterone
257844,Mefenamate
6694,Mefloquine
6703,Megestrol
6704,Meglumine
1425105,Mekinist (brand)
2049128,Mektovi (brand)
1435096,Melaleuca alternifolia flowering top extract
1309330,Melaleuca alternifolia leaf extract
1805768,Melaleuca cajuputi leaf oil
1245031,Melatonex (brand)
6711,Melatonin
1537799,Melengestrol
224912,Melfiat (brand)
1311497,Melissa officinalis extract
2637737,Melissa officinalis flower extract
1307836,Melissa officinalis leaf extract
1309328,Melissa officinalis leaf oil
41493,Meloxicam
6718,Melphalan
6719,Memantine
596702,Menactra (brand)
29495,Menatetrenone
218309,Menest (brand)
2467841,Menhaden oil
1593128,Meningococcal group B vaccine
753987,Menopur (brand)
545273,Menostar (brand)
2360584,Menquadfi (brand)
218315,Mentax (brand)
1314855,Mentha arvensis leaf extract
1307691,Mentha arvensis leaf oil
1490685,Mentha arvensis whole extract
2679054,Mentha canadensis flowering top extract
2585747,Mentha canadensis top extract
2619675,Mentha canadensis whole extract
1334930,Mentha piperita extract
1309326,Mentha piperita leaf extract
1426923,Mentha pulegium extract
1594933,Mentha spicata extract
2474038,Mentha suaveolens leaf extract
218316,Menthac Arthritis Cream with Capsaicin (brand)
6750,Menthol
1042664,Mentholatum (brand)
2571661,Menthyl ethylamido oxalate
1310581,Menthyl lactate
1368207,Menthyl salicylate
901515,Menveo (brand)
6754,Meperidine
218324,Mephyton (brand)
6759,Mepivacaine
1720597,Mepolizumab
6760,Meprobamate
114972,Mepron (brand)
1989824,Mepsevii (brand)
6762,Merbromin
103,Mercaptopurine
2705734,Merilog (brand)
29561,Meropenem
52582,Mesalamine
2001195,Mesembryanthemum tortuosum whole extract
44,Mesna
218330,Mesnex (brand)
852320,Mesquite pollen extract
203001,Mestinon (brand)
1367170,Metacresol
594111,Metadate (brand)
6802,Metamucil (brand)
7688,Metaproterenol
59078,Metaxalone
6809,Metformin
155080,Methacholine
6813,Methadone
152751,Methadose (brand)
1088954,Methagual (brand)
6816,Methamphetamine
1310568,Methanol
6826,Methazolamide
6832,Methenamine
227555,Methergine (brand)
6835,Methimazole
6837,Methionine
541521,Methitest (brand)
6845,Methocarbamol
6847,Methohexital
6851,Methotrexate
6854,Methoxsalen
1543455,Methoxy PEG PPG-7-3 aminopropyl dimethicone
1805769,Methoxy PEG-10
1940007,Methoxy PEG-22/dodecyl glycol polymer
729596,Methoxy polyethylene glycol-epoetin beta
2462502,Methoxyisopropanol
89785,Methscopolamine
47858,Methsuximide
2396434,Methyl 3-methylorsellinate
337068,Methyl 5-aminolevulinate
1367155,Methyl acrylate
29742,Methyl anthranilate
2047870,Methyl benzodioxepinone
1307079,Methyl benzoin
1367156,Methyl cinnamate
1312714,Methyl diisopropyl propionamide
1367118,Methyl gluceth-10
1363572,Methyl gluceth-20
1421621,Methyl glucose dioleate
1592258,Methyl glucose sesquistearate
1665338,Methyl hydroxyurea
1362929,Methyl isobutyl ketone
1992539,Methyl L-arginine
1431148,Methyl perfluorobutyl ether
1431149,Methyl perfluoroisobutyl ether
29787,Methyl salicylate
1363574,Methyl stearate
1311614,Methyl trimethicone
1427219,Methylbenzyl acetate
6873,Methylcellulose
6876,Methyldopa
6878,Methylene blue
1311537,Methylene chloride
6883,Methylergonovine
1363708,Methylethyl ketone
1546413,Methylhomatropine
261572,Methylin (brand)
29897,Methylmethacrylate
29899,Methylnaltrexone
29900,Methylnicotinate
29903,Methylparaben
6901,Methylphenidate
6902,Methylprednisolone
1367168,Methylpropanediol
23247,Methylsulfonylmethane
6904,Methyltestosterone
6915,Metoclopramide
6916,Metolazone
203002,Metopirone (brand)
6918,Metoprolol
863583,Metozolv (brand)
1491625,Metreleptin
1294630,Metricus paper wasp venom protein
218343,MetroCream (brand)
202869,MetroGel (brand)
218345,MetroLotion (brand)
6922,Metronidazole
744988,Metvixia (brand)
6923,Metyrapone
266604,Metyrosine
6926,Mexiletine
1294099,Mexsana (brand)
602859,MG Plus Protein (brand)
603285,Mi-Acid Gas Relief (brand)
218351,Miacalcin (brand)
1362896,Mica
864092,Micaderm (brand)
325887,Micafungin
152975,Micanol (brand)
218353,Micardis (brand)
284780,Micardis-HCT (brand)
218354,Micatin (brand)
6932,Miconazole
758861,MiCort-HC (brand)
204301,MICRhoGAM (brand)
352771,Micro-Guard (brand)
1370987,Microcitrus australis fruit extract
1000577,Microcrystalline cellulose
1368704,Microcrystalline wax
1014399,Microsporum canis allergenic extract
6960,Midazolam
6963,Midodrine
1919083,Midostaurin
2637552,Miebo (brand)
284781,Mifeprex (brand)
6964,Mifepristone
2054252,Migalastat
218377,Migergot (brand)
30009,Miglitol
402316,Miglustat
42643,Migranal (brand)
68730,Milbemycin oxime
259274,Milk thistle seed extract
1310040,Millet extract
795094,MILLIPRED (brand)
588250,Milnacipran
2723323,Milophene (brand)
52769,Milrinone
2745765,Milsaperidone
1494066,Miltefosine
218388,Mineral ice (brand)
6972,Mineral oil
1046284,MiniDrops (brand)
71515,Minipress (brand)
847088,Miniprin (brand)
1356974,Minivelle (brand)
152056,Minocin (brand)
6980,Minocycline
1941484,Minolira (brand)
6984,Minoxidil
1372004,Mint extract
218395,Mintox Plus (brand)
81941,Miochol (brand)
991603,Miostat (brand)
2694289,Miplyffa (brand)
1367839,Mipomersen
1300786,Mirabegron
2667640,Mirabilis jalapa whole extract
2705605,Mirafast (brand)
261575,Miralax (brand)
218402,Mirapex (brand)
1591957,Mircera (brand)
2705551,Mirdametinib
152061,Mirena (brand)
2668384,Mirikizumab
15996,Mirtazapine
1436954,Mirvaso (brand)
2621548,Mirvetuximab soravtansine
42331,Misoprostol
2594468,Mitapivat
1550941,Mitigare (brand)
2055303,Mitigo (brand)
632,Mitomycin
1244554,Mitosol (brand)
7004,Mitotane
7005,Mitoxantrone
2467137,Mitracarpus hirtus whole extract
2724424,Miudella (brand)
152699,Mobic (brand)
1101833,Mobisyl (brand)
2570736,Mobocertinib
30125,Modafinil
2721200,Modeyso (brand)
30131,Moexipril
1546358,Moexiprilat
2054068,Mogamulizumab
1146125,Moisturel Therapeutic (brand)
1307820,Molasses
7019,Molindone
218421,Mollifene (brand)
2587901,Molnupiravir
7024,Molybdenum
2665204,Momelotinib
108118,Mometasone
1306885,Momordica charantia fruit extract
1420973,Momordica cochinchinensis seed extract
1666093,Mondoxyne (brand)
895070,Mongolian gerbil skin allergenic extract
358859,Monistat (brand)
1991418,Monistat Care (brand)
1190613,Monistat Itch Relief (brand)
1661172,Monistat Simple Therapy (brand)
1117395,Monistat Soothing Care (brand)
2387339,Monjuvi (brand)
218431,Monocal (brand)
2274399,Monoferric (brand)
52885,Monofluorophosphate
1546433,Monomethyl fumarate
1311678,Monoolein
1363051,Monophosphoryl lipid A
1368188,Monostearyl citrate
1537003,Monovisc (brand)
88249,Montelukast
1425919,Montmorrillonite
1101052,Morgidox (brand)
1311641,Morinda citrifolia fruit extract
1307858,Morinda citrifolia leaf extract
1795583,Morinda citrifolia whole extract
1309443,Moringa oleifera seed oil
1657612,Morning After (brand)
7052,Morphine
1370989,Morus alba extract
1310055,Morus alba root bark extract
1307712,Morus alba root extract
1307539,Morus nigra root extract
2641891,Mosla cavaleriei whole extract
974741,Mosquito allergenic extract
2625122,Mosunetuzumab
2107346,Motegrity (brand)
2664896,Motixafortide
218445,Motofen (brand)
2637020,Motpoly (brand)
202488,Motrin (brand)
895656,Motrin PM (brand)
2601734,Mounjaro (brand)
852581,Mountain cedar pollen extract
1661437,Mountain pepper fruit extract
2048036,Mountain pepper whole extract
1551918,Movantik (brand)
669559,MoviPrep (brand)
828243,Moxatag (brand)
2099295,Moxetumomab pasudotox
1047072,Moxidectin
139462,Moxifloxacin
735381,Mozobil (brand)
2685008,Mresvia (brand)
203354,MS Contin (brand)
1150288,MTX Support (brand)
2058494,Mucilin (brand)
352777,Mucinex (brand)
314415,Mucor plumbeus allergenic extract
852687,Mucor racemosus allergenic extract
1485786,Mucuna pruriens seed extract
2119175,Mucuna pruriens whole extract
852029,Mugwort sage pollen extract
899593,Mulberry pollen extract
2054990,Mulpleta (brand)
677229,Multaq (brand)
1090969,Multi-Delyn (brand)
802647,Multigen (brand)
802648,Multigen Plus (brand)
218482,Multitrace-4 (brand)
218486,Multitrace-5 (brand)
2568575,Multrys (brand)
891647,Mung bean allergenic extract
42372,Mupirocin
1314870,Murine Dry Eyes (brand)
827707,Murine Ear (brand)
2045729,Murraya paniculata whole extract
1307702,Musa x paradisiaca leaf extract
844227,Muse (brand)
1921875,Musk xylene
1363443,Muskmelon extract
204298,Mutamycin (brand)
2046141,Mvasi (brand)
881173,MVC-Fluoride (brand)
1922754,My Choice (brand)
1426876,My Way (brand)
1491630,Myalept (brand)
7122,Myambutol (brand)
583520,Mycamine (brand)
2380612,Mycapssa (brand)
1147530,Mycinaire (brand)
218505,Mycinette Sore Throat Spray (brand)
93372,Mycitracin Plus Pain Reliever (brand)
227450,Mycobutin (brand)
753319,Mycocide NS (brand)
68149,Mycophenolate mofetil
7145,Mycophenolic acid
1927611,Mydayis (brand)
2638482,Mydcombi (brand)
203811,Mydriacyl (brand)
2556803,Myfembree (brand)
579570,Myfortic (brand)
2684846,Myhibbin (brand)
203010,Myleran (brand)
218528,Mylicon (brand)
1999196,Mylicon Children's (brand)
261585,Mylotarg (brand)
284792,Myobloc (brand)
224897,Myoflex (brand)
1242606,Myorisan (brand)
2731475,Myqorzo (brand)
1300792,Myrbetriq (brand)
2166047,Myrcene
1311645,Myrciaria dubia fruit extract
2623397,Myrica cerifera fruit extract
1485540,Myristamidopropylamine oxide
1431153,Myristamine oxide
1995252,Myristica fragrans fruit extract
1313054,Myristoyl pentapeptide-4
1312389,Myristoyl tetrapeptide-4
1362897,Myristyl alcohol
1363720,Myristyl lactate
1425924,Myristyl myristate
1425406,Myristyl nicotinate
67257,Myrrh extract
1309206,Myrrh oil
1307835,Myrtle leaf oil
203011,Mysoline (brand)
1806873,Mytesi (brand)
2179745,Myxredlin (brand)
218556,N Ice with Vitamin C (brand)
218554,N'ICE (brand)
1368212,N-acetyltryptophan
31005,N-acetyltyrosine
1603859,N-caproylsphingosine
2690867,N-carboxymethylchitosan
1314271,N-dodecane
1728290,N-lauroylproline
1425405,N-valyltryptophan
1945202,Na-zone (brand)
261588,Nabi-HB (brand)
31447,Nabilone
31448,Nabumetone
2644436,Nadofaragene firadenovec
7226,Nadolol
28656,Nafarelin
7233,Nafcillin
352784,Nafrinse (brand)
31476,Naftifine
218564,Naftin (brand)
584219,Naglazyme (brand)
7238,Nalbuphine
1876597,Naldemedine
203313,Nalfon (brand)
31479,Nalmefene
2045495,Nalocet (brand)
1551777,Naloxegol
7242,Naloxone
7243,Naltrexone
405206,Namenda (brand)
1602583,Namzaric (brand)
7247,Naphazoline
218598,Naphcon A (brand)
1923814,Naphtha
218599,Naprelan (brand)
203012,Naprosyn (brand)
7258,Naproxen
141366,Naratriptan
197117,Narcan (brand)
1311646,Narcissus tazetta bulb extract
203799,Nardil (brand)
134802,Naropin (brand)
2732291,Narsoplimab
153239,Nasacort (brand)
203441,Nasalcrom (brand)
262128,Nascobal (brand)
153376,Nasonex (brand)
1360728,Nasopen PE (brand)
1352519,Nasturtium officinale extract
202743,Natacyn (brand)
354770,Natalizumab
7268,Natamycin
274332,Nateglinide
1543191,Natesto (brand)
1602024,Natpara (brand)
1085817,Natroba (brand)
53553,Nattokinase
90249,Natural graphite
1442708,Natural red 26
352792,Nature-Throid (brand)
53557,Navelbine (brand)
2739518,Navepegritide
2745870,Navitrux (brand)
2474039,Naxitamab
2173495,Nayzilam (brand)
31555,Nebivolol
218646,NebuPent (brand)
1146214,Nebusal (brand)
1723738,Necitumumab
31563,Nedocromil
2675287,Nedosiran
31565,Nefazodone
2693443,Neffy (brand)
274771,Nelarabine
134527,Nelfinavir
1309447,Nelumbo nucifera flower extract
1307977,Nelumbo nucifera leaf extract
2559958,Nelumbo nucifera root oil
1373156,Nelumbo nucifera whole extract
204354,Nembutal (brand)
2691317,Nemluvio (brand)
2691310,Nemolizumab
1117087,Neo-Polycin (brand)
1116151,Neo-Polycin HC (brand)
1542990,Neo-Synalar (brand)
204346,Neo-Synephrine (brand)
218667,Neo-Synephrine 12 Hour (brand)
615959,NeoBenz Micro (brand)
995355,NeoBenz Micro Wash (brand)
7299,Neomycin
1368162,Neopentyl glycol
1307100,Neopentyl glycol dicaprylate-dicaprate
1307148,Neopentyl glycol diethylhexanoate
1306188,Neopentyl glycol diheptanoate
1367136,Neopentyl glycol diisostearate
637194,Neoprofen (brand)
1539260,NeoQ10 (brand)
202817,Neoral (brand)
7315,Neostigmine
1367111,Neotame
298665,Nepafenac
1484865,Neral
2725523,Nerandomilast
1940643,Neratinib
2739512,Nereus (brand)
1310031,Nerium oleander leaf extract
1940649,Nerlynx (brand)
2274605,Nerol
2395766,Neryl acetate
225031,Nesacaine (brand)
1368007,Nesina (brand)
1992864,Netarsudil
852046,Nettle pollen extract
1552337,Netupitant
1540242,Neuac (brand)
353501,Neulasta (brand)
227304,Neupogen (brand)
707892,Neupro (brand)
196498,Neurontin (brand)
867274,Neurospora intermedia allergenic extract
218708,Neut brand of sodium bicarbonate (brand)
657614,Neutracare (brand)
880918,NeutraGard (brand)
1191711,Neutramaxx (brand)
1044929,NeutrapHor (brand)
613876,Nevanac (brand)
53654,Nevirapine
2003705,New Day (brand)
1424283,New-Skin Liquid Bandage (brand)
1361510,Nexafed (brand)
619985,Nexavar (brand)
880856,Nexavir (brand)
1050312,Nexiclon (brand)
284799,Nexium (brand)
2282409,Nexletol (brand)
2283231,Nexlizet (brand)
2626743,Nexobrid (brand)
1111008,Nexplanon (brand)
1303925,Next Choice One Dose (brand)
832067,Nexterone (brand)
2565819,Nexviazyme (brand)
2644519,Ngenla (brand)
7393,Niacin
7405,Niacinamide
218728,Niacor (brand)
346366,Niaspan (brand)
7396,Nicardipine
1145111,NicAzel (brand)
352799,Nicoderm C-Q (brand)
352801,Nicomide (brand)
605815,Nicorelief (brand)
203808,Nicorette (brand)
7407,Nicotine
218734,Nicotrol (brand)
7417,Nifedipine
7421,Nifurtimox
1808612,Nigella sativa seed extract
1431150,Nigella sativa seed oil
2689113,Nikita (brand)
2691536,Niktimvo (brand)
218741,Nilandron (brand)
662281,Nilotinib
31805,Nilutamide
136560,Nimbex (brand)
7426,Nimodipine
196516,Nimotop (brand)
1593751,Ninjacof (brand)
1593766,Ninjacof A (brand)
1595209,Ninjacof XG (brand)
1723758,Ninlaro (brand)
1592737,Nintedanib
152115,Nipent (brand)
2712693,Nipocalimab
1876369,Nipride (brand)
1918231,Niraparib
2587892,Nirmatrelvir
2670631,Nirogacestat
2642401,Nirsevimab
7435,Nisoldipine
31819,Nitazoxanide
341379,Nitenpyram
61805,Nitisinone
1546271,Nitrate ion
1311391,Nitric acid
7442,Nitric oxide
1546424,Nitrite ion
202516,Nitro-Bid (brand)
202508,Nitro-Dur (brand)
1425879,Nitrocellulose
7454,Nitrofurantoin
7456,Nitrogen
4917,Nitroglycerin
151177,Nitrolingual (brand)
705130,NitroMist (brand)
7476,Nitroprusside
202525,Nitrostat (brand)
7486,Nitrous oxide
1941465,Nityr (brand)
2642811,Niva Thyroid (brand)
2057201,Nivestym (brand)
1597876,Nivolumab
218756,Nix Cream Rinse (brand)
42319,Nizatidine
202692,Nizoral (brand)
2467163,Nizoral Psoriasis (brand)
202563,No Doz (brand)
2048573,Nocdurna (brand)
1874125,Noctiva (brand)
2682678,Nogapendekin alfa inbakicept
31945,Nonivamide
1311556,Nonoxynol-10
1367189,Nonoxynol-20
1311559,Nonoxynol-30
2281102,Nonoxynol-5
53750,Nonoxynol-9
218772,Norco (brand)
202829,Norditropin (brand)
326374,Norelgestromin
7512,Norepinephrine
7514,Norethindrone
1311560,Norflurane
218776,Norgesic (brand)
31994,Norgestimate
7518,Norgestrel
1876388,NoRisc (brand)
218778,Noritate (brand)
2599174,Norliqva (brand)
1364535,Normlshield (brand)
801006,Normosol-M (brand)
32014,Normosol-R (brand)
203631,Norpace (brand)
203771,Norpramin (brand)
979384,North American coral snake antivenin
1490027,Northera (brand)
1294632,Northern paper wasp venom protein
7531,Nortriptyline
58927,Norvasc (brand)
196479,Norvir (brand)
218783,Norwich Aspirin (brand)
218784,Nostrilla (brand)
2286585,Nouress (brand)
2199021,Nourianz (brand)
544125,Novacort (brand)
218792,Novarel (brand)
1607560,Novoeight (brand)
1372723,Novolin (brand)
93558,Novolin N (brand)
93560,Novolin R (brand)
284810,NovoLog (brand)
1372741,NovoLog Mix (brand)
152867,Novoseven (brand)
356772,Noxafil (brand)
2743252,Noxivent (brand)
1039622,Noxzema Clean (brand)
1724432,NP Thyroid (brand)
805456,Nplate (brand)
2180331,Nubeqa (brand)
1720602,Nucala (brand)
827343,Nucort (brand)
854137,Nucynta (brand)
1040055,Nuedexta (brand)
2744889,Nufymco (brand)
284812,Nulev (brand)
2531293,Nulibry (brand)
1112977,Nulojix (brand)
2272604,Numbrino (brand)
1233197,Numotizine (brand)
606036,NuOx (brand)
253261,Nupercainal (brand)
1791692,Nuplazid (brand)
218815,Nuprin Backache (brand)
1869717,Nupro Chlorhexidine (brand)
2282314,Nurtec (brand)
1863556,Nusinersen
891652,Nutmeg allergenic extract
1309209,Nutmeg oil
1358863,Nutralox (brand)
218820,Nutraplus (brand)
1654845,Nutrilipid (brand)
1547446,Nutrilyte (brand)
202831,Nutropin (brand)
710529,NuvaRing (brand)
1604332,Nuvessa (brand)
710995,Nuvigil (brand)
1729087,Nuwiq (brand)
2739784,Nuzolvence (brand)
2059275,Nuzyra (brand)
584411,Nyamyc (brand)
701916,Nydamax (brand)
1358484,Nylon 12
1423768,Nymalize (brand)
1307745,Nymphaea alba flower extract
1307942,Nymphaea caerulea flower extract
2700371,Nypozi (brand)
7597,Nystatin
218830,Nystop (brand)
1092413,Nytol (brand)
2469336,Nyvepria (brand)
1364387,O-cymen-5-ol
1872047,O-phenanthroline
998233,Oasis Tears (brand)
971932,Oat allergenic extract
253190,Oat bran
1307722,Oat kernel oil
349978,Oat smut allergenic extract
2698195,Obecabtagene autoleucel
1798288,Obeticholic acid
1746906,Obiltoxaximab
974779,Obinutuzumab
1593092,Obizur (brand)
1598279,Obredon (brand)
1798365,Ocaliva (brand)
218843,Ocean brand of sodium chloride (brand)
1309489,Ocimum basilicum flowering top extract
1314309,Ocimum basilicum whole extract
2048350,Ocimum tenuiflorum leaf oil
1876366,Ocrelizumab
1876381,Ocrevus (brand)
2693460,Ocrevus Zunovo (brand)
226026,Octagam (brand)
20178,Octanoic acid
1442197,Octenyl succinate
13369,Octinoxate
91327,Octisalate
2698019,Octoxynol-13
1426395,Octoxynol-40
54034,Octoxynol-9
7617,Octreotide
1367124,Octyl dodecanol
1540878,Octyldodecyl behenate
1311617,Octyldodecyl myristate
1364386,Octyldodecyl neopentanoate
1483232,Octyldodecyl oleate
1314208,Octyldodecyl stearate
1356148,Octyldodecyl stearoyl stearate
2479557,Octyldodecyl xyloside
1310586,Octyltriethoxysilane
93588,Ocufen (brand)
218853,Ocuflox (brand)
218860,Ocuvite (brand)
352845,Ocuvite Lutein (brand)
1998625,Odactra (brand)
1741734,Odefsey (brand)
2461340,Odesivimab
2563966,Odevixibat
1659922,Odomzo (brand)
1309449,Oenothera biennis flower extract
1307578,Oenothera biennis leaf extract
712566,Ofatumumab
1592743,Ofev (brand)
7623,Ofloxacin
2179754,Ogivri (brand)
2670638,Ogsiveo (brand)
2687222,Ohtuvayre (brand)
1309388,Oil of ginger
1309372,Oil of patchouli
2682440,Ojemda (brand)
2665211,Ojjaara (brand)
61381,Olanzapine
1597582,Olaparib
1307825,Olea europaea fruit volatile oil
1307955,Olea europaea leaf extract
1426408,Oleth-10
1426410,Oleth-2
1314300,Oleth-20
1314374,Oleth-3-phosphate
1314375,Oleth-5
2376830,Oleuropein
1310603,Oleyl alcohol
1432298,Oleyl erucate
1426427,Oleyl oleate
2701418,Olezarsen
2392230,Oliceridine
1939310,Oligopeptide-10
2392235,Olinvyk (brand)
2610407,Olipudase alfa
1309250,Olive oil
1863568,Olive oil decyl esters
321064,Olmesartan
1546059,Olodaterol
135391,Olopatadine
2626370,Olpruva (brand)
32385,Olsalazine
2047242,Olumiant (brand)
2623641,Olutasidenib
284814,Olux (brand)
27100,Omacetaxine mepesuccinate
2059269,Omadacycline
302379,Omalizumab
2631931,Omaveloxolone
4301,Omega-3 fatty acids
2053500,Omegaven (brand)
7646,Omeprazole
2612691,Omidenepag
1540231,Omidria (brand)
2637355,Omidubicel
2612696,Omlonti (brand)
2726003,Omlyclo (brand)
683073,Omnaris (brand)
1192943,Omni Gel (brand)
644964,Omnitrope (brand)
2668393,Omvoh (brand)
2705791,Onapgo (brand)
2170226,Onasemnogene abeparvovec
224911,Oncaspar (brand)
26225,Ondansetron
900108,Oneseed juniper pollen extract
1598820,Onexton (brand)
1191051,Onfi (brand)
2362173,Ongentys (brand)
858037,Onglyza (brand)
899466,Onion allergenic extract
1370469,Onion extract
1719773,Onivyde (brand)
2053525,Onpattro (brand)
2709433,Ontralfy (brand)
2289228,Ontruzant (brand)
2396765,Onureg (brand)
2690729,Onyda (brand)
1739333,Onzetra (brand)
1549086,Opcicon One-Step (brand)
218893,Opcon-A (brand)
1597881,Opdivo (brand)
2700800,Opdivo Qvantig (brand)
2596780,Opdualag (brand)
2667427,Opfolda (brand)
1427139,Ophiocordyceps sinensis extract
1307807,Ophiopogon japonicus root extract
2362167,Opicapone
2697159,Opipza (brand)
7676,Opium
139994,Oprelvekin
1442138,Opsumit (brand)
2677766,Opsynvi (brand)
1150293,Optiflex-C (brand)
1150297,Optiflex-G (brand)
1101386,Optigene (brand)
1736009,Option 2 (brand)
1426950,Opuntia ficus-indica extract
2055001,Opuntia ficus-indica seed oil
1309451,Opuntia ficus-indica stem extract
1486716,Opuntia streptacantha stem extract
2715405,Opuviz (brand)
2639722,Opvee (brand)
2570753,Opzelura (brand)
643816,Ora Relief (brand)
32485,Orabase (brand)
1372758,Orabloc (brand)
643822,Oracea (brand)
218911,Oracit (brand)
798166,Orajel (brand)
544401,Oralone (brand)
1144128,OraMagic Plus (brand)
892565,Orange allergenic extract
1358966,Orange juice
1309230,Orange oil
1370778,Orange peel extract
966696,Orange pekoe tea allergenic extract
897403,Orange pollen extract
285077,Orapred (brand)
321369,Oraqix (brand)
798396,OraVerse (brand)
969073,Oravig (brand)
218929,Orazinc (brand)
1547616,Orbactiv (brand)
851878,Orchard grass pollen extract
1551309,Orchis mascula flower extract
1010965,Oregano allergenic extract
1314320,Oregano leaf oil
900045,Oregon ash pollen extract
616011,Orencia (brand)
1485753,Orenitram (brand)
326381,Orfadin (brand)
2739838,Orforglipron
2472784,Orgovyx (brand)
2049853,Orilissa (brand)
1547611,Oritavancin
1655929,ORKAMBI (brand)
2467566,Orladeyo (brand)
37925,Orlistat
2717844,Orlynvah (brand)
2677442,Ormalvi (brand)
545700,Oro Clense (brand)
7715,Orphenadrine
261599,Orphengesic (brand)
1098353,Orris root allergenic extract
2628479,Orserdu (brand)
1087239,Ortho-Nesic (brand)
1650612,Orthosilicic acid
398331,Orthovisc (brand)
2273102,Ortikos (brand)
203057,Orudis (brand)
1366329,Oryza sativa whole extract
1146685,Oscimin (brand)
260101,Oseltamivir
1546279,Oseltamivir carboxylate
1372717,Oseni (brand)
2717868,Osenvelt (brand)
2286252,Osilodrostat
1721560,Osimertinib
202697,Osmitrol (brand)
2044715,Osmolex (brand)
1370971,Ospemifene
1370977,Osphena (brand)
2725504,Ospomyv (brand)
864666,Osteo-Poretical (brand)
2746873,Osvyrti (brand)
2741624,Otarmeni (brand)
2602577,Oteseconazole
1492733,Otezla (brand)
763092,Oticin HC (brand)
1792387,Otovel (brand)
1441403,Otrexup (brand)
2702608,Otulfi (brand)
218975,Outgro Pain Relief (brand)
352857,Ovace (brand)
261602,Ovide (brand)
284818,Ovidrel (brand)
28068,Oxaceprol
7773,Oxacillin
32592,Oxaliplatin
7779,Oxandrolone
32613,Oxaprozin
1664443,Oxaydo (brand)
7781,Oxazepam
32624,Oxcarbazepine
2104337,Oxervate (brand)
1009342,Oxibendazole
32638,Oxiconazole
166267,Oxipor VHC (brand)
218977,Oxistat (brand)
2467154,Oxlumo (brand)
7798,Oxolinic acid
1365655,Oxtellar (brand)
2387302,Oxybate
32673,Oxybenzone
32675,Oxybutynin
32680,Oxychlorosene
7804,Oxycodone
218986,Oxycontin (brand)
7806,Oxygen
7812,Oxymetazoline
7814,Oxymorphone
110,Oxyquinoline
7824,Oxytocin
356886,Oxytrol (brand)
809556,Oysco D (brand)
2288236,Ozanimod
1991307,Ozempic (brand)
1994739,Ozenoxacin
2729325,Oziltus (brand)
2201573,Ozobax (brand)
854178,Ozurdex (brand)
7839,P-hydroxyamphetamine
219038,Pacerone (brand)
56946,Paclitaxel
828433,Pacnex (brand)
2595243,Pacritinib
2268093,Padcev (brand)
32786,Padimate-O
966979,Paecilomyces variotii allergenic extract
1307731,Paeonia lactiflora root extract
1307729,Paeonia suffruticosa root bark extract
1307975,Paeonia suffruticosa root extract
2586857,Pafolacianine
1601374,Palbociclib
2279411,Palforzia (brand)
196319,Palifermin
679314,Paliperidone
194279,Palivizumab
1426624,Palm acid
1426626,Palm kernel acid
1309252,Palm kernel oil
32809,Palm oil
1309374,Palmarosa oil
1732116,Palmitoyl hexapeptide-12
2667641,Palmitoyl myristyl serinate
1314373,Palmitoyl oligopeptide
1426596,Palmitoyl pentapeptide-4
1314277,Palmitoyl tetrapeptide-7
1722914,Palmitoyl tripeptide-1
2583628,Palmitoyl tripeptide-8
70561,Palonosetron
2663954,Palovarotene
2724404,Palsonify (brand)
2724363,Paltusotine
2046366,Palynziq (brand)
54365,Pamabrom
7866,Pamelor (brand)
11473,Pamidronate
219055,Pamine (brand)
1052442,Pamprin Cramp Formula (brand)
1052413,Pamprin Max Formula (brand)
1052436,Pamprin Multi-Symptom (brand)
202432,Panadol (brand)
1872070,Panadol Extra (brand)
1094715,Panadol PM (brand)
1307726,Panax ginseng flower extract
1311648,Panax ginseng fruit extract
1918244,Panax ginseng leaf extract
1309490,Panax ginseng root water extract
1365707,Panax notoginseng root extract
7880,Pancreatin
1372686,Pancreaze (brand)
7883,Pancuronium
219083,Pandel (brand)
7887,Panhematin (brand)
263034,Panitumumab
1603350,Panobinostat
219098,Panretin (brand)
32863,Pantethine
1044977,Panthenol
1356484,Panthenyl ethyl ether
1427237,Pantolactone
40790,Pantoprazole
62400,Pantothenate
7891,Pantothenic acid
2102436,Panzyga (brand)
7892,Papain
7895,Papaverine
1011426,Papaya allergenic extract
2637855,Papaya seed oil
2723369,Papzimeos (brand)
7906,Paraffin
2267306,ParaGard (brand)
152200,Paraplatin (brand)
1427222,Parathyroid hormone
219111,Paremyd (brand)
73710,Paricalcitol
1650423,Parietaria officinalis leaf extract
38,Parlodel (brand)
203832,Parnate (brand)
1437960,Paroex (brand)
7934,Paromomycin
32937,Paroxetine
1876128,Parsabiv (brand)
899877,Parsley allergenic extract
1482539,Parsley oil
1309236,Parsley seed oil
2749961,Pasatru (brand)
219113,Paser D/R (brand)
1364105,Pasireotide
1363440,Passiflora edulis seed oil
1355833,Passiflora incarnata flower extract
1311651,Passiflora incarnata fruit extract
1371911,Passiflora incarnata seed extract
686434,Pataday (brand)
795090,PATANASE (brand)
1716203,Patiromer
2053490,Patisiran
1311509,Paullinia cupana seed extract
2696262,Pavblu (brand)
114228,Paxil (brand)
714438,Pazopanib
1363553,PCxx Neutral Foam (brand)
1600780,PCxx Neutral Rinse (brand)
892569,Pea allergenic extract
892575,Peach allergenic extract
891658,Peanut allergenic extract
18235,Peanut oil
899883,Pear allergenic extract
1367125,Pear preparation
892332,Pecan allergenic extract
852272,Pecan pollen extract
32987,Pectin
796407,Pedia-Lax (brand)
1088240,Pedia-Lax Chewable (brand)
1088246,Pedia-Lax Liquid (brand)
1190429,Pedia-Lax Liquid Glycerin Suppositories (brand)
2176451,Pediaclear (brand)
2179642,Pediaclear Childrens (brand)
2200118,Pediaclear Cough (brand)
219136,Pediapred (brand)
352877,PEDIARIX (brand)
2618751,Pedmark (brand)
798448,PedvaxHIB (brand)
1940009,PEG-10 acrylate
2604569,PEG-10 beta-sitosteryl ether
2169288,PEG-10 cocamine
1426935,Peg-10 glyceryl stearate
1859168,PEG-10 sorbitan laurate
1648781,PEG-10 stearate
1307096,PEG-12 glyceryl dimyristate
1313257,PEG-12 stearate
1366668,PEG-15 cocamine
1855888,PEG-16 soy sterol
2047758,PEG-20 hydrogenated lanolin
1430130,PEG-20 methyl glucose sesquistearate
1363612,PEG-20 stearate
1356139,PEG-25 hydrogenated castor oil
1314192,PEG-25 propylene glycol stearate
2108126,PEG-25 stearate
1804257,PEG-3 cocamine
1489764,PEG-3 distearate
1427016,PEG-3 distearoylamidoethylmonium methosulfate
1368155,PEG-30 stearate
1363570,PEG-30-dipolyhydroxystearate
1547622,PEG-32 hydrogenated palm glycerides
1309366,Peg-32 stearate
1363613,PEG-4 dilaurate
1363614,PEG-4 laurate
1307829,PEG-4 rapeseedamide
2699125,PEG-40 glyceryl stearate
1363615,PEG-40 sorbitan diisostearate
1314849,PEG-40 stearate
1363616,PEG-5 oleate
1433643,PEG-5 soy sterol
2462445,PEG-50 shea butter
1359087,PEG-55 hydrogenated castor oil
1307041,PEG-6 cocamide
1366669,PEG-6 isostearate
1314193,PEG-6 methyl ether
1485119,PEG-6 sorbitan oleate
1309367,PEG-6 stearate
1363618,PEG-60 almond glycerides
1307098,PEG-7 glyceryl cocoate
1356707,PEG-7 hydrogenated castor oil
1367495,PEG-7 methyl ether
2584305,PEG-7 propylheptyl ether
2286803,PEG-7 stearate
2597522,PEG-7 trimethylolpropane coconut ether
1363619,Peg-75 lanolin
1363620,PEG-75 stearate
2399032,PEG-8 beeswax
1543773,PEG-8 caprylic-capric glycerides
2265844,PEG-8 dilaurate
1314194,PEG-8 dimethicone
1363622,Peg-8 distearate
1363623,PEG-8 laurate
1313258,PEG-8 ricinoleate
1440237,PEG-80 sorbitan laurate
1371303,PEG-9 polydimethylsiloxyethyl dimethicone
1356766,PEG-PPG-14-7 dimethyl ether
1426610,PEG-PPG-18-18-dimethicone
1426780,PEG-PPG-20-6 dimethicone
34132,Pegaspargase
358338,Pegasys (brand)
2557372,Pegcetacoplan
338036,Pegfilgrastim
120608,Peginterferon alfa-2a
1546168,Peginterferon beta-1a
1011650,Pegloticase
1367127,Pegoxol 7 stearate
2637446,Pegunigalsidase alfa
2046360,Pegvaliase
278739,Pegvisomant
2738648,Pegzilarginase
1307705,Pelargonium graveolens flower oil
1307599,Pelargonium graveolens flowering top extract
2742551,Pellix (brand)
2359335,Pemazyre (brand)
1547545,Pembrolizumab
68446,Pemetrexed
2590673,Pemfexy (brand)
2677807,Pemgarda (brand)
2359268,Pemigatinib
19551,Pemirolast
2677789,Pemivibart
2637960,Pemrydi Rtu (brand)
2670561,Penbraya (brand)
59839,Penciclovir
7975,Penicillamine
7980,Penicillin G
7984,Penicillin V
2705462,Penmenvy (brand)
967941,Pennsaid (brand)
2712542,Penpulimab
674453,Pentacel (brand)
1312715,Pentadecalactone
33055,Pentaerythritol
1426406,Pentaerythrityl tetraethylhexanoate
1358489,Pentaerythrityl tetraisostearate
1307090,Pentaerythrityl tetrastearate
495527,Pentam (brand)
7994,Pentamidine
2684981,Pentapeptide-18
196495,Pentasa (brand)
8001,Pentazocine
1369590,Pentetate calcium
314774,Pentetate pentasodium
8004,Pentobarbital
155046,Pentosan polysulfate
8011,Pentostatin
8013,Pentoxifylline
747238,Pep-Back (brand)
196458,Pepcid (brand)
284831,Pepcid Complete (brand)
33094,Peppermint oil
2467554,Peppermint oil terpeneless
33093,Peppermint preparation
8016,Pepsin A
2706362,Pepto Nausea (brand)
54536,Pepto-bismol (brand)
701389,Pepto-Bismol Children's (brand)
619693,Peramivir
1356552,Perampanel
42844,Percocet (brand)
1233713,Percogesic Backache (brand)
1233762,Percy Medicine (brand)
405262,Perdiem Overnight (brand)
852819,Perennial rye grass pollen extract
219164,Perfect Choice (brand)
2462501,Perflunafene
2637547,Perfluorohexyloctane
283753,Perflutren
1043225,Perform (brand)
723732,Perforomist (brand)
224891,Peridex (brand)
1549627,Perigiene (brand)
1089066,PeriGuard (brand)
2721420,PeriGuard Ointment (brand)
1309493,Perilla frutescens leaf extract
54552,Perindopril
1546400,Perindoprilat
219167,Perio Med (brand)
219168,PerioChip (brand)
219169,Periogard (brand)
219170,Periostat (brand)
1298949,Perjeta (brand)
1858075,Perlite
33199,Permethrin
1086306,Pernox Scrub Cleanser (brand)
219178,Peroxyl (brand)
8076,Perphenazine
219179,Persa-Gel (brand)
2055668,Perseris (brand)
1322526,Persimmon extract
1298944,Pertuzumab
1294123,Pertzye (brand)
33219,Peruvian balsam
2632070,Peruvian pepper tree pollen extract
8091,Petrolatum
1353886,Petroselinum crispum extract
1311511,Peucedanum ostruthium leaf extract
1310049,Peumus boldus leaf extract
2183102,Pexidartinib
8096,Pfizerpen (brand)
1293937,Pharbetol (brand)
219191,Phazyme (brand)
2610129,Pheburane (brand)
1314197,Phellinus linteus whole extract
1307947,Phellodendron amurense bark extract
1594581,Phellodendron amurense whole extract
1945225,Phellodendron chinense whole extract
1307612,Phellodendron chinensis bark extract
541158,Phenadoz (brand)
8120,Phenazopyridine
33272,Phendimetrazine
8123,Phenelzine
152218,Phenergan (brand)
8132,Pheniramine
8134,Phenobarbital
1739882,Phenohytro (brand)
33290,Phenol
8141,Phenolsulfonphthalein
8149,Phenoxybenzamine
89552,Phenoxyethanol
8152,Phentermine
8153,Phentolamine
36122,Phenyl salicylate
1310585,Phenyl trimethicone
70619,Phenylacetate
8156,Phenylalanine
8160,Phenylbutazone
81647,Phenylbutyrate
8163,Phenylephrine
8126,Phenylethyl alcohol
1313724,Phenylethyl resorcinol
89722,Phenylmercuric nitrate
2475178,Phenylpropanol
33408,Phenyltoloxamine
352891,Phenytek (brand)
8183,Phenytoin
2382605,Phesgo (brand)
2700381,Phexx (brand)
2385349,Phexxi (brand)
219233,Phillips Milk of Magnesia (brand)
352892,Phillips Stool Softener (brand)
723736,Phillips' Cramp-free (brand)
2539431,Phlebodium aureum leaf extract
1790089,Phlebodium aureum root extract
1350211,Phleum pratense top extract
1368167,Phloretin
1368338,Phoenix dactylifera seed extract
219235,Phos-Flur (brand)
219236,Phoslo (brand)
1099805,Phoslyra (brand)
1037297,Phosphasal (brand)
486961,Phosphate ion
204232,Phospholine Iodide (brand)
1427087,Phosphonic acid
8259,Phosphoric acid
225244,Photofrin (brand)
1925826,Photrexa (brand)
1922526,Phragmites australis stem extract
1731724,Phymatolithon calcareum preparation
2691832,Phyrago (brand)
1338937,Physalis angulata extract
2603287,Physalis pubescens fruit juice
219241,Physiolyte (brand)
219242,Physiosol (brand)
8299,Physostigmine
8302,Phytic acid
1363444,Phytosphingosine
8310,Phytosterols
1866045,Phytosteryl macadamiate
1796718,Phytosteryl/octyldodecyl lauroyl glutamate
2686628,Piasky (brand)
1940636,Pibrentasvir
1372259,Picea abies wood extract
1362141,Picea mariana leaf oil
1546458,Picosulfurate
2055761,Pifeltro (brand)
1793744,Pigment blue 1
1918055,Pigment green 7
1426161,Pigment red 48
1372631,Pigment red 5
219244,Pilocar (brand)
8328,Pilocarpine
1791685,Pimavanserin
321952,Pimecrolimus
1110783,Pimobendan
8331,Pimozide
8332,Pindolol
2102725,Pine nut oil
8333,Pine tar
899895,Pineapple allergenic extract
1492174,Pineapple extract
1799149,Pineapple juice
2385340,Pinene
1311586,Pinus massoniana resin
1864321,Pinus pinaster seed oil
1309309,Pinus strobus bark extract
33738,Pioglitazone
1309452,Piper methysticum root extract
1314199,Piper methysticum whole extract
8339,Piperacillin
8340,Piperazine
1311146,Piperine
33753,Piperonal
8345,Piperonyl butoxide
2169302,Piqray (brand)
33767,Pirbuterol
1592254,Pirfenidone
2286610,Pirnuo (brand)
33783,Piroctone olamine
8356,Piroxicam
2629338,Pirtobrutinib
1309296,Piscidia piscipula root bark extract
904606,Pistachio nut allergenic extract
2261371,Pisum sativum whole allergenic extract
861634,Pitavastatin
227199,Pitocin (brand)
2197878,Pitolisant
2744296,Pivekimab sunirine
2715866,Pivya (brand)
867297,Plains cottonwood pollen extract
858076,Plan B One-Step (brand)
259320,Plant stanol ester
1309370,Plantago lanceolata leaf extract
1309942,Plantago ovata seed extract
82088,Plantago seed
202462,Plaquenil (brand)
2668190,Plasacryl T20
545405,Plasbumin (brand)
33835,Plasma protein fraction
33834,Plasmalyte A (brand)
358340,Plasmanate (brand)
2557200,Plasminogen
1309453,Platycladus orientalis leaf extract
1306120,Platycladus orientalis seed extract
1923816,Platycladus orientalis whole extract
174742,Plavix (brand)
2049549,Plazomicin
1873752,Plecanatide
1546173,Plegridy (brand)
1601978,Plenamine (brand)
733003,Plerixafor
352897,Plexion (brand)
728123,Pliaglis (brand)
2727175,Plozasiran
1307822,Plukenetia volubilis seed oil
899470,Plum allergenic extract
2597047,Pluvicto (brand)
287523,Pneumovax 23 (brand)
1245741,Podocon (brand)
8463,Podofilox
8462,Podophyllin
2636601,Podophyllum hexandrum whole extract
324040,Podophyllum preparation
1307646,Pogostemon cablin top extract
2665270,Pokonza (brand)
1314376,Polacrilin
1086635,Polar Freeze (brand)
1089080,Polar Frost (brand)
2174090,Polatuzumab vedotin
1425089,Polawax polysorbate
69440,Policosanol
968170,Polidocanol
1426339,Polifeprosan 20
1373041,Polihexanide
1312709,Polistirex
2174096,Polivy (brand)
684878,Polocaine (brand)
1314414,Poloxalene
604665,Poly Hist PD (brand)
219289,Poly-Dex (brand)
219298,Poly-Vi-Sol (brand)
2698020,Polyacrylate crosspolymer-6
2622907,Polyacrylate-1 crosspolymer
1314381,Polyaminopropyl biguanide
219307,Polycin (brand)
1363053,Polydextrose
1314200,Polyester-10
1368161,Polyester-7
8516,Polyethylene glycols
1735162,Polygalic acid
1314205,Polyglycerin-10
1426428,Polyglycerin-3
1313721,Polyglycerin-6
2559843,Polyglyceryl-10 caprylate
2480113,Polyglyceryl-10 dipalmitate
1426747,Polyglyceryl-10 laurate
2603288,Polyglyceryl-10 myristate
1356767,Polyglyceryl-10 oleate
1312395,Polyglyceryl-10 stearate
1431226,Polyglyceryl-2 diisostearate
1363445,Polyglyceryl-2 dipolyhydroxystearate
1435110,Polyglyceryl-2 monoisostearate
2188090,Polyglyceryl-2 myristate
1922746,Polyglyceryl-2-stearate
2467277,Polyglyceryl-3 caprate
1364380,Polyglyceryl-3 diisostearate
1552357,Polyglyceryl-3 dioleate
1367498,Polyglyceryl-3 distearate
1490690,Polyglyceryl-3 laurate
2476007,Polyglyceryl-3 methylglucose distearate
1370731,Polyglyceryl-3 oleate
2376936,Polyglyceryl-3 pentaricinoleate
1373726,Polyglyceryl-3 ricinoleate
2539173,Polyglyceryl-3 stearate
1792715,Polyglyceryl-4 caprate
1367130,Polyglyceryl-4 isostearate
2640867,Polyglyceryl-4 laurate
1540876,Polyglyceryl-4-oleate
2533031,Polyglyceryl-6 caprylate
1421890,Polyglyceryl-6 distearate
2118918,Polyglyceryl-6 isostearate
2465731,Polyglyceryl-6 polyricinoleate
2534444,Polyglyceryl-6 ricinoleate
1307696,Polygonatum multiflorum root extract
1307550,Polygonatum odoratum root extract
1492339,Polygonum cuspidatum leaf extract
1309457,Polygonum cuspidatum root extract
8536,Polymyxin B
2472795,Polyoxyl 15 hydroxystearate
1307046,Polyoxyl 20 cetostearyl ether
1309246,Polyoxyl 35 castor oil
1309216,Polyoxyl 40 castor oil
1305669,Polyoxyl 40 hydrogenated castor oil
1426432,Polyoxyl 40 stearate
1426435,Polyoxyl 50 hydrogenated castor oil
1307688,Polyoxyl 60 hydrogenated castor oil
1367133,Polyoxyl 8 stearate
578377,Polypodium leucotomos
2636531,Polypodium virginianum root extract
1744029,Polyquaternium-44
1601984,Polyquaternium-53
2604571,POLYQUATERNIUM-80
105669,Polysaccharide iron complex
1367142,Polysilicone-15
8559,Polysorbate 20
1992411,Polysorbate 21
1367265,Polysorbate 40
1368867,Polysorbate 60
1426405,Polysorbate 65
8560,Polysorbate 80
1996988,Polysorbate 81
1368887,Polysorbate 85
54955,Polysporin (brand)
1358182,Polytetrafluoroethylene
2690255,Polyurethane-39
1541597,Polyvinyl acetate
1367129,Polyvinyl acetate phthalate
8570,Polyvinyl alcohol
1369713,Pomalidomide
1369719,Pomalyst (brand)
2667441,Pombiliti (brand)
1246101,Pomegranate fruit extract
1311658,Pomegranate fruit rind extract
1358975,Pomegranate juice
1306095,Pomegranate seed oil
1364347,Ponatinib
298983,Ponazuril
2532300,Ponesimod
3343,Pontocaine (brand)
2532306,Ponvory (brand)
1432299,Poppy seed oil
1310106,Populus tremuloides bark extract
236381,Poractant alfa
892628,Pork allergenic extract
1311319,Pork collagen preparation
1368343,Porphyra umbilicalis extract
1426917,Porphyra yezoensis extract
1328315,Porphyridium purpureum extract
1723746,Portrazza (brand)
1429042,Portulaca oleracea leaf extract
1358898,Portulaca oleracea whole extract
282446,Posaconazole
2688833,Posfrea (brand)
2563413,Posimir (brand)
901011,Post oak pollen extract
8587,Potaba (brand)
8588,Potassium
54987,Potassium acetate
2267407,Potassium aluminum disilicate
8589,Potassium aspartate
34296,Potassium bicarbonate
223779,Potassium bitartrate
34300,Potassium carbonate
59203,Potassium chlorate
8591,Potassium chloride
54993,Potassium citrate
1655990,Potassium cocoyl glycinate
89903,Potassium gluconate
34311,Potassium hydroxide
2671200,Potassium hydroxycitrate
34312,Potassium iodate
8597,Potassium iodide
1318915,Potassium ion
314797,Potassium lactate
1362899,Potassium metabisulfite
34316,Potassium nitrate
34322,Potassium phosphate
1311363,Potassium sodium tartrate
8606,Potassium sorbate
34323,Potassium sulfate
892632,Potato allergenic extract
1427056,Potato starch
2054082,Poteligeo (brand)
852539,Poverty weed pollen extract
8610,Povidone
1314251,Povidone K15
1313249,Povidone K17
1367141,Povidone K25
1313718,Povidone k25-28
1305758,Povidone K29-32
2359275,Povidone K60
8611,Povidone-iodine
2663938,Pozelimab
1314243,PPG 12 buteth 16
1427227,PPG-1 trideceth-6
1489919,PPG-1-PEG-9 lauryl glycol ether
2621119,PPG-10 caprylyl ether
1356702,PPG-10 cetyl ether
1426946,PPG-11 stearyl ether
1440239,PPG-12/SMDI copolymer
1368192,PPG-14 butyl ether
1313178,PPG-15 stearyl ether
1421437,PPG-2 hydroxyethyl cocamide
1314209,PPG-2 isoceteth-20 acetate
1312727,PPG-2 methyl ether
1426407,PPG-2 myristyl ether propionate
1368183,PPG-20 methyl glucose ether
1373204,PPG-20 methyl glucose ether distearate
1653592,PPG-24-glycereth-24
1371318,PPG-25-laureth-25
1423273,PPG-26-buteth-26
1314314,PPG-3 benzyl ether myristate
1424874,PPG-5-ceteth-20
1314210,PPG-9
1037046,Pradaxa (brand)
2713314,Prademagene zamikeracel
662019,Pralatrexate
34345,Pralidoxime
2394936,Pralsetinib
1659157,Praluent (brand)
746741,Pramipexole
139953,Pramlintide
219334,Pramosone (brand)
34347,Pramoxine
3143,Prasterone
613391,Prasugrel
203333,Pravachol (brand)
42463,Pravastatin
219336,Prax (brand)
1716196,Praxbind (brand)
8628,Praziquantel
8629,Prazosin
262138,Precedex (brand)
151826,Precose (brand)
202844,Pred Forte (brand)
202845,Pred Mild (brand)
34369,Prednicarbate
8638,Prednisolone
8640,Prednisone
187832,Pregabalin
1292335,Pregnitude (brand)
202637,Pregnyl (brand)
2588228,Prehevbrio (brand)
723742,Prelief (brand)
202896,Premarin (brand)
606589,PremaSol (brand)
1052638,Premsyn PMS (brand)
152247,Prepidil (brand)
829647,PreserVision (brand)
891817,PreserVision with Lutein (brand)
1600717,Prestalia (brand)
2198359,Pretomanid
1089084,Pretz (brand)
83156,Prevacid (brand)
219397,Prevalite (brand)
2637043,Prevduo (brand)
2001346,Preventeza (brand)
219400,Prevident (brand)
352917,Prevident Dental Rinse (brand)
901641,Prevnar 13 (brand)
2566310,Prevnar 20 (brand)
1988653,Prevymis (brand)
1368533,Prezatide
1314233,Prezatide copper
1314596,Prezatide copper acetate
1600705,Prezcobix (brand)
643075,Prezista (brand)
497062,Prialt (brand)
1368342,Prickly pear fruit extract
262139,Priftin (brand)
8686,Prilocaine
203345,Prilosec (brand)
8687,Primaquine
219408,Primatene Mist Inhaler (brand)
2591365,Primatene with ephedrine (brand)
227475,Primaxin (brand)
8691,Primidone
1537111,Primlev (brand)
261620,Primsol (brand)
1311310,Primula veris extract
1487833,Primula veris flower extract
203644,Prinivil (brand)
2603510,Priorix (brand)
711372,Pristiq (brand)
852622,Privet pollen extract
758996,Privigen (brand)
225201,Privine (brand)
647295,ProAir (brand)
224918,Probanthine (brand)
8698,Probenecid
8700,Procainamide
8701,Procaine
8702,Procarbazine
203423,Procardia (brand)
847176,ProCentra (brand)
8704,Prochlorperazine
1311217,Proclearz (brand)
227303,Procrit (brand)
759714,Procto-Kit (brand)
1790680,Procto-Med (brand)
543489,Procto-Pak (brand)
202655,Proctocort (brand)
219426,Proctofoam (brand)
34552,Proctofoam-HC (brand)
1291376,Proctosol (brand)
285086,Proctozone HC (brand)
1421468,Procysbi (brand)
1488068,ProDenRx Rinse (brand)
540818,Proferrin (brand)
1670388,Profilnine (brand)
8723,Proflavine
8727,Progesterone
202595,Proglycem (brand)
196463,Prograf (brand)
2382,Proguanil
204213,Prolastin (brand)
2279505,Prolate (brand)
2711888,Prolaxa (brand)
1375918,Prolensa (brand)
203760,Proleukin (brand)
993453,Prolia (brand)
8737,Proline
825422,Promacta (brand)
8745,Promethazine
219442,Promethegan (brand)
262140,Prometrium (brand)
1099274,Promolaxin (brand)
384685,Pronto (brand)
729770,Pronto Plus (brand)
729818,Pronto Plus Lice Egg Remover (brand)
8754,Propafenone
1362877,Propane
8761,Propantheline
34905,Proparacaine
219462,Propecia (brand)
1148520,Propel (brand)
34658,Propionic acid
8782,Propofol
8783,Propolis
1311659,Propolis wax
8787,Propranolol
2105554,Propranolol glycol
1300262,Proprinal (brand)
1311134,Propyl gallate
1314239,Propylene
1363696,Propylene carbonate
34693,Propylene glycol
1544276,Propylene glycol 1-allyl ether
2173390,Propylene glycol 2-stearate
1361656,Propylene glycol alginate
1661194,Propylene glycol caprylate
1427008,Propylene glycol diacetate
1426619,Propylene glycol dicaprylate
1426622,Propylene glycol dicaprylate-dicaprate
1806903,Propylene glycol dipropionate
1356149,Propylene glycol monolaurate
1427010,Propylene glycol monopalmitostearate
1314411,Propylene glycol monostearate
1368175,Propylene oxide
1427011,Propylheptyl caprylate
8792,Propylhexedrine
34706,Propylparaben
8794,Propylthiouracil
606051,ProQuad (brand)
602786,Proquin (brand)
196476,Proscar (brand)
581255,Prosol (brand)
1426703,Prosolv SMCC 50
152263,Prostin VR (brand)
8826,Protamines
8031,Protease
8834,Protein C
34822,Protein S
1441688,Prothrombin
261624,Protonix (brand)
1486892,Protopam (brand)
8886,Protriptyline
1788985,Provayblue (brand)
978086,Provenge (brand)
202908,Proventil (brand)
202888,Provera (brand)
219484,Provigil (brand)
219485,Provisc (brand)
58827,Prozac (brand)
2107310,Prucalopride
261625,Prudoxin (brand)
1309458,Prunus armeniaca seed extract
1860609,Prunus cerasus flower bud extract
1311663,Prunus mume fruit extract
1310019,Prunus persica leaf extract
1307851,Prunus serotina bark extract
1310037,Prunus serrulata flower extract
2359274,Prunus speciosa flower extract
1482548,Prunus spinosa fruit extract
24902,Prussian blue insoluble
8896,Pseudoephedrine
1547621,Pseudolarix amabilis bark extract
1314386,Pseudopterogorgia elisabethae extract
1799150,Psidium guajava leaf extract
219507,Psorcon (brand)
669595,Psoriasin (brand)
1046278,Psoriasin Wash (brand)
8928,Psyllium
2003231,Pterocarpus soyauxii wood extract
1432990,Ptychopetalum olacoides root extract
1425878,Pullulan
196487,Pulmicort (brand)
1442601,PulmoSal (brand)
74704,Pulmozyme (brand)
1989334,Pumice
1363624,Pummelo extract
883459,Pumpkin allergenic extract
466570,Pumpkin seed oil
1794166,Punica granatum leaf extract
1354526,Punica granatum root bark extract
1310067,Punica granatum seed extract
1432478,Punica granatum whole extract
1010729,PureLax (brand)
8948,Purified protein derivative of tuberculin
1536485,Purixan (brand)
1424645,Purslane extract
852174,Pussy willow pollen extract
705862,Pylera (brand)
2719193,Pyquvi (brand)
8984,Pyrantel
8987,Pyrazinamide
8991,Pyrethrins
1232405,Pyrethrum extract
8998,Pyridium (brand)
9000,Pyridostigmine
684879,Pyridoxine
9009,Pyrilamine
9010,Pyrimethamine
35100,Pyrithione
9022,Pyrogallol
9036,Pyrrolidonecarboxylic acid
2594474,Pyrukynd (brand)
72031,Pyruvate
2705559,Pyzchiva (brand)
850459,Q-Sorb Co Q-10 (brand)
2635001,Qalsody (brand)
2727441,Qamzova (brand)
1806885,Qbrelis (brand)
2054111,Qbrexza (brand)
2395809,Qdolo (brand)
2536549,Qelbree (brand)
2709454,Qfitlia (brand)
2369398,Qinlock (brand)
2726018,Qivigy (brand)
1550033,Qlearquil Nasal Decongestant (brand)
2695440,Qlosi (brand)
2118582,Qmiiz (brand)
1248841,Qnasl (brand)
2002417,QS-21
1372703,Qsymia (brand)
1925499,Qtern (brand)
852343,Quackgrass pollen extract
1607804,Quadracel (brand)
203876,Quadramet (brand)
1313268,Quadrosilan
647128,Qualaquin (brand)
283678,Quaternium-15
2274099,Quaternium-16
1363625,Quaternium-18
1426897,Quaternium-22
1597389,Quaternium-33
1363626,Quaternium-52
2667745,Quaternium-73
2560230,Quaternium-90 bentonite
1368158,Quaternium-91
35185,Quazepam
1494761,Qudexy (brand)
867353,Queen palm pollen extract
203516,Quelicin (brand)
9060,Quercetin
1312383,Quercus alba extract
202582,Questran (brand)
51272,Quetiapine
1309948,Quillaja saponaria bark extract
2667938,Quillaja saponaria whole extract
1438110,Quillaja saponaria wood extract
1727444,QuilliChew (brand)
1312584,Quillivant (brand)
35208,Quinapril
1546359,Quinaprilat
9068,Quinidine
9071,Quinine
1928871,Quinja (brand)
1437504,Quinoa oil
1305564,Quinoline yellow
835951,QuinZyme (brand)
2733993,Quiofic (brand)
2643048,Quizartinib
2571837,Qulipta (brand)
880803,Qutenza (brand)
2591503,Quviviq (brand)
2261747,Quzyttir (brand)
226084,Qvar (brand)
219570,R A Acne (brand)
219579,RabAvert (brand)
813859,Rabbit allergenic extract
851969,Rabbit bush pollen extract
114979,Rabeprazole
830457,Rabies virus vaccine flury-lep strain
1430390,Racementhol
66887,Racepinephrine
1543713,RadiaGuard (brand)
1921882,Radicava (brand)
539398,Radiogardase (brand)
974687,Radish allergenic extract
1546450,Radium
1495464,Ragwitek (brand)
2699612,Raldesy (brand)
72143,Raloxifene
719872,Raltegravir
596205,Ramelteon
35296,Ramipril
1546377,Ramiprilat
1535922,Ramucirumab
356778,Ranexa (brand)
595060,Ranibizumab
9143,Ranitidine
35829,Ranolazine
809478,Rapaflo (brand)
258355,Rapamune (brand)
1307741,Rapeseed sterol extract
1311246,Raphanus sativa extract
2712075,Rapiblyk (brand)
1598078,Rapivab (brand)
134748,Rasagiline
283821,Rasburicase
1089114,Rash Relief Antibacterial (brand)
1089118,Rash Relief Antifungal (brand)
1101329,Rash Relief Clear (brand)
1101347,Rash Relief with Zinc Oxide (brand)
899906,Raspberry allergenic extract
1370769,Raspberry extract
1307723,Raspberry juice
1544379,Rasuvo (brand)
895279,Rat skin extract
1368454,Ravicti (brand)
2107301,Ravulizumab
1483267,Raw sugar
1366567,Raxibacumab
1855067,Rayaldee (brand)
2618833,Rayasal (brand)
1303126,Rayos (brand)
219586,Rea-Lo (brand)
1788859,React (brand)
1667222,Rebaudioside A
228271,Rebif (brand)
1990858,Rebinyn (brand)
2262907,Reblozyl (brand)
2626733,Rebyota (brand)
2184143,Recarbrio (brand)
705872,Reclast (brand)
70057,Recombinate (brand)
55523,Recombivax (brand)
2588849,Recorlev (brand)
219591,Recort Plus (brand)
759013,Recothrom (brand)
1246684,Recticare (brand)
1745451,RectiCare Advance Cream (brand)
1602014,Recticare Wipes (brand)
1114467,Rectiv (brand)
851914,Red alder pollen extract
852609,Red cedar pollen extract
1489065,Red Cross Canker Sore (brand)
867341,Red imported fire ant allergenic extract
1928707,Red king crab preparation
851744,Red maple pollen extract
852680,Red mulberry pollen extract
852268,Red oak pollen extract
1294634,Red paper wasp venom protein
232540,Red yeast rice
900113,Redberry juniper pollen extract
2727342,Redemplo (brand)
2377334,Reditrex (brand)
851930,Redroot pigweed pollen extract
851870,Redtop grass pollen extract
219598,Redutemp (brand)
1086862,Refenesen (brand)
855680,Refissa (brand)
1012591,Regenecare (brand)
2609928,Regener-Eyes (brand)
2397249,Regiocit (brand)
9230,Reglan (brand)
219602,Regonol (brand)
1312397,Regorafenib
2264759,Regoxidine (brand)
219603,Regranex (brand)
219605,Reguloid (brand)
1313180,Reishi mushroom preparation
2739519,Relacorilant
1656323,Relador (brand)
203754,Relafen (brand)
405298,Relagard (brand)
352946,Relagesic (brand)
2596773,Relatlimab
2184137,Relebactam
261633,Relenza (brand)
2595946,Releuko (brand)
2052821,Relexxii (brand)
2739002,Relgaabi (brand)
1423388,ReliOn Glucose (brand)
796436,Relistor (brand)
353724,Relpax (brand)
2477891,Reltone (brand)
2472778,Relugolix
2284718,Remdesivir
134774,Remeron (brand)
2700765,Remestemcel-L
2724365,Remibrutinib
219610,Remicade (brand)
73032,Remifentanil
2383941,Remimazolam
323640,Remodulin (brand)
669602,Rena-Vite (brand)
35351,Renacidin (brand)
135118,RenaGel (brand)
1927286,Renflexis (brand)
846950,Renova (brand)
2706310,Renthyroid (brand)
749207,Renvela (brand)
73044,Repaglinide
219624,Repan (brand)
1665896,Repatha (brand)
1366144,Replesta NX (brand)
2670644,Repotrectinib
579458,Reprexain (brand)
9260,Reserpine
827246,Resinol (brand)
1746889,Reslizumab
2677894,Resmetirom
35382,Resorcinol
748663,Respa-BR (brand)
352951,Restasis (brand)
219641,Restoril (brand)
1000492,Resveratrol
2047592,Retacrit (brand)
642274,Retapamulin
219642,Retavase (brand)
76895,Reteplase
2370165,Retevmo (brand)
2626465,Rethymic (brand)
2632981,Retifanlimab
153101,Retin-A (brand)
2268087,Retinaldehyde
1370677,Retinyl linoleate
584154,Retisert (brand)
202791,Retrovir (brand)
2708830,Revakinagene taroretcel
581642,Revatio (brand)
2059224,Revcovi (brand)
2102775,Revefenacin
152092,ReVia (brand)
1310816,RevitaDERM Wound Care (brand)
337535,Revlimid (brand)
1012462,Revonto (brand)
2747776,Revtorpyk (brand)
2698332,Revuforj (brand)
2698325,Revumenib
2680735,Rextovy (brand)
1658320,Rexulti (brand)
382467,Reyataz (brand)
2669403,Reynoutria multiflora root oil
2256938,Reyvow (brand)
2639155,Rezafungin
219649,Rezamid (brand)
2677900,Rezdiffra (brand)
2704892,Rezenopy (brand)
2560086,Rezipres (brand)
2623649,Rezlidhia (brand)
2564032,Rezurock (brand)
2589010,Rezvoglar (brand)
2639161,Rezzayo (brand)
1872246,Rhamnose
2714498,Rhamnus cathartica bark extract
1996990,Rhaponticum carthamoides root extract
2724393,Rhapsido (brand)
1310065,Rheum officinale root extract
1435867,Rheum officinale whole extract
1436168,Rheum palmatum root extract
1442704,Rheum palmatum whole extract
2632264,Rhinacanthus nasutus leaf extract
2565689,Rhinacanthus nasutus whole extract
261640,Rhinall (brand)
899912,Rhinaris (brand)
196488,Rhinocort (brand)
314443,Rhizopus arrhizus allergenic extract
967721,Rhizopus stolonifer allergenic extract
1922729,Rhododendron ferrugineum whole extract
1363468,Rhodomyrtus tomentosa fruit extract
967529,Rhodotorula mucilaginosa allergenic extract
1869817,Rhofade (brand)
204300,RhoGAM (brand)
470151,Rhophylac (brand)
1992869,Rhopressa (brand)
91266,Rhubarb preparation
1923142,Rhuli (brand)
1086967,Ri-Mag Plus (brand)
2472328,Riabni (brand)
831494,RiaSTAP (brand)
9344,Ribavirin
1873916,Ribociclib
9346,Riboflavin
1925821,Riboflavin 5'-phosphate
901337,Rice allergenic extract
1356151,Rice bran
1309223,Rice bran oil
1307708,Rice germ oil
1427015,Rice germ preparation
701193,Ricola (brand)
35607,RID (brand)
202952,Ridaura (brand)
55672,Rifabutin
202953,Rifadin (brand)
9384,Rifampin
35616,Rifamycin SV
35617,Rifapentine
35619,Rifaximin
763450,Rilonacept
1102270,Rilpivirine
196501,Rilutek (brand)
35623,Riluzole
2722398,Rilzabrutinib
9386,Rimantadine
2282307,Rimegepant
93962,Rimso-50 (brand)
2196895,Rinvoq (brand)
1439816,Riociguat
405304,Riomet (brand)
2369389,Ripretinib
1087181,Risamine (brand)
2166040,Risankizumab
2390935,Risdiplam
73056,Risedronate
55685,Risedronic acid
152318,Risperdal (brand)
35636,Risperidone
224917,Ritalin (brand)
2641595,Ritlecitinib
85762,Ritonavir
226754,Rituxan (brand)
1927886,Rituxan Hycela (brand)
121191,Rituximab
1114195,Rivaroxaban
183379,Rivastigmine
852148,River birch pollen extract
2675305,Rivfloza (brand)
1437811,Rixubis (brand)
2672950,Rizafilm (brand)
88014,Rizatriptan
219688,Robafen (brand)
807855,Robafen Cough (brand)
202955,Robaxin (brand)
1250203,Robenacoxib
152322,Robinul (brand)
1307314,Robusta coffee bean extract
152323,Rocaltrol (brand)
2119702,Rocklatan (brand)
852601,Rocky Mountain juniper pollen extract
2641616,Roctavian (brand)
68139,Rocuronium
1091836,Roflumilast
225702,Rogaine (brand)
1665496,Rolapitant
2612543,Rolvedon (brand)
877510,Romidepsin
1091919,Romifidine
805452,Romiplostim
2123126,Romosozumab
2705407,Romvimza (brand)
1535498,Ronidazole
2587059,Ropeginterferon alfa-2b
72302,Ropinirole
35780,Ropivacaine
1311501,Rosa canina fruit extract
1305715,Rosa canina fruit oil
2567688,Rosa canina seed oil
1305664,Rosa centifolia flower oil
1307568,Rosa damascena flower extract
1305663,Rosa damascena flower oil
1309502,Rosa gallica flower extract
1305662,Rosa moschata oil
1310011,Rosa moschata seed oil
1483620,Rosa rugosa flower bud extract
1148395,Rosadan (brand)
352957,Rosanil (brand)
1309371,Rose oil
1322046,Rose petal extract
1314597,Rosemary extract
90945,Rosemary oil
1307693,Rosewood oil
84108,Rosiglitazone
1362931,Rosin
1309505,Rosmarinus officinalis flower extract
1376348,Rosmarinus officinalis flowering top oil
1364990,Rosmarinus officinalis whole extract
352958,Rosula (brand)
301542,Rosuvastatin
2536055,Roszet (brand)
493191,Rotarix (brand)
496892,RotaTeq (brand)
616739,Rotigotine
995600,Rough cocklebur pollen extract
852532,Rough marshelder pollen extract
202834,Rowasa (brand)
1731015,Roweepra (brand)
219740,Roxicodone (brand)
1944530,Roxybond (brand)
35805,Royal jelly
2642274,Rozanolixizumab
603159,Rozerem (brand)
2197868,Rozlytrek (brand)
1862585,Rubraca (brand)
2370872,Rubus chingii whole extract
1541710,Rubus idaeus fruit volatile oil
1862579,Rucaparib
1599837,Ruconest (brand)
69036,Rufinamide
2380540,Rukobia (brand)
852367,Russian olive pollen extract
852158,Russian thistle pollen extract
9500,Rutin
2273513,Ruxience (brand)
1193326,Ruxolitinib
2591807,Ryaltris (brand)
1544754,Ryanodex (brand)
2200645,Rybelsus (brand)
2549735,Rybrevant (brand)
2729299,Rybrevant Faspro (brand)
2058851,Ryclora (brand)
1919089,Rydapt (brand)
892638,Rye allergenic extract
2639728,Rykindo (brand)
2561252,Rylaze (brand)
2700773,Ryoncil (brand)
2557206,Ryplazim (brand)
2642290,Rystiggo (brand)
1599245,Rytary (brand)
2685242,Rytelo (brand)
82079,Rythmol (brand)
1869878,Ryvent (brand)
2670664,Ryzneuta (brand)
2677794,Ryzumvi (brand)
863965,S-2 (brand)
2552301,S-adenosyl-L-methionine disulfate tosylate
9504,S-adenosylmethionine
194098,S-benzoylmercaptoacetyltriglycine
152332,Sabril (brand)
1314278,Saccharide isomerate
9509,Saccharin
1356143,Saccharina latissima extract
236782,Saccharomyces boulardii
9511,Saccharomyces cerevisiae
350141,Saccharomyces cerevisiae allergenic extract
1426343,Saccharomyces lysate extract
1435103,Saccharum officinarum whole extract
2360231,Sacituzumab
214817,Sacrosidase
1656328,Sacubitril
1860608,Sacubitrilat
2056061,Safflower acid
1309390,Safflower extract
9515,Safflower oil
1440241,Safflower seed extract
1484904,Saffron extract
1922448,Safinamide
1011627,Sage leaf allergenic extract
1305661,Sage oil
202830,Saizen (brand)
2569476,Sajazir (brand)
202959,Salagen (brand)
219779,Saleto (brand)
260012,Salicin extract
2722419,Salicor (brand)
1372263,Salicornia europaea extract
9518,Salicylamide
9525,Salicylic acid
1603378,Salinocaine (brand)
1307749,Salix alba bark extract
1305659,Salix alba bark volatile oil
1801067,Salix alba whole extract
1232311,Salix nigra bark extract
1492383,Salix purpurea bark extract
631501,Saljet (brand)
36117,Salmeterol
36118,Salmon calcitonin
41967,Salmon oil
762595,Salmonella typhi Ty21a live antigen
36108,Salsalate
852806,Salt cedar pollen extract
852329,Salt grass pollen extract
1014134,SaltAire (brand)
897316,Saltbush pollen extract
2462495,Salvadora persica root extract
824980,Salvax (brand)
1309460,Salvia hispanica seed extract
1307580,Salvia miltiorrhiza root extract
1370194,Salvia officinalis flowering top extract
1442511,Salvia officinalis whole extract
2671246,Salycim (brand)
2672362,Salyntra (brand)
9549,Samarium
1344643,Sambucus nigra flower extract
2559612,Samidorphan
849828,Samsca (brand)
541710,Samson 8 (brand)
807264,Sancuso (brand)
1309224,Sandalwood oil
202816,Sandimmune (brand)
196457,Sandostatin (brand)
670544,Sanguinaria canadensis root extract
1307954,Sanguisorba officinalis root extract
1305660,Santalum spicatum oil
2059171,Santalum spicatum whole extract
219803,Santyl (brand)
2395271,Sapanisertib
2565282,Saphnelo (brand)
859976,Saphris (brand)
1311674,Sapindus mukorossi fruit extract
1309462,Saponaria officinalis root extract
1305761,Saposhnikovia divaricata root extract
753340,Sapropterin
2282024,Sarclisa (brand)
2636109,Sarcomphalus joazeiro bark extract
1362906,Sarcosine
2059018,Sarecycline
69634,Sargramostim
1923319,Sarilumab
219806,Sarnol-HC (brand)
349948,Sarracenia purpurea preparation
2391541,Satralizumab
2697971,Sauromatum giganteum root extract
1435868,Saururus chinensis whole extract
1599544,Savaysa (brand)
833136,Savella (brand)
236344,Saw palmetto extract
857974,Saxagliptin
1598264,Saxenda (brand)
830758,Scalacort (brand)
1039270,Scalpicin Itch Relief (brand)
723775,Scalpicin Scalp Relief (brand)
543865,Scandonest (brand)
2584321,Scemblix (brand)
2262255,Scenesse (brand)
1046239,Schiff (brand)
1600748,Schinus molle fruit oil
1311675,Schisandra chinensis fruit extract
1307639,Schizonepeta tenuifolia flowering top extract
1426934,Sclareolide
1596688,Sclerocarya birrea seed oil
352970,Sclerosol (brand)
9601,Scopolamine
219820,Scot-Tussin (brand)
1422930,Scot-tussin Diabetic CF (brand)
219823,Scot-Tussin DM Cough Chasers (brand)
1013913,Scrub pine pollen extract
1307750,Scutellaria baicalensis root extract
1658441,Scutellaria baicalensis whole extract
1311681,Scutellaria lateriflora top extract
824918,Scytera (brand)
2726059,Sdamlo (brand)
1311499,Sea salt
219829,Sea Soft (brand)
1370783,Seaweed extract
219834,Sebasorb (brand)
1726975,Sebelipase alfa
2717944,Sebetralstat
219835,Sebex (brand)
219838,Sebulex (brand)
36314,Secnidazole
2265724,Secuado (brand)
1599788,Secukinumab
1307944,Sedum roseum root extract
2055978,Segesterone
2588479,Seglentis (brand)
1992686,Segluromet (brand)
2690869,Seladelpar
2705384,Selarsdi (brand)
9639,Selegiline
36344,Selenious acid
9640,Selenite
9641,Selenium
36345,Selenium sulfide
9644,Selenomethionine
1729002,Selexipag
2178390,Selinexor
2370147,Selpercatinib
1436941,SelRx (brand)
219850,Selsun Blue (brand)
1299649,Selsun Blue Naturals (brand)
1367371,Selsun Blue Sensitive Scalp (brand)
2289380,Selumetinib
728648,Selzentry (brand)
1991302,Semaglutide
2377130,Semglee (brand)
219859,Senexon (brand)
895371,Senexon S (brand)
761948,Senna-Time (brand)
202961,Senokot (brand)
219866,SENOKOT-S (brand)
602792,SenoSol (brand)
607363,SenoSol-SS (brand)
460392,Sensipar (brand)
202942,Sensorcaine (brand)
219871,Sensorcaine with Epinephrine (brand)
2723062,Sephience (brand)
2723056,Sepiapterin
285091,Septocaine (brand)
2562176,Serdexmethylphenidate
203159,Serevent (brand)
9671,Serine
1738537,Sernivo (brand)
204225,Seromycin (brand)
83553,Seroquel (brand)
744286,Serostim (brand)
36434,Serratiopeptidase
36435,Sertaconazole
36437,Sertraline
1309247,Sesame oil
901199,Sesame seed allergenic extract
1310046,Sesame seed extract
2469247,Setmelanotide
2728187,Sevabertinib
214824,Sevelamer
2386866,Sevenfact (brand)
36453,Sevoflurane
2059024,Seysara (brand)
2624720,Sezaby (brand)
852087,Shad scale pollen extract
852221,Shagbark hickory pollen extract
81782,Shark cartilage extract
91472,Shark liver oil
1310571,Shea butter
1305658,Sheanut oil
852213,Sheep sorrel pollen extract
1368898,Shellac
2730931,Shewise (brand)
1362688,Shiitake mushroom preparation
1986826,Shingrix (brand)
1664624,Shorea stepnoptera seed butter extract
896135,Short ragweed pollen extract
852709,Shortleaf pine pollen extract
892592,Shrimp allergenic extract
2728380,Sibeprenlimab
1299981,Siberian elm pollen extract
1364110,Signifor (brand)
1999309,Siklos (brand)
219896,Siladryl (brand)
1312740,Silanetriol
136411,Sildenafil
966788,Silenor (brand)
1426646,Silica dimethyl silylate
9774,Silicon
9771,Silicon dioxide
1872257,Siliq (brand)
314455,Silk allergenic extract
1307143,Silk amino acids
1652102,Silk sericin
1739217,Silka Cream (brand)
720825,Silodosin
1373351,Silodrate
219906,Siltussin (brand)
1535218,Siltuximab
224926,Silvadene (brand)
2606543,Silver
1358876,Silver cation
1306066,Silver citrate
851866,Silver maple pollen extract
9789,Silver nitrate
2621547,Silver stearate
9793,Silver sulfadiazine
2671201,Silybum marianum whole extract
1421452,Simbrinza (brand)
9796,Simethicone
2677782,Simlandi (brand)
1534775,Simmondsia chinensis leaf extract
1307760,Simmondsia chinensis seed wax extract
1369689,Simmondsia chinensis whole extract
1309470,Simmondsia chinesis seed extract
352975,Simply Saline (brand)
262241,Simply Sleep (brand)
848161,Simponi (brand)
219912,Simulect (brand)
36567,Simvastatin
9800,Sincalide
753346,Sinecatechins
36572,Sinemet (brand)
219922,Sinex Long-Acting (brand)
153889,Singulair (brand)
1995984,Sinuva (brand)
2121085,Siponimod
997261,Sipuleucel-T
1436960,Siraitia grosvenorii fruit extract
2593688,Siraitia grosvenorii whole extract
35302,Sirolimus
1364510,Sirturo (brand)
851882,Sisal fiber allergenic extract
593411,Sitagliptin
1493270,Sitavig (brand)
1540863,Sivextro (brand)
204315,Skelaxin (brand)
1310587,Skim milk
1244601,Sklice (brand)
262263,Skullcap preparation
2631937,Skyclarys (brand)
1366335,Skyla (brand)
2166138,Skyrizi (brand)
2612554,Skysona (brand)
2569597,Skytrofa (brand)
219956,Sleepinal (brand)
219957,Slo-Niacin (brand)
747981,Sloan's Liniment (brand)
152364,Slow-Fe (brand)
2623643,Smallanthus sonchifolius root juice
1309473,Smilax aristolochiaefolia root extract
2118528,Smilax glabra tuber extract
2626495,Smilax glabra whole extract
852217,Smooth brome pollen extract
2589872,Soaanz (brand)
9853,Sodium
56443,Sodium acetate
267366,Sodium ascorbate
2000918,Sodium behenate
36676,Sodium bicarbonate
36679,Sodium bisulfite
2747785,Sodium caprate
36685,Sodium carbonate
1364429,Sodium cation
1366921,Sodium chlorate
9863,Sodium chloride
992920,Sodium chlorite
56466,Sodium citrate
2559703,Sodium dilauramidoglutamide lysine
261435,Sodium ferric gluconate complex
9873,Sodium fluoride
56476,Sodium gluconate
1483618,Sodium hydride
9880,Sodium hydroxide
9884,Sodium iodide
1592264,Sodium laureth-4 phosphate
1996994,Sodium laureth-5 sulfate
1942335,Sodium lauriminodipropionate
2475180,Sodium lauroyl glycinate
1663748,Sodium lauroyl hydroxypropyl sulfonate
1487156,Sodium lauroyl methyl isethionate
2479046,Sodium lauroyl methyl taurate
2643470,Sodium lauryl ethoxysulfate
1423793,Sodium lauryl glycol carboxylate
2167142,Sodium lauryl phosphate
314832,Sodium lauryl sulfoacetate
2001128,Sodium lauryl sulfonate
36696,Sodium metabisulfite
1733690,Sodium metasilicate
2634162,Sodium methylenebisnaphthalenesulfonate
2742563,Sodium methyltaurate
2374347,Sodium myreth sulfate
9894,Sodium nitrite
1366982,Sodium oxide
36702,Sodium perborate
1364915,Sodium percarbonate
36709,Sodium phosphate
56512,Sodium polystyrene sulfonate
56513,Sodium propionate
36717,Sodium selenate
1363697,Sodium silicate
2360540,Sodium starch glycolate type A
2475332,Sodium starch glycolate type B
36721,Sodium sulfate
36723,Sodium sulfite
56524,Sodium tartrate
9913,Sodium tetradecyl sulfate
2047628,Sodium zirconium cyclosilicate
2689328,Sofdra (brand)
1484911,Sofosbuvir
2689322,Sofpironium
2557399,Sogroya (brand)
2663961,Sohonos (brand)
997622,Sojourn (brand)
1653342,Solanum lycopersicum fruiting top extract
94115,Solarcaine (brand)
219974,Solarcaine Plus Aloe (brand)
322167,Solifenacin
1858996,Soliqua (brand)
680973,Soliris (brand)
630820,Solodyn (brand)
1946693,Solosec (brand)
2121751,Solriamfetol
498464,Soltamox (brand)
203592,Solu-Cortef (brand)
203856,Solu-Medrol (brand)
804718,Soluclenz (brand)
2566620,Solvent yellow 18
204362,Soma (brand)
2557373,Somapacitan
2644503,Somatrogon
61148,Somatropin
72664,Somatuline (brand)
356771,Somavert (brand)
1090951,SOMBRA Warm Pain Relieving Gel (brand)
152371,Sominex (brand)
1293415,Somnicin (brand)
1659191,Sonidegib
1598069,Soolantra (brand)
1039916,Soothe Lubricant Eye Drops (brand)
1594958,Soothe Mineral Oil (brand)
1235258,Soothe Night Time (brand)
1307593,Sophora flavescens root extract
1442706,Sophora flavescens whole extract
495881,Sorafenib
1367146,Sorbitan
1310513,Sorbitan isostearate
2050751,Sorbitan monocaprylate
1363055,Sorbitan monolaurate
1363056,Sorbitan monooleate
1363701,Sorbitan monopalmitate
1363057,Sorbitan monostearate
1309248,Sorbitan olivate
1998445,Sorbitan sesquiisostearate
1363058,Sorbitan sesquioleate
1363643,Sorbitan trioleate
1426397,Sorbitan tristearate
9945,Sorbitol
1812934,Sorbitol monooleate
1020036,Sorilux (brand)
2638675,Sotagliflozin
9947,Sotalol
2678930,Sotatercept
2550714,Sotorasib
42896,Sotradecol (brand)
405330,Sotret (brand)
2612093,Sotyktu (brand)
1593726,Sotylize (brand)
1012134,Sour cherry allergenic extract
867260,Southern bayberry pollen extract
885750,Southern ragweed pollen extract
1297533,Southern yellow jacket venom protein
1484917,Sovaldi (brand)
2665276,Sovuna (brand)
1484859,Soy acid
196238,Soy protein isolate
1649138,Soy sphingolipids
1363446,Soy sterol
891668,Soybean allergenic extract
579598,Soybean lecithin
9949,Soybean oil
287515,Soybean preparation
1433497,Soyethyl morpholinium ethosulfate
1310030,Spanish thyme oil
2630535,Sparsentan
901313,Spearmint allergenic extract
1372258,Spearmint extract
1305657,Spearmint oil
2610417,Spesolimab
2610424,Spevigo (brand)
1541244,Sphagnum squarrosum extract
1666442,Spherusol (brand)
237023,Spike lavender oil
901317,Spinach allergenic extract
299081,Spinosad
1863561,Spinraza (brand)
895919,Spiny pigweed pollen extract
274535,Spiriva (brand)
9997,Spironolactone
487252,Spirulina
202826,Sporanox (brand)
220006,Sportscreme (brand)
2119382,Spravato (brand)
1736038,Spritam (brand)
992421,Sprix (brand)
643170,Sprycel (brand)
1799649,SPS (brand)
1363644,Squalane
10014,Squalene
219770,SSD (brand)
544594,SSKI brand of Potassium Iodide (brand)
669620,ST-37 (brand)
1236711,Stahist AD (brand)
1372713,Stalevo (brand)
1876706,Stamaril (brand)
584374,Stangard (brand)
1363059,Stannic oxide
1314274,Stannous 2-ethylhexanoate
37032,Stannous chloride
10030,Stannous fluoride
795474,StaphAseptic (brand)
1305656,Star anise oil
1660128,Star anise whole extract
10046,Starch
2725089,Starjemza (brand)
59763,Stavudine
996180,Staxyn (brand)
1372931,Stearalkonium hectorite
1368215,Stearamide amp
1739891,Stearamidopropyl dimethylamine lactate
1367147,Steareth-10
1426352,Steareth-2
1367121,Steareth-20
1367122,Steareth-21
1605200,Steareth-4
1804568,Stearic acid D7
37071,Stearyl alcohol
1313978,Stearyl behenate
1356147,Stearyl glycyrrhetinate
1426360,Stearyl stearate
1992811,Steglatro (brand)
1992827,Steglujan (brand)
853351,Stelara (brand)
2585255,Stellera chamaejasme whole extract
2373652,Stem bromelain
2632730,Stemona japonica root extract
1535497,Stemona sessilifolia root extract
1606212,Stemona tuberosa root extract
2631990,Stemona tuberosa whole extract
1291307,Stendra (brand)
1547755,Stephania tetrandra root extract
2359270,Stephania tetrandra whole extract
2700395,Steqeyma (brand)
2003394,Steritalc (brand)
1313685,Stevia rebaudiana whole extract
1307971,Stevia rebaudiuna leaf extract
2479555,Stevia serrata flower oil
1363645,Steviol
37106,Stevioside
405336,Stimate (brand)
2613765,Stimufend (brand)
1868456,Sting-Kill (brand)
580119,Stinging nettle extract
1651267,Stiolto (brand)
2054968,Stiripentol
1312403,Stivarga (brand)
2717857,Stoboclo (brand)
220038,Stopain (brand)
2626476,Stratagraft (brand)
358330,Strattera (brand)
892484,Strawberry allergenic extract
1486794,Strawberry juice
1720264,Strensiq (brand)
2593692,Streptococcus thermophilus
10109,Streptomycin
10114,Streptozocin
220049,Stri-Dex (brand)
220050,Stri-Dex Clear Gel (brand)
1306293,Stribild (brand)
968097,Stridex (brand)
891676,String bean allergenic extract
1546064,Striverdi (brand)
220057,Stromectol (brand)
10122,Strontium
1356142,Strontium nitrate
1053143,Stye (brand)
1539193,Styphnolobium japonicum flower extract
1536596,Styptstix (brand)
1362878,Styrene
2385109,Styrene/isoprene/styrene block copolymer
2044370,Suberic acid
1996185,Sublocade (brand)
352990,Suboxone (brand)
1237051,Subsys (brand)
2001501,Subvenite (brand)
3446,Succimer
1307106,Succinate
37255,Succinic acid
10154,Succinylcholine
220065,Sucraid (brand)
10156,Sucralfate
1439115,Sucralose
494944,Sucrets (brand)
1039670,Sucrets Original (brand)
2052920,Sucrets Sore Throat (brand)
1484283,Sucroferric oxyhydroxide
10159,Sucrose
1370728,Sucrose cocoate
1370303,Sucrose distearate
1363647,Sucrose monolaurate
1363060,Sucrose monostearate
1367150,Sucrose palmitate
203302,Sudafed (brand)
808046,Sudafed OM (brand)
603256,Sudafed PE (brand)
1426472,Sudan III
1358838,Sudo-Tab (brand)
220077,Sudogest (brand)
56795,Sufentanil
1726988,Sugammadex
899359,Sugar beet allergenic extract
852132,Sugar beet pollen extract
1014711,Sugarcane allergenic extract
220081,Sular (brand)
10167,Sulbactam
37317,Sulbutiamine
37319,Sulconazole
10169,Sulfacetamide
2476008,Sulfachlorpyridazine
10171,Sulfadiazine
10172,Sulfadimethoxine
10180,Sulfamethoxazole
258054,Sulfamylon (brand)
9524,Sulfasalazine
1426598,Sulfate ion
10193,Sulfathiazole
220091,Sulfatrim (brand)
220095,Sulfo-Lo (brand)
220096,Sulfoam (brand)
236718,Sulfonated phenol
10223,Sulfur
1362879,Sulfur dioxide
1599276,Sulfur hexafluoride
10231,Sulfuric acid
2289224,Sulfuryl fluoride
10237,Sulindac
1311567,Sulisobenzone
2717833,Sulopenem
220102,Sulpho-Lac (brand)
10239,Sulpiride
1115895,Sumadan Wash (brand)
37418,Sumatriptan
828327,Sumaxin (brand)
898393,Summer's Eve Medicated (brand)
606239,Summers Eve Anti-Itch (brand)
1487532,Sunflower lecithin
37422,Sunflower oil
852509,Sunflower pollen extract
901203,Sunflower seed allergenic extract
1431715,Sunflower seed oil glycereth-8 esters
357977,Sunitinib
2625891,Sunlenca (brand)
2121759,Sunosi (brand)
2719226,Sunvozertinib
352995,Supartz (brand)
220125,Supprelin (brand)
152394,Suprane (brand)
196499,Suprax (brand)
220130,Surfak Stool Softener (brand)
202963,Survanta (brand)
1810485,Sustol (brand)
2584859,Susvimo (brand)
2465558,Sutab (brand)
616274,Sutent (brand)
2591404,Sutimlimab
1547099,Suvorexant
2704819,Suzetrigine
901303,Sweet cherry allergenic extract
852627,Sweet gum pollen extract
901307,Sweet potato allergenic extract
851898,Sweet vernal grass pollen extract
2630849,Syfovre (brand)
1535243,Sylvant (brand)
541626,Symax (brand)
327148,Symbicort (brand)
2711790,Symbravo (brand)
405343,Symbyax (brand)
2043459,Symfi (brand)
1989113,Symjepi (brand)
356774,Symlin (brand)
2102708,Sympazan (brand)
1492439,Symphytum officinale whole extract
1367399,Symphytum uplandicum leaf extract
1876604,Symproic (brand)
2049672,Symtuza (brand)
2700347,Symvess (brand)
220141,Synagis (brand)
224949,Synalar (brand)
53524,Synarel (brand)
1928949,Syndros (brand)
605343,Synera (brand)
1664316,Synjardy (brand)
1356689,Synribo (brand)
2462009,Synthetic beeswax
1371994,Synthetic camphor
224920,Synthroid (brand)
220144,Synvisc (brand)
220145,Syprine (brand)
852663,Syrian hamster skin extract
1307782,Syringa vulgaris flower extract
1314226,Syringa vulgaris whole extract
2463730,Syzygium jambos fruit rind extract
1721694,Tabasco pepper extract
1356705,Tabebuia impetiginosa whole extract
151956,Tabloid (brand)
2362235,Tabrecta (brand)
1001585,TachoSil (brand)
748281,Taclonex (brand)
42316,Tacrolimus
798923,Tactinal (brand)
358263,Tadalafil
2613564,Tadliq (brand)
1545063,Tafamidis
2387211,Tafasitamab
2054023,Tafenoquine
1425223,Tafinlar (brand)
1244607,Tafluprost
851902,Tag alder pollen extract
152402,Tagamet (brand)
2109055,Tagraxofusp
1721566,Tagrisso (brand)
1490058,Take Action (brand)
2055646,Takhzyro (brand)
2099704,Talazoparib
10323,Talc
2716919,Taletrectinib
2262027,Talicia (brand)
1291609,Taliglucerase alfa
2644447,Talquetamab
1745104,Taltz (brand)
2644454,Talvey (brand)
2099947,Talzenna (brand)
1373444,Tamanu oil
261657,Tamiflu (brand)
10324,Tamoxifen
77492,Tamsulosin
1053336,Tanac Liquid (brand)
1309476,Tanacetum parthenium flower extract
37565,TANDEM (brand)
1314680,Tandem Plus (brand)
1011412,Tangerine allergenic extract
1305532,Tangerine peel extract
2690995,Tanlor (brand)
10328,Tannic acid
787390,Tapentadol
2602286,Tapinarof
1541740,Taraxacum mongolicum extract
337526,Tarceva (brand)
1806943,Targadox (brand)
258324,Targretin (brand)
2682954,Tarlatamab
2587884,Tarpeyo (brand)
1997157,Tarsum Reformulated (brand)
37578,Tartaric acid
1305578,Tartrazine
2610296,Tascenso (brand)
735866,Tasigna (brand)
1490468,Tasimelteon
2596860,Tasmannia lanceolata leaf extract
153657,Tasmar (brand)
10337,Taurine
2670453,Taurolidine
1543173,Tavaborole
2044923,Tavalisse (brand)
42602,Tavist (brand)
405348,Tavist Non-Sedating (brand)
2572106,Tavneos (brand)
2700758,Taxifolin
83947,Tazarotene
2274378,Tazemetostat
203422,Tazicef (brand)
37617,Tazobactam
220181,Tazorac (brand)
405349,Taztia (brand)
2274385,Tazverik (brand)
2106330,Tdvax (brand)
1309477,Tea leaf oil
69627,Tea tree oil
1313771,TEA-dodecylbenzenesulfonate
284885,Tears Naturale Forte (brand)
1089808,Tears Naturale PM (brand)
2590743,Tebentafusp
2387348,Tecartus (brand)
2690271,Tecelra (brand)
1792781,Tecentriq (brand)
2693894,Tecentriq Hybreza (brand)
1373484,Tecfidera (brand)
2619426,Teclistamab
2055104,Tecovirimat
2619434,Tecvayli (brand)
1540825,Tedizolid
1364468,Teduglutide
37744,Teferrol
1040009,Teflaro (brand)
139778,Tegaserod
2675560,Teglutik (brand)
203029,Tegretol (brand)
220200,Tegrin-LT Shampoo (brand)
2099319,Tegsedi (brand)
700402,Tekturna (brand)
1430137,Tekturna HCT (brand)
473837,Telavancin
2714237,Telisotuzumab
73494,Telmisartan
1872382,Telotristat
1872441,Telotristat ethyl
10355,Temazepam
2599526,Tembexa (brand)
2123029,Temixys (brand)
261663,Temodar (brand)
114398,Temovate (brand)
37776,Temozolomide
220207,Tempra Quicklets (brand)
2675620,Temsavir
657797,Temsirolimus
2199674,Tenapanor
220211,Tencon (brand)
259280,Tenecteplase
1190911,Tenivac (brand)
1721603,Tenofovir alafenamide
300195,Tenofovir disoproxil
37789,Tenoretic (brand)
152413,Tenormin (brand)
220215,Tenuate (brand)
1366537,Tepadina (brand)
2274808,Tepezza (brand)
2621880,Teplizumab
2477267,Tepmetko (brand)
2477103,Tepotinib
2274803,Teprotumumab
2700702,Tepylute (brand)
37798,Terazosin
37801,Terbinafine
10368,Terbutaline
37806,Terconazole
1310520,Teriflunomide
32915,Teriparatide
57048,Terlipressin
2612432,Terlivaz (brand)
2640032,Terpene resin
1368180,Terpineol
2380832,Terpinolene
542352,Terrell (brand)
1363061,Tert-butyl alcohol
1044584,Tesamorelin
220224,Tessalon Perles (brand)
353016,Testim (brand)
353017,Testopel (brand)
10379,Testosterone
1727875,Tetanus immune globulin
542486,Tetcaine (brand)
10390,Tetrabenazine
10391,Tetracaine
10395,Tetracycline
2594593,Tetraethyl silicate
1309254,Tetrahexyldecyl ascorbate
1362136,Tetrahydrodiferuloylmethane
2373947,Tetrahydrolinalool
2383940,Tetrahydrolinalyl acetate
37935,Tetrahydrozoline
1314296,Tetrapeptide-21
1314229,Tetrapropyl orthosilicate
2636731,Tetraselmis chui extract
1312373,Tetrasodium glutamate diacetate
2260905,Tetraxetan
723788,Tetterine (brand)
2677434,Tevimbra (brand)
220238,Texacort (brand)
1999382,Tezacaftor
2587789,Tezepelumab
2689134,Tezruly (brand)
2587796,Tezspire (brand)
10432,Thalidomide
203477,Thalitone (brand)
220239,Thalomid (brand)
1722239,The Itch Eraser (brand)
285140,The Magic Bullet (brand)
38022,Theanine
203388,Theo-24 (brand)
1307605,Theobroma grandiflorum seed butter extract
1309260,Theobroma grandiflorum seed extract
10438,Theophylline
1116508,Thera-D (brand)
94296,Thera-Gesic (brand)
1086943,Thera-Gesic Plus (brand)
220280,Theramycin (brand)
284892,Theraplex Z (brand)
708096,TheraSeal Hand Protection (brand)
1237019,Therastat (brand)
220262,TheraTears (brand)
220297,Thermazene (brand)
1306060,Thermus thermophilus lysate
10454,Thiamine
1546268,Thiamine ion
10472,Thimerosal
618060,Thioctate
1363062,Thioglycerol
10485,Thioguanine
227253,Thiola (brand)
10502,Thioridazine
1546411,Thiosulfate
10473,Thiotepa
10510,Thiothixene
237058,Thonzonium
1360721,Thonzylamine
1237026,Thoracol (brand)
10524,Threonine
1011867,Thrive (brand)
220305,Thrombate III (brand)
10528,Thrombin
321876,Thrombin-JMI (brand)
90950,Thyme oil
319823,Thyme preparation
225741,Thymoglobulin (brand)
10553,Thymol
89717,Thymol iodide
1370676,Thymus citriodorus leaf extract
1307658,Thymus vulgaris leaf extract
2473277,Thyquidity (brand)
2166574,Thyrogen (brand)
57213,Thyrolar (brand)
1086471,ThyroSafe (brand)
4952,Thyrotropin alfa
10580,Thyrotropin-releasing hormone
1988303,Tiadylt (brand)
31914,Tiagabine
220309,Tiazac (brand)
2049879,Tibsovo (brand)
1116632,Ticagrelor
94317,Tice BCG (brand)
2583637,Tick-borne encephalitis purified antigen
2583643,Ticovac (brand)
227528,Tigan (brand)
384455,Tigecycline
2059261,Tiglutik (brand)
261672,Tikosyn (brand)
2053436,Tildrakizumab
1307716,Tilia cordata flower extract
1539192,Tilia platyphyllos flower extract
10600,Timolol
10601,Timoptic (brand)
851994,Timothy grass pollen extract
220322,Tinactin (brand)
864159,Tinaderm (brand)
539806,Tindamax (brand)
1087291,Tineacide Antifungal (brand)
10612,Tinidazole
38298,Tioconazole
2746883,Tiocystin (brand)
6765,Tiopronin
69120,Tiotropium
1670304,Tipiracil
190548,Tipranavir
2471078,Tirbanibulin
73137,Tirofiban
728656,Tirosint (brand)
2601723,Tirzepatide
220326,Tis-U-Sol (brand)
1986438,Tisagenlecleucel
2677426,Tislelizumab
2571095,Tisotumab
287575,Tisseel (brand)
1305547,Titanium
38323,Titanium dioxide
220327,Titralac (brand)
2571100,Tivdak (brand)
1433874,Tivicay (brand)
2740012,Tividenofusp alfa
1491522,Tivorbex (brand)
2534233,Tivozanib
57258,Tizanidine
2599055,Tlando (brand)
284879,Tnkase (brand)
852062,Tobacco leaf allergenic extract
220329,Tobi (brand)
220330,Tobradex (brand)
10627,Tobramycin
220333,Tobrex (brand)
1145945,Toceranib
612865,Tocilizumab
1236136,Tocopherol
159151,Tocophersolan
2667746,Tocopheryl glucoside
1313259,Tocopheryl retinoate
1357536,Tofacitinib
2634995,Tofersen
2680289,Tofidence (brand)
1669869,Tolak (brand)
10634,Tolazoline
72937,Tolcapone
1988410,Tolcylen (brand)
220336,Tolectin DS (brand)
10636,Tolmetin
10637,Tolnaftate
2106643,Tolsura (brand)
119565,Tolterodine
1535930,Toltrazuril
358257,Tolvaptan
892499,Tomato allergenic extract
2723107,Tonmya (brand)
220343,Topamax (brand)
1650997,Topicaine (brand)
2740864,Topicaine Ultra (brand)
543817,Topicale (brand)
220345,Topicort (brand)
38404,Topiramate
220347,Toposar (brand)
57308,Topotecan
865575,Toprol (brand)
38409,Toremifene
2669406,Toripalimab
723805,Torisel (brand)
2685197,Torpenz (brand)
38413,Torsemide
2178068,Tosymra (brand)
1600439,Totarol
731011,Totect (brand)
1604540,Toujeo (brand)
2180341,Tovet (brand)
810072,Toviaz (brand)
2682434,Tovorafenib
1314847,Toxicodendron vernicifluum fruit rind wax
2055110,Tpoxx (brand)
1716278,Trabectedin
323502,Tracleer (brand)
2739506,Tradipitant
1100703,Tradjenta (brand)
1368197,Tragacanth
1232630,Tragacanth allergenic extract
2693629,Tralement (brand)
2589225,Tralokinumab
10689,Tramadol
1425099,Trametinib
152440,Trandate (brand)
38454,Trandolapril
1546379,Trandolaprilat
10691,Tranexamic acid
2397710,Trans-3-isocamphylcyclohexanol
220372,Transderm Scop (brand)
202966,Tranxene (brand)
10734,Tranylcypromine
1872968,Tranzarel (brand)
224905,Trastuzumab
801645,Travasol 10 (brand)
284896,Travatan (brand)
283809,Travoprost
2280733,Trazimera (brand)
10737,Trazodone
741098,Treanda (brand)
835718,Trecator (brand)
851890,Tree of heaven pollen extract
2747374,Tregzi (brand)
1311373,Trehalose
1945040,Trelegy (brand)
905054,Trelstar (brand)
2619313,Tremelimumab
1358890,Tremella fuciformis fruiting body extract
1539416,Tremella fuciformis whole extract
1928593,Tremfya (brand)
38508,Treosulfan
343048,Treprostinil
1670012,Tresiba (brand)
645646,Tretin X (brand)
10753,Tretinoin
1488296,Tretten (brand)
284900,Trexall (brand)
794765,Treximet (brand)
746611,Trezix (brand)
1089856,Tri Biozene (brand)
220388,Tri-Chlor (brand)
353031,Tri-Luma (brand)
220413,Tri-Vi-Sol (brand)
10756,Triacetin
10759,Triamcinolone
10763,Triamterene
1110803,Trianex (brand)
10767,Triazolam
236502,Tribasic potassium phosphate
36710,Tribasic sodium phosphate
1426386,Tribehenin
1312647,Tribehenin PEG-20 esters
1372732,Tribenzor (brand)
1370988,Tribulus terrestris extract
2636532,Tribulus terrestris flower extract
1311579,Tribulus terrestris fruit extract
1306058,Tribulus terrestris root extract
1314417,Tributyl citrate
1314418,Tributyl phosphate
1370418,Tricaine
47628,Tricalcium phosphate
1314419,Tricaprin
1314420,Tricaprylin
1811770,Triceteareth-4-phosphate
1994358,Tricetin
544744,Trichlor Fresh Pak (brand)
10772,Trichlormethiazide
618564,Trichloroacetate
968197,Trichoderma harzianum allergenic extract
465118,Trichophyton antigen
968413,Trichophyton rubrum allergenic extract
968426,Trichothecium roseum allergenic extract
2118525,Triclabendazole
10795,Triclosan
220456,Tricor (brand)
1659916,Tricyclodecenyl propionate
2685256,Tricylate (brand)
2678306,Tridacaine (brand)
1811766,Tridecane
1314305,Trideceth-10
1313267,Trideceth-12
1943166,Trideceth-3
1426365,Trideceth-6
1801136,Trideceth-8
1312368,Trideceth-9
1371366,Tridecyl alcohol
1421431,Tridecyl salicylate
1368187,Tridecyl stearate
1426289,Tridecyl trimellitate
2671300,Tridergel (brand)
220458,Triderm (brand)
258344,Tridesilon (brand)
10798,Trientine
753380,Triesence (brand)
38623,Triethanolamine
1363997,Triethanolamine benzoate
1653328,Triethanolamine cocoyl glutamate
1363986,Triethanolamine lauryl sulfate
2276304,Triethanolamine monododecyl ether
2263159,Triethoxysilylpropyl steardimonium chloride
1310554,Triethyl citrate
1307097,Triethylamine
1368702,Triethylene glycol
1368189,Triethylhexanoin
2205637,Trifarotene
2669481,Trifena (brand)
1607981,Triferic (brand)
10800,Trifluoperazine
10803,Trifluridine
1310039,Trifolium pratense flower extract
1593200,Trigonella foenum-graecum whole extract
1313234,Triheptanoin
10811,Trihexyphenidyl
1310538,Trihydroxystearin
1426368,Triisopropanolamine
1426662,Triisostearin
2359280,Trijardy (brand)
2479690,Trilaciclib
261680,Trileptal (brand)
828374,Trilipix (brand)
2745151,Trilitas (brand)
38668,Trilostane
2601101,Triluron (brand)
763604,TriLyte (brand)
2685224,Trimazole (brand)
2747297,Trimbow (brand)
38685,Trimethobenzamide
10829,Trimethoprim
1437987,Trimethylpentanediyl dibenzoate
10834,Trimipramine
999622,Trimo San (brand)
1368882,Trimyristin
1790881,Trintellix (brand)
1368168,Triolein
1368169,Tripalmitin
10847,Tripelennamine
2677076,Tripenicol (brand)
607154,Triple Paste (brand)
802675,Triple Paste AF (brand)
10849,Triprolidine
1944385,Triptodur (brand)
220486,TripTone (brand)
38782,Triptorelin
829877,Trisenox (brand)
1368190,Trisiloxane
253204,Trisodium citrate
1598337,Trisodium dicarboxymethyl alaninate
1735050,Trisodium nitrilotriacetate
2635085,Trisodium phosphide
1867700,Trisodium sulfosuccinate
1368872,Tristearin
2679329,Tritolnacide (brand)
1546889,Triumeq (brand)
2109944,Trivisc (brand)
284904,Trizivir (brand)
2360535,Trodelvy (brand)
2632852,Trofinetide
2043318,Trogarzo (brand)
1436240,Trokendi (brand)
38866,Trolamine salicylate
10865,Tromethamine
1098237,Tronolane Anesthetic (brand)
1664625,Tropaeolum majus flowering top extract
10869,Tropicamide
1368873,Tropolone
236778,Trospium
1433911,Tru-micin (brand)
2569837,Trudhesa (brand)
1873760,Trulance (brand)
1551296,Trulicity (brand)
1593136,Trumenba (brand)
2669973,Truqap (brand)
2551006,Truseltiq (brand)
2747239,Trutakna (brand)
495430,Truvada (brand)
2105827,Truxima (brand)
2701424,Tryngolza (brand)
10878,Trypan blue
1726081,Trypan blue free acid
10898,Tryptophan
2716822,Tryptyr (brand)
2679065,Tryvio (brand)
2533916,Tsuga canadensis leaf oil
220505,Tubersol (brand)
2361285,Tucatinib
895817,Tucks (brand)
1303103,Tudorza (brand)
2361291,Tukysa (brand)
1309314,Tulathromycin
1437806,Tulathromycin A
220508,Tums (brand)
867494,Tums Dual Action (brand)
2000680,Tums with Gas Relief (brand)
892503,Tuna allergenic extract
2183126,Turalio (brand)
975119,Turkey allergenic extract
1114883,Turmeric extract
1373037,Turmeric oil
2695722,Turmeric root extract
1591919,Turnera diffusa leaf extract
10938,Turpentine
1309480,Tussilago farfara flower extract
2099281,Tuxarin (brand)
1652088,Tuzistra (brand)
220559,Twilite (brand)
153189,Twinrix (brand)
2388173,Twirla (brand)
2565808,Twyneo (brand)
1372734,Twynsta (brand)
1551994,Tybost (brand)
220562,Tycolene (brand)
2679433,Tyenne (brand)
584198,Tygacil (brand)
659616,Tykerb (brand)
202433,Tylenol (brand)
220581,Tylenol PM (brand)
220586,Tylenol with Codeine (brand)
995505,Tylosin
38998,Tyloxapol
1921077,Tymlos (brand)
2637685,Typha orientalis whole extract
114883,Typhim VI (brand)
2673303,Typhonium giganteum stem extract
1999320,Typhonium giganteum whole extract
10962,Tyrosine
2725175,Tyruko (brand)
2572366,Tyrvaya (brand)
492635,Tysabri (brand)
857796,Tyvaso (brand)
2725131,Tyzavan (brand)
2621887,Tzield (brand)
405371,U-Cort (brand)
220590,U-Lactin (brand)
21406,Ubidecarenone
39085,Ubiquinol
2626349,Ublituximab
2268222,Ubrelvy (brand)
2268216,Ubrogepant
1366551,Uceris (brand)
2102695,Udenyca (brand)
1089947,Ulcerease (brand)
853322,Ulesfia (brand)
1005921,Ulipristal
1309484,Ulmus rubra bark extract
834236,Uloric (brand)
2702867,Ulspira (brand)
1928854,Ultacan (brand)
220599,Ultane (brand)
153379,Ultiva (brand)
2107321,Ultomiris (brand)
220601,Ultra Mide (brand)
353062,Ultracet (brand)
220606,Ultram (brand)
1311650,Ultramarine blue
1487372,Ultrasal (brand)
57766,Ultravate (brand)
1487514,Umeclidinium
543363,Umecta (brand)
1942479,Umirolimus
57773,Unasyn (brand)
1355807,Undaria pinnatifida extract
1811767,Undecane
2044371,Undecanedioic acid
2693246,Undecatrex (brand)
1733673,Undeceth-5
1356141,Undeceth-7
314881,Undecylenate
1426671,Undecylenoyl glycine
220612,Unguentine (brand)
220665,Unifiber (brand)
220672,Unisom (brand)
1093099,Unisom Sleep (brand)
220674,Unisom with Pain Relief (brand)
284910,Unithroid (brand)
1606279,Unituxin (brand)
2717520,Unloxcyt (brand)
2196092,Upadacitinib
2373956,Uplizna (brand)
2391750,Upneeq (brand)
1729008,Uptravi (brand)
828272,Uramaxin (brand)
11002,Urea
220681,Ureacin-10 (brand)
168479,Ureacin-20 (brand)
353527,Urelle (brand)
220683,Uretron DS (brand)
220684,Urex (brand)
998338,Uribel (brand)
2670302,Uribel Tabs (brand)
672813,Uricalm (brand)
11017,Uridine
1665222,Uridine triacetate
353067,Uristat (brand)
1597576,Uro-Blue (brand)
94474,Uro-Mag (brand)
220697,Urocit-K (brand)
356728,UroXatral (brand)
2045735,Ursadiol
220706,Urso (brand)
544268,Urso Forte (brand)
62427,Ursodeoxycholate
2745298,Ursolign (brand)
1309281,Urtica dioica leaf extract
847083,Ustekinumab
1039802,Ustell (brand)
852597,Utah juniper pollen extract
405385,Utira (brand)
1436934,Utopic (brand)
285101,Uvadex (brand)
2636035,Uzedy (brand)
1946647,Vabomere (brand)
1945213,Vaborbactam
2720340,Vabrinty (brand)
2591590,Vabysmo (brand)
1668221,Vaccinia virus
1794167,Vaccinium macrocarpon whole extract
1309257,Vaccinium myrtillus leaf extract
1370109,Vaccinium myrtillus whole extract
1363469,Vachellia farnesiana flower extract
2679296,Vadadustat
2679302,Vafseo (brand)
152483,Vagifem (brand)
849739,Vagisil Original Formula (brand)
1039350,Vagisil Satin (brand)
1039547,Vagisil Wipes (brand)
227386,Vagistat (brand)
220719,Vagistat-1 (brand)
73645,Valacyclovir
1918219,Valbenazine
1437556,Valchlor (brand)
304959,Valcyte (brand)
253206,Valerian root extract
275891,Valganciclovir
11115,Valine
202472,Valium (brand)
1111024,Valley oak pollen extract
2641610,Valoctocogene roxaparvovec
40254,Valproate
31435,Valrubicin
69749,Valsartan
220725,Valstar (brand)
2272614,Valtoco (brand)
152490,Valtrex (brand)
2669799,Vamorolone
1940455,Vanacof AC (brand)
11121,Vanadium
220735,Vanadom (brand)
2058504,Vanalice (brand)
1789741,Vanamine (brand)
1648579,Vanatol (brand)
202368,Vancocin (brand)
11124,Vancomycin
606381,Vandazole (brand)
1098413,Vandetanib
2643055,Vanflyta (brand)
901291,Vanilla bean allergenic extract
2275721,Vanilla bean extract
1368176,Vanillin
1313189,Vanillyl butyl ether
543481,Vanos (brand)
220750,Vanoxide-HC (brand)
220751,Vanquish (brand)
2710455,Vanrafia (brand)
2701431,Vanzacaftor
1432503,Vaporex (brand)
616622,Vaprisol (brand)
115386,Vaqta (brand)
306674,Vardenafil
591622,Varenicline
1986821,Varicella zoster virus glycoprotein E
39385,Varicella-zoster immune globulin
1484399,Varithena (brand)
287578,Varivax (brand)
1365975,Varizig (brand)
1673368,Varubi (brand)
1304980,Vascepa (brand)
224932,Vaseline (brand)
175128,Vaseretic (brand)
2673585,Vasicinone
1942960,Vasoactive intestinal peptide
1119548,Vasoflex D1 (brand)
1593734,Vasostrict (brand)
224921,Vasotec (brand)
1812946,Vaxchora (brand)
2109616,Vaxelis (brand)
2566418,Vaxneuvance (brand)
2563423,Vazalore (brand)
1542381,Vazculep (brand)
220714,VCF Contraceptive (brand)
1373003,Vecamyl (brand)
675979,Vectibix (brand)
831894,Vectical (brand)
71535,Vecuronium
1538097,Vedolizumab
2627652,Vegzelma (brand)
2395498,Veklury (brand)
901805,Velaglucerase alfa
356733,Velcade (brand)
1009213,Veletri (brand)
2746002,Veligrotug
2630725,Velmanase alfa
1799206,Velpatasvir
1484290,Velphoro (brand)
2668052,Velsipity (brand)
1716210,Veltassa (brand)
999924,Veltin (brand)
852514,Velvet grass pollen extract
1858262,Vemlidy (brand)
1147220,Vemurafenib
1747562,Venclexta (brand)
992579,Venelex (brand)
1747556,Venetoclax
39786,Venlafaxine
136209,Venofer (brand)
591568,Ventavis (brand)
8887,Ventolin (brand)
2702677,Venxxiva (brand)
2663947,Veopoz (brand)
2637142,Veozah (brand)
2743350,Vepdegestrant
203058,Vepesid (brand)
2743356,Veppanu (brand)
11170,Verapamil
1307970,Verbascum densiflorum leaf extract
1545042,Verbascum thapsus leaf extract
669747,Verdeso (brand)
1542976,Verdrocet (brand)
672820,Veregen (brand)
220778,Verelan (brand)
2475830,Vericiguat
824886,Veripred (brand)
2590609,Verkazia (brand)
202972,Vermox (brand)
1309952,Veronica officinalis flowering top extract
2119174,Veronica officinalis whole extract
2475847,Verquvo (brand)
1369826,Versacloz (brand)
405390,Versiclear (brand)
118886,Verteporfin
1946831,Verzenio (brand)
539812,Vesicare (brand)
1989819,Vestronidase alfa
1307788,Vetiver oil
1309956,Vetiveria zizanioides root extract
2639937,Vevye (brand)
338272,Vfend (brand)
1926466,Viabecline (brand)
1244926,Viactiv Calcium Plus D (brand)
190465,Viagra (brand)
864628,Vibativ (brand)
2472254,Vibegron
1653787,Viberzi (brand)
202975,Vibramycin (brand)
2001816,Viburnum opulus whole extract
220826,Vicoprofen (brand)
897123,Victoza (brand)
11194,Vidarabine
545203,Vidaza (brand)
14851,Vigabatrin
2047863,Vigadrone (brand)
2685218,Vigafyde (brand)
405392,Vigamox (brand)
2668477,Vigpoder (brand)
1086773,Viibryd (brand)
2598454,Vijoice (brand)
1424884,Vilanterol
1086769,Vilazodone
2639620,Vilobelimab
11196,Viloxazine
2389845,Viltepso (brand)
2389840,Viltolarsen
1490048,Vimizim (brand)
2707128,Vimkunya (brand)
1372705,Vimovo (brand)
809979,Vimpat (brand)
2705378,Vimseltinib
11198,Vinblastine
227575,Vincasar (brand)
2053444,Vincetoxicum atratum root extract
2583629,Vincetoxicum atratum whole extract
11202,Vincristine
39541,Vinorelbine
1368177,Vinyl acetate
1544135,Vinylpyrrolidone-eicosene copolymer
1551570,Vinylpyrrolidone-hexadecene copolymer
2167853,Vinyltrimethylsilyloxy silicate
1245781,Viokace (brand)
2641893,Viola adunca whole extract
2586083,Viola patrinii whole extract
2103289,Viola philippica whole extract
1371996,Viola tricolor extract
2597054,Vipivotide tetraxetan
134526,Viracept (brand)
224890,Viramune (brand)
1095690,Virasal (brand)
204276,Virazole (brand)
323726,Viread (brand)
2374348,Viridiflorol
1999404,Visco-3 (brand)
39605,Viscoat (brand)
227581,Visine (brand)
1242987,Vismodegib
282519,Vistaril (brand)
2264367,Vistaseal (brand)
1739795,Vistogard (brand)
261696,Visudyne (brand)
801169,Vita-Respa (brand)
1119570,Vitafol-One (brand)
11246,Vitamin A
11251,Vitamin B complex
11248,Vitamin B12
42954,Vitamin B6
11253,Vitamin D
11256,Vitamin E
11258,Vitamin K
8308,Vitamin K1
42781,Vitamin K2
2607025,Vitamin MK6
2001758,Vitamin MK7
1311686,Vitex trifolia fruit extract
1309486,Vitis vinifera fruit oil
1307966,Vitis vinifera seed extract
2105640,Vitrakvi (brand)
2623998,Vitreoscilla lysate extract
1090069,Viva-Drops Lubricating Eye Drops (brand)
997822,Vivacaine (brand)
220917,Vivarin (brand)
220918,Vivelle (brand)
2622910,Vivimusta (brand)
636556,Vivitrol (brand)
2602583,Vivjoa (brand)
1722350,Vivlodex (brand)
762599,Vivotif (brand)
2058916,Vizimpro (brand)
2721772,Vizz (brand)
2475200,Vocabria (brand)
2475166,Voclosporin
1539902,Vogelxo (brand)
2637345,Volanesorsen
202976,Voltaren (brand)
11274,Von Willebrand factor
1812589,Vonicog alfa
2595249,Vonjo (brand)
2604577,Vonoprazan
1812594,Vonvendi (brand)
2669508,Voquezna (brand)
2690654,Voranigo (brand)
1537034,Vorapaxar
2690647,Vorasidenib
1242132,Voraxaze (brand)
1995537,Voretigene neparvovec
121243,Voriconazole
194337,Vorinostat
1455099,Vortioxetine
1939330,Vosevi (brand)
2586354,Vosoritide
2727325,Vostally (brand)
867503,Votrient (brand)
2636543,Vowst (brand)
1939323,Voxilaprevir
2586365,Voxzogo (brand)
2678958,Voydeya (brand)
2728402,Voyxact (brand)
901809,Vpriv (brand)
1667661,Vraylar (brand)
2602302,Vtama (brand)
2261398,Vtol (brand)
2584553,Vuity (brand)
2261789,Vumerity (brand)
617627,Vusion (brand)
2604578,Vutrisiran
2695784,Vyalev (brand)
2735816,Vybrique (brand)
2283050,Vyepti (brand)
2637763,Vyjuvek (brand)
2711550,Vykat (brand)
2735356,Vykoura (brand)
2176317,Vyleesi (brand)
2695877,Vyloy (brand)
2168535,Vyndamax (brand)
2168543,Vyndaqel (brand)
2267212,Vyondys 53 (brand)
2721530,Vyscoxa (brand)
220926,Vytone (brand)
495215,Vytorin (brand)
711043,Vyvanse (brand)
2587725,Vyvgart (brand)
2639953,Vyvgart Hytrulo (brand)
1942744,Vyxeos (brand)
1988395,Vyzulta (brand)
2671946,Wainua (brand)
2197885,Wakix (brand)
1482528,Wal Zyr 24 Hour Allergy (brand)
977496,Wal Zyr D (brand)
1014651,Wal-Act (brand)
1086951,Wal-Dram (brand)
1673792,Wal-Dram 2 (brand)
1053139,Wal-Dryl (brand)
1090073,Wal-Dryl Allergy (brand)
1086764,Wal-Dryl Childrens (brand)
1608060,Wal-Dryl PE (brand)
1087034,Wal-Dryl-D (brand)
1116525,Wal-Fex (brand)
1190326,Wal-Fex D (brand)
692677,Wal-finate (brand)
1087044,Wal-Four (brand)
1423962,Wal-Hist 12 HR Relief (brand)
700794,Wal-itin (brand)
1014655,Wal-itin D (brand)
1087164,Wal-Mucil (brand)
643092,Wal-Phed (brand)
1090084,Wal-Phed PE (brand)
643099,Wal-Profen (brand)
643130,Wal-Proxen (brand)
1363470,Wal-Sleep Z (brand)
1437719,Wal-Som (brand)
1090453,Wal-Som Maximum Strength (brand)
1090509,Wal-vert (brand)
1086791,Wal-Zyr (brand)
1090043,Wal-Zyr Itchy Eye (brand)
11289,Warfarin
1309429,Wasabi root extract
2747663,Waskyra (brand)
260051,Wasp venom protein
11295,Water
852166,Water birch pollen extract
1013944,Water oak pollen extract
901258,Watermelon allergenic extract
2722404,Wayrilz (brand)
1117083,Weakleaf bur ragweed pollen extract
2553502,Wegovy (brand)
284918,Welchol (brand)
2567232,Welireg (brand)
42568,Wellbutrin (brand)
1305654,West Indian lemongrass oil
220938,Westcort (brand)
852589,Western juniper pollen extract
851985,Western ragweed pollen extract
852750,Western sycamore pollen extract
851934,Western waterhemp pollen extract
852659,Western wheatgrass pollen extract
900743,Western white pine pollen extract
1297535,Western yellow jacket venom protein
220939,Westhroid (brand)
2700671,Wezlana (brand)
637366,Wheat dextrin
72385,Wheat germ oil
314896,Wheat germ preparation
867361,Wheat pollen extract
852797,Wheat smut allergenic extract
851910,White alder pollen extract
852450,White ash pollen extract
852193,White hickory pollen extract
1307721,White mulberry extract
852669,White mulberry pollen extract
1319902,White oak bark extract
852294,White oak pollen extract
1011633,White pepper allergenic extract
1442510,White pepper oil
1306057,White pine oil
852382,White poplar pollen extract
1315124,White rice extract
1651698,White tea extract
11327,White wax
901299,Whole wheat allergenic extract
2727453,Widaplik (brand)
884739,Wilate (brand)
2286806,Wild thyme extract
2469933,Wilzin (brand)
892317,Wine grape allergenic extract
852074,Wing scale pollen extract
2474345,Winlevi (brand)
2678938,Winrevair (brand)
220945,WinRho (brand)
89821,Witch hazel
1307643,Withania somnifera flower extract
1309279,Withania somnifera root extract
2110506,Wixela (brand)
2697972,Wolfiporia cocos sclerotium extract
1309324,Wormwood extract
1305653,Wormwood oil
852007,Wormwood sage pollen extract
1437269,WP Thyroid (brand)
2471874,Wynzora (brand)
2715388,Wyost (brand)
1087003,X-Seb T Pearl (brand)
220957,X-Seb T Plus (brand)
2665013,Xacduro (brand)
2587811,Xaciato (brand)
1922467,Xadago (brand)
153159,Xalatan (brand)
1986361,Xalix (brand)
1148499,Xalkori (brand)
202363,Xanax (brand)
2694828,Xanomeline
1307815,Xanthan gum
1311687,Xanthium strumarium fruit extract
2395793,Xaracoll (brand)
1114199,Xarelto (brand)
1921593,Xatmep (brand)
2726036,Xbryk (brand)
2265696,Xcopri (brand)
2644508,Xdemvy (brand)
1357542,Xeljanz (brand)
220961,Xeloda (brand)
2056744,Xelpros (brand)
2624703,Xelstrym (brand)
2196293,Xembify (brand)
594629,Xenazine (brand)
226918,Xenical (brand)
2198949,Xenleta (brand)
2610412,Xenpozyme (brand)
1000108,Xeomin (brand)
1994746,Xepi (brand)
94611,Xerac AC (brand)
2055912,Xerava (brand)
998423,Xerese (brand)
1872484,Xermelo (brand)
1046399,Xgeva (brand)
1946584,Xhance (brand)
898496,Xiaflex (brand)
2705053,Xiclo (brand)
539786,XIFAXAN (brand)
2717316,Xifyrm (brand)
1592713,Xigduo (brand)
1801836,Xiidra (brand)
1302651,Ximino (brand)
2585222,Xipere (brand)
2745994,Xocova (brand)
1424215,Xofigo (brand)
2100001,Xofluza (brand)
356767,Xolair (brand)
647366,Xolegel (brand)
1432483,Xolido (brand)
2684027,Xolremdi (brand)
261702,Xopenex (brand)
2105812,Xospata (brand)
1093360,Xoten (brand)
1125490,Xoten-C (brand)
2669441,Xphozah (brand)
2178397,Xpovio (brand)
2696074,Xromi (brand)
1790528,Xtampza (brand)
1307304,Xtandi (brand)
1598646,Xtoro (brand)
2725592,Xtrenbo (brand)
1536581,Xulane (brand)
1860168,Xultophy (brand)
1665468,Xuriden (brand)
1099660,Xylazine
11377,Xylitol
1314249,Xylitylglucoside
202398,Xylocaine (brand)
746946,Xylocaine with Epinephrine (brand)
39841,Xylometazoline
792675,Xyntha (brand)
2099682,Xyosted (brand)
353098,Xyrem (brand)
2735119,Xyvona (brand)
2393800,Xywav (brand)
398335,Xyzal (brand)
2642345,Yargesa (brand)
1309259,Yarrow flower extract
2732300,Yartemlea (brand)
2643438,Ycanth (brand)
852209,Yellow dock pollen extract
1297537,Yellow hornet venom protein
285170,Yellow jacket venom protein
1874282,Yellow OB
852716,Yellow pine pollen extract
1094837,Yervoy (brand)
2749099,Yesafili (brand)
1987403,Yescarta (brand)
2705583,Yesintek (brand)
2717192,Yeztugo (brand)
220976,YF-Vax (brand)
2706388,Yimmugo (brand)
220982,Yohimbine
1718590,Yondelis (brand)
2046580,Yonsa (brand)
2693639,Yorvipath (brand)
1811911,Yosprala (brand)
2749384,Your Choice (brand)
1312084,Yucca glauca root extract
1425403,Yucca schidigera extract
1307701,Yucca schidigera root extract
2376938,Yucca schidigera stem
2639653,Yuflyma (brand)
2745122,Yulithira (brand)
2102780,Yupelri (brand)
2640391,Yusimry (brand)
2099362,Yutiq (brand)
2714660,Yutrepia (brand)
1797109,Yuvafem (brand)
2736934,Yuvezzi (brand)
2739525,Yuviwel (brand)
1734938,Z-Bum (brand)
1737550,Z-Guard (brand)
1488697,Z-Sleep (brand)
261705,Zaditor (brand)
2531280,Zafemy (brand)
114970,Zafirlukast
2624742,Zaire ebolavirus envelope glycoprotein
74667,Zaleplon
1304480,Zaltrap (brand)
153736,Zanaflex (brand)
69722,Zanamivir
2698198,Zanidatamab
220991,Zanosar (brand)
1360629,Zanthoxylum bungeanum fruit extract
1369690,Zanthoxylum bungeanum whole extract
1365708,Zanthoxylum nitidum root extract
2262435,Zanubrutinib
202981,Zarontin (brand)
1605067,Zarxio (brand)
2637955,Zavegepant
356766,Zavesca (brand)
2637975,Zavzpret (brand)
2744820,Zaynich (brand)
1437789,Zeasorb (brand)
39918,Zeaxanthin
221003,Zebutal (brand)
2535239,Zegalogue (brand)
2719232,Zegfrovy (brand)
1314423,Zein
1918237,Zejula (brand)
643054,Zelapar (brand)
1147224,Zelboraf (brand)
339855,Zelnorm (brand)
2716497,Zelsuvmi (brand)
2712683,Zelvysia (brand)
405405,Zemaira (brand)
1738577,Zembrace (brand)
2049554,Zemdri (brand)
221005,Zemplar (brand)
1373328,Zenatane (brand)
2749738,Zenbexus (brand)
2699588,Zenocutuzumab
1117097,Zenpep (brand)
1425332,Zenzedi (brand)
2281673,Zeolite A
1734637,Zepatier (brand)
2669702,Zepbound (brand)
1358998,Zephrex-D (brand)
2288407,Zeposia (brand)
2374734,Zepzelca (brand)
1597616,Zerbaxa (brand)
2119477,Zerviate (brand)
85783,Zestoretic (brand)
196472,Zestril (brand)
353099,Zetia (brand)
1242799,Zetonna (brand)
2713348,Zevaskyn (brand)
2703562,Zevtera (brand)
75038,Ziac (brand)
221017,Ziagen (brand)
669774,Ziana (brand)
405409,Zicam Sinus Relief (brand)
68503,Ziconotide
2744813,Zidebactam
2748283,Zidesamtinib
11413,Zidovudine
2260705,Ziextenzo (brand)
2725985,Ziftomenib
2698207,Ziihera (brand)
1090031,ZIKS Pain Relief (brand)
221019,Zilactin B (brand)
866354,Zilactin Cold Sore (brand)
849753,Zilactin-L Cold Sore Liquid (brand)
2672498,Zilbrysq (brand)
40575,Zileuton
1947125,Zilretta (brand)
2672489,Zilucoplan
2375334,Zilxi (brand)
2589614,Zimhi (brand)
11416,Zinc
58295,Zinc acetate
236142,Zinc aspartate
39935,Zinc carbonate
1546264,Zinc cation
39937,Zinc chloride
236911,Zinc citrate
58300,Zinc gluconate
1306063,Zinc glycinate
11423,Zinc oxide
1602285,Zinc phosphate
58301,Zinc picolinate
39952,Zinc pyrithione
39954,Zinc sulfate
11431,Zinc-DTPA
39963,Zincon (brand)
1372563,Zingiber officinale whole extract
729238,Zingo (brand)
1855053,Zinplava (brand)
2264103,Zionodil (brand)
1244612,Zioptan (brand)
115698,Ziprasidone
858343,Zipsor (brand)
2268040,Zirabev (brand)
1534771,Zirconium
864647,Zirgan (brand)
1245900,Zithranol (brand)
196474,Zithromax (brand)
2677156,Zituvimet (brand)
2670442,Zituvio (brand)
196503,Zocor (brand)
1442523,Zohydro (brand)
2467583,Zokinvy (brand)
58328,Zoladex (brand)
2695869,Zolbetuximab
77655,Zoledronic acid
2170231,Zolgensma (brand)
2734122,Zoliflodacin
682524,Zolinza (brand)
135775,Zolmitriptan
82728,Zoloft (brand)
39993,Zolpidem
2725616,Zolymbus (brand)
1648156,Zomacton (brand)
153354,Zomig (brand)
9801,Zonalon (brand)
261708,Zonegran (brand)
2721604,Zongertinib
2606783,Zonisade (brand)
39998,Zonisamide
1537040,Zontivity (brand)
1193236,Zooby Fluoride Foam (brand)
2723361,Zopapogene imadenovec
405411,Zorbtive (brand)
584570,Zorcaine (brand)
977428,Zortress (brand)
1442117,Zorvolex (brand)
2608535,Zoryve (brand)
1798359,Zostera marina whole extract
94650,Zostrix (brand)
284923,Zostrix Sports (brand)
74170,Zosyn (brand)
152535,Zovirax (brand)
2604695,Ztalmy (brand)
2001435,ZTlido (brand)
1431077,Zubsolv (brand)
2121782,Zulresso (brand)
2690633,Zunveyl (brand)
2669905,Zuranolone
2720808,Zurnai (brand)
2669911,Zurzuvae (brand)
2719767,Zusduri (brand)
2730291,Zybic (brand)
967018,Zyclara (brand)
2732220,Zycubo (brand)
1544466,Zydelig (brand)
221047,Zyflo (brand)
1535463,Zykadia (brand)
545256,Zylet (brand)
203600,Zyloprim (brand)
992396,Zymaxid (brand)
2675744,Zymfentra (brand)
2540970,Zynlonta (brand)
2560324,Zynrelef (brand)
2610355,Zynteglo (brand)
2632987,Zynyz (brand)
2001255,Zypitamag (brand)
135423,Zyprexa (brand)
58930,Zyrtec (brand)
353102,Zyrtec-D (brand)
1100076,Zytiga (brand)
261710,Zyvox (brand)
1233547,Zzzquil (brand)
