name,label
OTHER,Other (not in list)
1003380001,6q16 microdeletion syndrome
71988008,Aase syndrome
14886009,Abdominal heart
281566005,Abdominothoracic neuroblastoma
29375001,Abnormal number of cardiac valve cusps
36133000,Abnormal position of cardiac valve
230679002,Abnormality of synaptic vesicles
12435008,Abrasion and/or friction burn of anus with infection
9802006,Abrasion and/or friction burn of buttock with infection
8748000,Abrasion and/or friction burn of hip with infection
10920005,Abrasion and/or friction burn of lip with infection
26652002,Abrasion and/or friction burn of scalp with infection
10995009,Abrasion and/or friction burn of scapular region with infection
714002,Abrasion and/or friction burn of toe with infection
783161005,ABri amyloidosis
1085131000119105,Abscess of intestine co-occurrent and due to chronic ulcerative pancolitis
1085231000119100,Abscess of intestine co-occurrent and due to chronic ulcerative rectosigmoiditis
1085901000119101,Abscess of intestine co-occurrent and due to Crohn's disease
1085751000119100,Abscess of intestine co-occurrent and due to Crohn's disease of large intestine
1085851000119105,Abscess of intestine co-occurrent and due to Crohn's disease of small intestine
1092841000119100,Abscess of intestine co-occurrent and due to ulcerative colitis
27916005,Abscess of liver
6033008,Abscess of pouch of Douglas
102452004,Abscess of thyroid
102803006,Absence of renin secretion
112066009,Absent renal function
254654004,Acantholytic squamous cell carcinoma of skin
4313003,Acardiacus anceps
16797001,Accelerated atrioventricular conduction
61277005,Accelerated idioventricular rhythm
402427003,Accelerated rheumatoid nodulosis
402428008,Accelerated rheumatoid nodulosis caused by methotrexate
30275001,Accessory kidney
71728002,Accessory liver
65237009,Accessory thyroid gland
230671004,Acetylcholine resynthesis deficiency
80875006,Achlorhydric anemia
703802001,Acquired angioedema due to C1 inhibitor autoantibody
55907008,Acquired aplastic anemia
70668000,Acquired arteriovenous fistula of liver
2772003,Acquired epidermolysis bullosa
230438007,Acquired epileptic aphasia
18662002,Acquired Heinz body anemia
4854004,Acquired hemolytic anemia
111566002,Acquired hypothyroidism
236406007,Acquired immune deficiency syndrome-related nephropathy
420721002,Acquired immunodeficiency syndrome-associated disorder
5876000,Acquired pancytopenia
71064009,Acquired polycystic kidney disease
105999006,Acquired renal cystic disease
254732008,Acral lentiginous malignant melanoma of skin
4340003,Acrodermatitis atrophicans chronica
83839005,Acrodermatitis continua of Hallopeau
239098009,Acropustulosis of infancy
14390004,Actinobacillary mastitis
14036002,Actinobacillosis caused by Actinobacillus salpingitis
16140007,Actinobacillus infection
11817007,Actinomycotic infection
764453009,Action myoclonus renal failure syndrome
402311006,Actively extending plaque psoriasis
3163006,Acute adenoviral follicular conjunctivitis
9953008,Acute alcoholic liver disease
197268000,Acute and subacute liver necrosis
52035003,Acute anteroapical myocardial infarction
62695002,Acute anteroseptal myocardial infarction
11939005,Acute arthritis
281239006,Acute asthma
402398001,Acute autoimmune urticaria
18920006,Acute bacterial arthritis
21060003,Acute bacterial epiglottitis
17079009,Acute bacterial pericarditis
22352007,Acute bacterial tubulointerstitial nephritis
278453007,Acute biphenotypic leukemia
138389411000119105,Acute bronchitis caused by SARS-CoV-2
24059009,Acute cerebellar ataxia caused by varicella
370490006,Acute cholangiohepatitis
10633002,Acute congestive heart failure
49584005,Acute cor pulmonale
1119302008,Acute COVID-19
838359008,Acute cutaneous lupus erythematosus
712823008,Acute depression
197585004,Acute diffuse nephritis
58374007,Acute diffuse tuberculosis
83942000,Acute disseminated encephalomyelitis
182961000119101,Acute disseminated encephalomyelitis following infectious disease
32093003,Acute drug-induced tubulointerstitial nephritis
766044005,Acute encephalopathy with biphasic seizures and late reduced diffusion
420395004,Acute endocarditis with AIDS (acquired immunodeficiency syndrome)
708093000,Acute exacerbation of allergic asthma
99031000119107,Acute exacerbation of asthma co-occurrent with allergic rhinitis
442025000,Acute exacerbation of chronic asthmatic bronchitis
195951007,Acute exacerbation of chronic obstructive pulmonary disease
1751000119100,Acute exacerbation of chronic obstructive pulmonary disease with asthma
10674791000119101,Acute exacerbation of intermittent allergic asthma
708094006,Acute exacerbation of intrinsic asthma
10676271000119104,Acute exacerbation of moderate persistent allergic asthma
197583006,Acute exudative nephritis
123603008,Acute focal hepatitis
197584000,Acute focal nephritis
18917003,Acute fulminating type A viral hepatitis
13265006,Acute fulminating type B viral hepatitis
45042004,Acute fulminating viral hepatitis
91195006,Acute fungal tubulointerstitial nephritis
702617007,Acute generalized exanthematous pustulosis
402327004,Acute generalized pustular flare of preexisting plaque psoriasis
402326008,Acute generalized pustular psoriasis de novo
19351000,Acute glomerulonephritis
197582001,Acute glomerulonephritis associated with another disorder
20943002,Acute gonococcal cervicitis
24868007,Acute gonococcal cystitis
2390000,Acute gonococcal vulvovaginitis
17305005,Acute gonorrhea of genitourinary tract
402312004,Acute guttate psoriasis
56675007,Acute heart failure
402856005,Acute hemorrhagic edema of childhood
72986009,Acute hemorrhagic leukoencephalitis
197270009,Acute hepatic failure
722864002,Acute hepatic failure caused by hepatitis virus
37871000,Acute hepatitis
197271008,Acute hepatitis - non-infective
186626002,Acute hepatitis B with delta-agent (coinfection) without hepatic coma
235864009,Acute hepatitis B with hepatitis D
235866006,Acute hepatitis C
235867002,Acute hepatitis E
111880001,Acute HIV infection
10273003,Acute infarction of papillary muscle
773113008,Acute infectious hepatitis
66993009,Acute infectious tubulointerstitial nephritis
26071001,Acute infective arthritis
285381006,Acute infective exacerbation of chronic obstructive pulmonary disease
23950002,Acute infective polyarthritis
716723000,Acute inflammatory demyelinating polyradiculoneuropathy
14669001,Acute kidney injury
364006,Acute left-sided heart failure
969688801000119108,Acute left-sided ulcerative colitis
91855006,Acute leukemia
91854005,Acute leukemia in remission
16116004,Acute lymphadenopathic toxoplasmosis
371012000,"Acute lymphoblastic leukemia, transitional pre-B-cell"
91857003,Acute lymphoid leukemia
91856007,Acute lymphoid leukemia in remission
277602003,Acute megakaryoblastic leukemia
82430007,Acute megaloblastic anemia
73891003,Acute megaloblastic anemia caused by nitrous oxide
26944003,Acute megaloblastic anemia due to dialysis
62389006,Acute megaloblastic anemia due to severe illness
71855000,Acute megaloblastic anemia secondary to total parenteral nutrition
88380005,Acute milk alkali syndrome
91858008,Acute monocytic leukemia in remission
715770009,Acute motor axonal neuropathy
716722005,Acute motor sensory axonal neuropathy
91860005,Acute myeloid leukemia in remission
359648001,"Acute myeloid leukemia with maturation, FAB M2"
359640008,"Acute myeloid leukemia without maturation, FAB M1"
91861009,"Acute myeloid leukemia, disease"
359631009,"Acute myeloid leukemia, minimal differentiation, FAB M0"
110005000,"Acute myelomonocytic leukemia, FAB M4"
57054005,Acute myocardial infarction
54329005,Acute myocardial infarction of anterior wall
70211005,Acute myocardial infarction of anterolateral wall
59063002,Acute myocardial infarction of apical-lateral wall
64627002,Acute myocardial infarction of high lateral wall
65547006,Acute myocardial infarction of inferolateral wall
58612006,Acute myocardial infarction of lateral wall
70998009,Acute myocardial infarction of posterobasal wall
15990001,Acute myocardial infarction of posterolateral wall
46701001,Acute myocarditis
30328003,Acute myoendocarditis
11176009,Acute myopericarditis
197269008,Acute necrosis of liver
61503006,Acute nephritis
197580009,Acute nephritis with lesions of necrotizing glomerulitis
58574008,Acute nephropathy
190294007,Acute non-suppurative thyroiditis
14535005,Acute nonparalytic poliomyelitis
432733005,Acute osteoarthritis of shoulder region
19956000,Acute osteomyelitis of forearm
10188004,Acute osteomyelitis of hand
7587000,Acute osteomyelitis of shoulder region
109991003,Acute panmyelosis with myelofibrosis
53874003,Acute periendocarditis
42898009,Acute polyarthritis
68544003,Acute post-streptococcal glomerulonephritis
197579006,Acute proliferative glomerulonephritis
285769009,Acute promyelocytic leukemia - hypogranular variant
110004001,"Acute promyelocytic leukemia, FAB M3"
57192008,Acute pure red cell aplasia
783244002,Acute pure sensory neuropathy
2554006,Acute purulent pericarditis
32801008,Acute pyelitis
14343001,Acute pyelitis with renal medullary necrosis
3999002,Acute pyelitis without renal medullary necrosis
36689008,Acute pyelonephritis
7448003,Acute pyonephrosis with renal medullary necrosis
85495007,Acute pyonephrosis without renal medullary necrosis
40912001,Acute red atrophy of liver
230372003,Acute relapsing multiple sclerosis
36225005,Acute renal failure due to procedure
1155919006,Acute rheumatic aortitis
81077008,Acute rheumatic arthritis
1148763004,Acute rheumatic carditis
18192007,Acute rheumatic endocarditis
195528001,Acute rheumatic fever
312591002,Acute rheumatic heart disease
194709000,Acute rheumatic myocarditis
64072006,Acute rheumatic pancarditis
15676002,Acute rheumatic pericarditis
84871007,Acute rheumatic valvulitis
236503001,Acute scleroderma renal crisis
766049000,Acute sensory ataxic neuropathy
38800000,Acute serous synovitis
782513000,Acute severe exacerbation of allergic asthma
708090002,Acute severe exacerbation of asthma
10674711000119105,Acute severe exacerbation of asthma co-occurrent with allergic rhinitis
708095007,Acute severe exacerbation of immunoglobin E-mediated allergic asthma
708096008,Acute severe exacerbation of intrinsic asthma
10675911000119109,Acute severe exacerbation of mild persistent allergic asthma
707981009,Acute severe exacerbation of mild persistent asthma
10676431000119103,Acute severe exacerbation of moderate persistent allergic asthma
707980005,Acute severe exacerbation of moderate persistent asthma
10675471000119109,Acute severe exacerbation of severe persistent allergic asthma
707979007,Acute severe exacerbation of severe persistent asthma
733858005,Acute severe refractory exacerbation of asthma
70422006,Acute subendocardial infarction
372940009,Acute suppurative arthritis
372938004,Acute suppurative arthritis caused by bacteria
25476006,Acute suppurative thyroiditis
403486000,Acute systemic lupus erythematosus
190293001,Acute thyroiditis
4896000,Acute toxic hepatitis
25629007,Acute tuberculosis
35455006,Acute tubular necrosis
28637003,Acute tubulointerstitial nephritis
16751003,Acute tubulointerstitial nephritis associated with systemic infection
25102003,Acute type A viral hepatitis
76795007,Acute type B viral hepatitis
128600008,Acute ulcerative colitis
966011731000119103,Acute ulcerative pancolitis
453720571000119100,Acute ulcerative rectosigmoiditis
57412004,Acute viral hepatitis
237529005,Acute viral thyroiditis
27810000,Acute viral tubulointerstitial nephritis
307609003,Adamantinoma of long bone
783258000,ADan amyloidosis
76715008,Addison's disease due to autoimmunity
254887002,Adenocarcinoma of cervix
123845008,Adenocarcinoma of endometrium
276803003,Adenocarcinoma of esophagus
304545002,Adenocarcinoma of ileum
254988008,Adenocarcinoma of lacrimal gland
254626006,Adenocarcinoma of lung
255017003,Adenocarcinoma of non-pigmented epithelium of ciliary body
255016007,Adenocarcinoma of pigmented epithelium of ciliary body
399490008,Adenocarcinoma of prostate
254582000,Adenocarcinoma of rectum
301756000,Adenocarcinoma of sigmoid colon
255110003,Adenocarcinoma of urinary bladder
309245001,Adenocarcinoma of uterus
254987003,Adenoid cystic carcinoma of lacrimal gland
254619006,Adenoid cystic carcinoma of trachea
254711000,Adenoid cystic eccrine carcinoma of skin
385478001,Adenoma malignum
60968001,Adenomatous goiter
254888007,Adenosquamous carcinoma of cervix
13089009,Adenoviral bronchiolitis
65718001,Adenoviral myocarditis
23892008,Adiaspiromycosis
9095002,Adiaspiromycosis caused by Emmonsia crescens
62999006,Adiposogenital dystrophy
255035007,Adrenal carcinoma
281562007,Adrenal neuroblastoma
91867008,Adult form of celiac disease
238942002,Adult linear immunoglobulin A disease
43507005,Adult myxedema
239920006,Adult onset Still's disease
701003,Adult osteochondritis of spine
110007008,Adult T-cell leukemia/lymphoma
296526005,Adult-onset obesity
1231749004,Adult-onset overlap myositis
123717006,Advanced cirrhosis
107881000119100,Advanced collapse of scapholunate joint due to osteoarthritis
240531002,African Burkitt's lymphoma
27031003,African trypanosomiasis
397008008,Aggressive lymphadenopathic mastocytosis with eosinophilia
83458005,Agitated depression
421312009,Agranulocytosis with AIDS (acquired immunodeficiency syndrome)
62479008,AIDS
230301006,Akinetic-rigid form of Huntington's disease
16756008,Albuminuria in pregnancy without hypertension
361268000,Alcohol-induced epilepsy
50325005,Alcoholic fatty liver
235880004,Alcoholic fibrosis and sclerosis of liver
235881000,Alcoholic hepatic failure
235875008,Alcoholic hepatitis
41309000,Alcoholic liver damage
1234778004,Alcoholic steatohepatitis
302856006,Aleukemic leukemia
188728002,Aleukemic lymphoid leukemia
18342001,Algid malaria
16935003,Allergic arthritis
201972000,Allergic arthritis of multiple sites
201970008,Allergic arthritis of the ankle and/or foot
201967009,Allergic arthritis of the hand
201968004,Allergic arthritis of the pelvic region and thigh
201964002,Allergic arthritis of the shoulder region
389145006,Allergic asthma
703954005,Allergic asthma caused by Dermatophagoides farinae
703953004,Allergic asthma caused by Dermatophagoides pteronyssinus
63088003,Allergic asthma without status asthmaticus
426364002,Allergic hepatitis
68225006,Alopecia areata
1208892009,Alopecia areata of eyebrow
1208834007,Alopecia areata of eyelash
86166000,Alopecia universalis
788417006,"Alopecia, epilepsy, intellectual disability syndrome Moynahan type"
109982002,Alpha heavy chain disease (clinical)
123313007,"Alpha heavy chain disease, enteric form"
25050002,"Alpha heavy chain disease, respiratory form"
36467003,Alpha plus thalassemia
86242003,Alpha plus thalassemia deletion type
85422000,Alpha plus thalassemia non deletion type
68913001,Alpha thalassemia
66055002,Alpha zero thalassemia
30188007,Alpha-1-antitrypsin deficiency
190944000,Alpha-1-antitrypsin hepatitis
63702009,Alstrom syndrome
82351000119105,Altered behavior due to Pick's disease
97751000119108,Altered behavior in Alzheimer's disease
82361000119107,Altered behavior in Huntington's dementia
61804006,Alveolitis of jaw
40494007,Alveolitis of mandible
62385000,Alveolitis of maxilla
1259128002,Alzheimer disease with psychosis
26929004,Alzheimer's disease
142011000119109,Alzheimer's disease co-occurrent with delirium
26826005,Amebic appendicitis
27908001,Amebic brain abscess
8776008,Amebic cystitis
95897009,Amebic hepatitis
75119003,Amebic liver abscess
276751004,Amelanotic malignant melanoma of skin
230391003,Amygdalo-hippocampal temporal lobe epilepsy
48713002,Amyloid nephropathy
86044005,Amyotrophic lateral sclerosis
722987009,Amyotrophic lateral sclerosis plus syndrome
1201863001,Amyotrophic lateral sclerosis type 1
1208412003,Amyotrophic lateral sclerosis type 10
1201950008,Amyotrophic lateral sclerosis type 3
784341001,Amyotrophic lateral sclerosis type 4
1204334005,Amyotrophic lateral sclerosis type 6
1204349002,Amyotrophic lateral sclerosis type 7
1204350002,Amyotrophic lateral sclerosis type 8
1204351003,Amyotrophic lateral sclerosis type 9
1259126003,Amyotrophic lateral sclerosis with autonomic dysfunction
1259127007,Amyotrophic lateral sclerosis with cerebellar dysfunction
230258005,Amyotrophic lateral sclerosis with dementia
1259124000,Amyotrophic lateral sclerosis with frontotemporal dementia
1259125004,Amyotrophic lateral sclerosis with multiple system atrophy
1259122001,Amyotrophic lateral sclerosis with parkinsonism
1259129005,Amyotrophic lateral sclerosis with spinocerebellar ataxia
838276009,"Amyotrophic lateral sclerosis, parkinsonism, dementia complex"
1259123006,"Amyotrophic lateral sclerosis, parkinsonism, dementia complex of Kii Peninsula"
1259121008,"Amyotrophic lateral sclerosis, parkinsonism, dementia complex of West New Guinea"
59400006,Analgesic nephropathy
197629000,Anaphylactoid glomerulonephritis
13906002,Anaplasmosis
277461004,Anaplastic astrocytoma of brain
370987005,Anaplastic astrocytoma of spinal cord
255031003,Anaplastic thyroid carcinoma
22728002,Ancylostomiasis caused by Ancylostoma braziliense
7386008,Ancylostomiasis caused by Ancylostoma duodenale
238132000,Android obesity
271737000,Anemia
72501006,Anemia caused by arsenic hydride
862001,Anemia caused by chlorate
42461002,Anemia caused by copper
43707008,Anemia caused by heat
16645003,Anemia caused by insect venom
36919001,Anemia caused by lead
29551000,Anemia caused by oxygen
44288006,Anemia due to abnormality extrinsic to the red cell
59106005,Anemia due to decreased red cell production
82980005,Anemia due to diabetes mellitus
14514008,Anemia due to disturbance of hemoglobin synthesis
34247008,Anemia due to mechanical damage
45098004,Anemia due to multiple mechanisms
11491000,Anemia due to niacin deficiency
78677008,Anemia due to pantothenic deficiency
29177004,Anemia due to pentose phosphate pathway defect
85746008,Anemia due to protein deficiency
9764001,Anemia due to radiation
51667002,Anemia due to riboflavin deficiency
48580008,Anemia due to starvation
79035003,Anemia due to unknown mechanism
85570009,Anemia due to vitamin A deficiency
24962009,Anemia due to vitamin E deficiency
34629009,Anemia due to zinc deficiency
53743006,Anemia following fetal blood loss
45828008,"Anemia in mother complicating pregnancy, childbirth AND/OR puerperium"
30418008,Anemia of adrenal dysfunction
49708008,Anemia of chronic renal failure
31820007,Anemia of endocrine disorder
22347002,Anemia of gonadal dysfunction
69574002,Anemia of parathyroid dysfunction
60138009,Anemia of pituitary deficiency
27342004,Anemia of pregnancy
47100003,Anemia of prematurity
21914002,Anemia of thyroid dysfunction
50570003,Aneurysm of coronary vessels
65340007,Aneurysm of heart
785808002,Aneurysm osteoarthritis syndrome
59021001,Angina decubitus
61490001,"Angina, class I"
41334000,"Angina, class II"
109844006,Angiosarcoma of liver
254794007,Angiosarcoma of skin
187821001,Angiosarcoma of spleen
79031007,Anicteric type A viral hepatitis
53425008,Anicteric type B viral hepatitis
4846001,Anicteric viral hepatitis
10093004,Anisakiasis caused by larva of Anisakis simplex
9631008,Ankylosing spondylitis
239811003,Ankylosing spondylitis with multisystem involvement
239810002,Ankylosing spondylitis with organ / system involvement
17869006,Anomalous atrioventricular excitation
13453009,Anomalous muscle bands of left ventricle
55546004,Anomalous origin of left circumflex artery from right coronary artery
29934004,Anomalous pulmonary venous drainage to coronary sinus
32194006,Anomalous pulmonary venous drainage to hepatic veins
37639005,Anomalous pulmonary venous drainage to right atrium
788120007,Antenatal depression
195210002,Anterior cerebral artery syndrome
230714009,Anterior circulation stroke of uncertain pathology
230397004,Anterior frontopolar frontal lobe epilepsy
15682004,Anterior nasal diphtheria
1162336001,Anti-citrullinated protein antibody positive erosive rheumatoid arthritis
788613004,Anti-glomerular basement membrane disease
62853008,Anti-glomerular basement membrane tubulointerstitial nephritis
1228843008,Anti-p200 pemphigoid
838366009,Anti-synthetase syndrome due to dermatomyositis
66309005,Antibody-mediated anemia
50909009,Antifreeze oxalosis
26843008,Antiphospholipid syndrome
72161000119100,Antiphospholipid syndrome in pregnancy
445187004,Antisynthetase syndrome
1144974009,Antisynthetase syndrome due to polymyositis
26201005,Aortic left ventricular tunnel
8722008,Aortic valve disorder
60234000,Aortic valve regurgitation
67754003,Aortic valve sclerosis
60573004,Aortic valve stenosis
237505003,Apathetic thyrotoxicosis
239828000,Apatite-associated destructive arthritis
12372001,Apeu virus disease
421102007,Aplastic anemia with AIDS (acquired immunodeficiency syndrome)
253008000,Apudoma
254729005,Apudoma of skin
230454005,Aquagenic epilepsy
16766000,Arbovirus hemorrhagic fever
31742004,Arteriohepatic dysplasia
90493000,Arteriolar nephrosclerosis
191464005,Arteriosclerotic dementia with delirium
191466007,Arteriosclerotic dementia with depression
191465006,Arteriosclerotic dementia with paranoia
84150000,Arteriovenous malformation of liver
3723001,Arthritis
21534009,Arthritis caused by Escherichia coli
10193001,Arthritis caused by Pseudomonas
239781004,Arthritis caused by Spirochaetales
8161000119106,Arthritis co-occurrent and due to Crohn's disease
281351006,Arthritis due to bleeding disorder
239782006,Arthritis due to parasitic infection
239790006,Arthritis following intestinal bypass
19514005,Arthritis mutilans
68449006,Arthritis of hip
371081002,Arthritis of knee
371082009,Arthritis of spine
91944005,Arthritis of temporomandibular joint
109663009,Arthritis of temporomandibular joint as part of polyarthritis
109664003,Arthritis of temporomandibular joint caused by internal joint prosthesis
237876008,Arthritis secondary to amyloidosis
281350007,Arthritis secondary to hematological malignancy
202046009,Arthritis secondary to malignancy
239822004,Arthritis secondary to non-hematological malignancy
53338001,Arthropathy associated with a hypersensitivity reaction
201732000,Arthropathy associated with dermatological disorder
201733005,Arthropathy associated with respiratory disorder
201491005,Arthropathy in Behcet's syndrome of the ankle and/or foot
201488005,Arthropathy in Behcet's syndrome of the hand
201489002,Arthropathy in Behcet's syndrome of the pelvic region and thigh
201485008,Arthropathy in Behcet's syndrome of the shoulder region
201552002,Arthropathy of the ankle and/or foot associated with helminthiasis
201549005,Arthropathy of the hand associated with helminthiasis
201550005,Arthropathy of the pelvic region and thigh associated with helminthiasis
201546003,Arthropathy of the shoulder region associated with helminthiasis
2435008,Ascariasis
26918003,Ascending cholangitis
315019000,Aseptic meningitis due to human immunodeficiency virus infection
61852001,Ask-Upmark kidney
10446001,Aspergilloma
10692681000119108,Aspirin exacerbated respiratory disease
407674008,Aspirin-induced asthma
195967001,Asthma
56968009,Asthma caused by wood dust
10742121000119104,Asthma in mother complicating childbirth
72301000119103,Asthma in pregnancy
401000119107,Asthma with irreversible airway obstruction
55570000,Asthma without status asthmaticus
10692761000119107,Asthma-chronic obstructive pulmonary disease overlap syndrome
405944004,Asthmatic bronchitis
233691007,Asthmatic pulmonary eosinophilia
254938000,Astrocytoma of brain
254948003,Astrocytoma of spinal cord
250127009,Asymmetrical arthritis
91947003,Asymptomatic human immunodeficiency virus infection
91948008,Asymptomatic human immunodeficiency virus infection in pregnancy
720519003,"Atherosclerosis, deafness, diabetes, epilepsy, nephropathy syndrome"
55838005,Athyrotic hypothyroidism sequence
36665001,Atrial aneurysm
17366009,Atrial arrhythmia
49436004,Atrial fibrillation
5370000,Atrial flutter
70142008,Atrial septal defect
60732002,"Atrial septal defect with endocardial cushion defect, partial type"
50799005,Atrioventricular dissociation
266356006,Atrophic (senile) emphysema
1351677008,Atrophic Hashimoto thyroiditis
197659005,Atrophy of kidney
89835009,Atrophy of liver
237558008,Atrophy of thyroid - acquired
191659001,Atypical depressive disorder
530558861000132104,Atypical diabetes mellitus
307341004,Atypical hairy cell leukemia
725146001,Atypical juvenile parkinsonism
765216006,Audiogenic epilepsy
68583001,Auricular dilatation
733623005,"Autism spectrum disorder, epilepsy, arthrogryposis syndrome"
1197704005,Autoantibody negative autoimmune hepatitis
1259089005,Autoimmune acquired autonomic encephalomyelitis
402401003,Autoimmune angioedema
1259105003,Autoimmune brachial neuritis
723004005,Autoimmune bullous dermatosis
1254884001,Autoimmune bullous dermatosis due to drug
1259088002,Autoimmune cerebellar degeneration
1259086003,Autoimmune cerebellar inflammation
713654004,Autoimmune cholangitis
362992004,Autoimmune connective tissue disorder
85828009,Autoimmune disease
1259077008,Autoimmune disorder of autonomic nerve
1259090001,Autoimmune disorder of autonomic nervous system
232308006,Autoimmune disorder of inner ear
95643007,Autoimmune encephalitis
1259087007,Autoimmune encephalitis caused by N-methyl-D-aspartate receptor antibody
765751002,Autoimmune encephalopathy with parasomnia and obstructive sleep apnea
237822008,Autoimmune endocrine disease
235728001,Autoimmune enteropathy
838330008,Autoimmune ganglionopathy
1208833001,Autoimmune generalized polymyoclonus
413603009,Autoimmune hemolytic anemia
11781007,Autoimmune hemolytic anemia caused by complement
91411007,Autoimmune hemolytic anemia caused by immunoglobulin A
33491002,Autoimmune hemolytic anemia caused by immunoglobulin A plus complement
5603006,Autoimmune hemolytic anemia caused by immunoglobulin G
62609001,Autoimmune hemolytic anemia caused by immunoglobulin G plus complement
71832003,Autoimmune hemolytic anemia caused by immunoglobulin M
718716008,Autoimmune hemolytic anemia mixed type
127061005,"Autoimmune hemolytic anemia, categorized by antibody class AND/OR complement"
408335007,Autoimmune hepatitis
721711009,Autoimmune hepatitis type 1
721712002,Autoimmune hepatitis type 2
721713007,Autoimmune hepatitis type 3
75316000,Autoimmune hypoparathyroidism
237706000,Autoimmune hypophysitis
1186855002,Autoimmune hypopituitarism
237519003,Autoimmune hypothyroidism
443899007,Autoimmune inflammation of skeletal muscle
1208830003,Autoimmune interstitial keratitis
1222679006,"Autoimmune interstitial lung disease, arthritis syndrome"
723022008,Autoimmune keratitis
123777002,Autoimmune leukopenia
1300193002,Autoimmune limbic encephalitis
235890007,Autoimmune liver disease
1197361002,Autoimmune lymphoproliferative syndrome due to CTLA4 haploinsufficiency
1186859008,Autoimmune male infertility
1259084000,Autoimmune movement disorder
1259085004,Autoimmune myelopathy
722991004,Autoimmune myopathy
715863001,Autoimmune necrotizing myopathy
276575001,Autoimmune neonatal thrombocytopenia
1259104004,Autoimmune neuritis
1259103005,Autoimmune neuritis of nerve root and/or plexus
234425008,Autoimmune neutropenia
838324008,Autoimmune optic neuropathy
448542008,Autoimmune pancreatitis
722872000,Autoimmune pancreatitis type 1
1197740007,Autoimmune pancreatitis type 2
183005,Autoimmune pancytopenia
190454008,Autoimmune parathyroiditis
1259102000,Autoimmune peripheral motor neuropathy
449731009,Autoimmune polyendocrine syndrome type 3
449730005,Autoimmune polyendocrine syndrome type 4
41864002,Autoimmune polyendocrinopathy
237790001,Autoimmune primary ovarian failure
838551007,Autoimmune progesterone dermatitis
707443007,Autoimmune pulmonary alveolar proteinosis
1208829008,Autoimmune retinitis
724809006,Autoimmune retinopathy
1259100008,Autoimmune sensorimotor neuropathy
428470000,Autoimmune sensorineural hearing loss
1259101007,Autoimmune sensory ganglionopathy
1259099000,Autoimmune sensory neuropathy
95329006,Autoimmune skin disease
1236752006,Autoimmune subepidermal bullous dermatosis
438476003,Autoimmune thrombotic thrombocytopenic purpura
66944004,Autoimmune thyroiditis
402397006,Autoimmune urticaria
402402005,Autoimmune urticaria and/or angioedema
427213005,Autoimmune vasculitis
778004006,Autoinflammation-PLCG2-associated antibody deficiency-immune dysregulation
829973009,Autoinflammatory syndrome with pyogenic bacterial infection and amylopectinosis
1259083006,Autonomic disorder due to multiple sclerosis
237504004,Autonomous thyroid function
1156800008,Autosomal dominant Alzheimer disease due to mutation of presenilin 1
1156798001,Autosomal dominant Alzheimer disease due to mutation of presenilin 2
1197523001,Autosomal dominant amyotrophic lateral sclerosis type 1
66185005,Autosomal dominant excess of transthyretin
716662004,Autosomal dominant late onset Parkinson disease
21367009,Autosomal dominant variant form of albumin
1197524007,Autosomal recessive amyotrophic lateral sclerosis type 1
1156822001,Autosomal recessive familial Parkinson disease
773333003,Autosomal systemic lupus erythematosus
14126008,Autosomal-linked pyridoxine refractory sideroblastic anemia
11849007,AV junctional rhythm
277571004,B-cell acute lymphoblastic leukemia
277474005,B-cell chronic lymphocytic leukemia variant
109979007,B-cell lymphoma (clinical)
277619001,B-cell prolymphocytic leukemia
21061004,Babesiosis
48245008,Bacterial arthritis
318191000009109,Bacterial hepatitis
10789001,Bacterial infection caused by Morganella morganii
26195002,Bacterial infection caused by Proteus mirabilis
64043005,Bacterial myocarditis
420544002,Bacterial pneumonia with AIDS (acquired immunodeficiency syndrome)
197303009,Bacterial portal cirrhosis
34015007,Bakers' asthma
26121002,Balkan nephropathy
6270009,Banzi virus disease
402524007,Basal cell carcinoma - adamantinoid
402525008,Basal cell carcinoma - adenoid
402544001,Basal cell carcinoma - first recurrence
402526009,Basal cell carcinoma - follicular
402527000,Basal cell carcinoma - infiltrative
402528005,Basal cell carcinoma - keratotic
402529002,Basal cell carcinoma - micronodular
402547008,Basal cell carcinoma - multiple recurrences (more than three times)
402536001,Basal cell carcinoma - primary
402545000,Basal cell carcinoma - second recurrence
402546004,Basal cell carcinoma - third recurrence
402516002,Basal cell carcinoma of abdomen
402500004,Basal cell carcinoma of ala nasi
402515003,Basal cell carcinoma of anterior chest
400174005,Basal cell carcinoma of antihelix of ear
402512000,Basal cell carcinoma of antitragus
402507001,Basal cell carcinoma of cheek
402508006,Basal cell carcinoma of chin
402511007,Basal cell carcinoma of conchal bowl of ear
402498000,Basal cell carcinoma of dorsum of nose
402820007,Basal cell carcinoma of ear
399954008,Basal cell carcinoma of earlobe
231832009,Basal cell carcinoma of eyelid
402519009,Basal cell carcinoma of face
402520003,Basal cell carcinoma of hand
402510008,Basal cell carcinoma of helix of ear
402496001,Basal cell carcinoma of lateral canthus
402499008,Basal cell carcinoma of lateral side wall of nose
402518001,Basal cell carcinoma of lower back
402522006,Basal cell carcinoma of lower extremity
402494003,Basal cell carcinoma of lower eyelid
402506005,Basal cell carcinoma of lower lip
402495002,Basal cell carcinoma of medial canthus
402503002,Basal cell carcinoma of nasal columella
402504008,Basal cell carcinoma of nasolabial groove
402509003,Basal cell carcinoma of neck
402818009,Basal cell carcinoma of nose
402514004,Basal cell carcinoma of obverse of pinna
400057007,Basal cell carcinoma of pinnal sulcus
399897004,Basal cell carcinoma of postauricular skin
399934007,Basal cell carcinoma of preauricular skin
402497005,Basal cell carcinoma of root of nose
254701007,Basal cell carcinoma of skin
402819001,Basal cell carcinoma of skin of lip
402501000,Basal cell carcinoma of supratip of nose
402502007,Basal cell carcinoma of tip of nose
402513005,Basal cell carcinoma of tragus
402523001,Basal cell carcinoma of truncal skin
402517006,Basal cell carcinoma of upper back
402521004,Basal cell carcinoma of upper extremity
402505009,Basal cell carcinoma of upper lip
402542002,Basal cell carcinoma recurrent following cryosurgery
402541009,Basal cell carcinoma recurrent following curettage
402539008,Basal cell carcinoma recurrent following excision
402540005,Basal cell carcinoma recurrent following Mohs' excision
402543007,Basal cell carcinoma recurrent following radiotherapy
254710004,Basal cell carcinoma with eccrine differentiation
402531006,Basal cell carcinoma with granular cell change
402530007,Basal cell carcinoma with matrical differentiation
402532004,Basal cell carcinoma with monster cells
402533009,Basal cell carcinoma with sebaceous differentiation
402534003,Basal cell carcinoma with signet ring change
307592006,Basophilic leukemia
254702000,Basosquamous carcinoma of skin
11917008,Bebaru fever
16219201000119101,Behavioral disturbance co-occurrent and due to late onset Alzheimer dementia
293671000119109,Behavioral disturbance due to multi-infarct dementia
716994006,Behavioral variant of frontotemporal dementia
717225001,Benign adult familial myoclonic epilepsy
62240004,Benign arteriolar nephrosclerosis
230384001,Benign atypical partial epilepsy in childhood
1201005,Benign essential hypertension
63287004,Benign essential hypertension in obstetric context
715425000,Benign focal seizure of adolescence
10725009,Benign hypertension
66052004,Benign hypertensive heart AND renal disease
36221001,Benign hypertensive heart disease
193003,Benign hypertensive renal disease
770622009,Benign infantile focal epilepsy with midline spikes and waves during sleep
765756007,Benign infantile seizure with mild gastroenteritis syndrome
19719003,Benign lymphocytic infiltration of Jessner
34250006,Benign mucous membrane pemphigoid
76092003,Benign mucous membrane pemphigoid with ocular involvement
438511000,Benign multiple sclerosis
92154006,Benign neoplasm of intrahepatic bile ducts
92165001,Benign neoplasm of kidney
92186001,Benign neoplasm of liver
92319008,Benign neoplasm of renal pelvis
92439006,Benign neoplasm of thyroid gland
230411000,Benign non-familial neonatal convulsions
770623004,Benign occipital lobe epilepsy
770624005,Benign partial epilepsy of infancy with complex partial seizures
771141002,Benign partial epilepsy with secondarily generalized seizures in infancy
31155007,Benign recurrent intrahepatic cholestasis
194785008,Benign secondary hypertension
73410007,Benign secondary renovascular hypertension
13839000,Bernheim's syndrome
79592006,Beta plus thalassemia
65959000,Beta thalassemia
27080008,Beta zero thalassemia deletion type
236543006,Beta-2 microglobulin arthropathy
72352009,Bicuspid aortic valve
20143001,Bilateral bundle branch block
95581005,Bilateral hydronephrosis
112971000119109,Bilateral osteoarthritis of ankles
112961000119103,Bilateral osteoarthritis of feet
16010951000119105,Bilateral osteoarthritis of feet due to trauma
113001000119106,Bilateral osteoarthritis of finger of hands
303041000119104,Bilateral osteoarthritis of first carpometacarpal joint
15722561000119106,Bilateral osteoarthritis of first metatarsophalangeal joint of feet
112981000119107,Bilateral osteoarthritis of knees
16015391000119105,Bilateral osteoarthritis of midtarsal joints of feet
15722961000119101,Bilateral osteoarthritis of sacroiliac joints
1074411000119103,Bilateral osteoarthritis of sternoclavicular joints
15686081000119107,Bilateral osteoarthritis of temporomandibular joints
12367461000119104,Bilateral patellofemoral joint osteoarthritis
15686281000119101,Bilateral rheumatoid arthritis of feet
15687321000119109,Bilateral rheumatoid arthritis of hands
15687201000119107,Bilateral rheumatoid arthritis of knees
15691121000119103,Bilateral seronegative rheumatoid arthritis of elbow joints
15691081000119100,Bilateral seronegative rheumatoid arthritis of feet
15691241000119101,Bilateral seronegative rheumatoid arthritis of knees
15691321000119101,Bilateral seronegative rheumatoid arthritis of wrists
15691961000119105,Bilateral seropositive rheumatoid arthritis of ankle joints
16050071000119108,Bilateral seropositive rheumatoid arthritis of feet
15691921000119100,Bilateral seropositive rheumatoid arthritis of hip joints
15692001000119101,Bilateral seropositive rheumatoid arthritis of joint of elbows
15691881000119107,Bilateral seropositive rheumatoid arthritis of knees
15691841000119102,Bilateral seropositive rheumatoid arthritis of shoulder regions
15692041000119104,Bilateral seropositive rheumatoid arthritis of wrist joint regions
113041000119108,Bilateral shoulder osteoarthritis
15722481000119101,Bilateral subtalar osteoarthritis
113021000119102,Bilateral wrist osteoarthritis
1761006,Biliary cirrhosis
197310003,Biliary cirrhosis of children
191627008,"Bipolar affective disorder, current episode depression"
191629006,"Bipolar affective disorder, currently depressed, mild"
191630001,"Bipolar affective disorder, currently depressed, moderate"
29929003,"Bipolar I disorder, most recent episode depressed with atypical features"
187068005,Blastomycosis liver
421706001,Blindness with AIDS (acquired immunodeficiency syndrome)
17039000,Blister of abdominal wall with infection
9977002,Blister of ankle with infection
6964007,Blister of breast with infection
3841004,Blister of cheek with infection
5473002,Blister of chest wall with infection
22277006,Blister of groin with infection
17250009,Blister of interscapular region with infection
13114007,Blister of lip with infection
23021006,Blister of perineum with infection
10671005,Blister of scapular region with infection
22999005,Blister of thigh with infection
15290006,Blister of toe with infection
9068007,Blister of vagina with infection
310008,Boil of penis
12864009,Boil of scrotum
237503005,Borderline thyrotoxicosis
1259051000,Brachial variant of chronic immune demyelinating polyradiculoneuropathy
720568003,Brachydactyly and arterial hypertension syndrome
195212005,Brainstem stroke syndrome
8554002,Brazilian purpuric fever
225057002,Brittle asthma
11530004,Brittle diabetes mellitus
290002008,Brittle type 1 diabetes mellitus
445353002,Brittle type 2 diabetes mellitus
70756004,Bronchial atresia with segmental pulmonary emphysema
762618008,Bronchiolitis obliterans syndrome due to and after lung transplantation
1177120001,Bronchiolitis obliterans syndrome following allogeneic stem cell transplant
402442000,Brunsting-Perry type cicatricial pemphigoid
82385007,Budd-Chiari syndrome
360566006,Buffalo obesity
266355005,Bullous emphysema with collapse
77090002,Bullous pemphigoid
239889005,Bullous systemic lupus erythematosus
6374002,Bundle branch block
118617000,Burkitt's lymphoma (clinical)
188512009,Burkitt's lymphoma of intra-abdominal lymph nodes
188515006,Burkitt's lymphoma of intrapelvic lymph nodes
188511002,Burkitt's lymphoma of intrathoracic lymph nodes
188517003,Burkitt's lymphoma of lymph nodes of multiple sites
188516007,Burkitt's lymphoma of spleen
15845006,Buruli ulcer
28343007,Butter yaws
237552009,C-cell hyperplasia of thyroid
700317009,Calcaneocuboid osteoarthritis secondary to inflammatory arthritis
700312003,Calcaneocuboid osteoarthritis secondary to trauma
23754003,Calculous pyelonephritis
254841008,Cancer en cuirasse
63553008,Candidal endocarditis
16681000,Candidal otitis externa
3487004,Candidiasis of lung
421047005,Candidiasis of lung with AIDS (acquired immunodeficiency syndrome)
421710003,Candidiasis of mouth with AIDS (acquired immunodeficiency syndrome)
23484007,Candidiasis of nails
20639004,Candidiasis of the esophagus
1085006,Candidiasis of vulva
23949002,Capillaria philippinensis infection
197296006,Capsular portal cirrhosis
6858004,Capsulitis
24776000,Caraparu virus disease
6066007,Carbuncle of anus
17438000,Carbuncle of chest wall
18929007,Carbuncle of foot
18892009,Carbuncle of forearm
1197005,Carbuncle of heel
21382004,Carbuncle of hip
11857005,Carbuncle of nose
7931000,Carbuncle of pectoral region
27351007,Carbuncle of penis
28004004,Carbuncle of tunica vaginalis
14268002,Carbuncle of umbilicus
26535009,Carbuncle of vulva
237833006,Carcinoid crisis
36222008,Carcinoid heart disease
35868009,Carcinoid syndrome
254627002,Carcinoid tumor of lung
275395000,Carcinoma anterior 2/3 tongue ventrum
286896005,"Carcinoma breast - lower, outer quadrant"
255086002,Carcinoma common bile duct
254989000,Carcinoma ex pleomorphic adenoma of lacrimal gland
92618006,Carcinoma in situ of intrahepatic bile ducts
92624000,Carcinoma in situ of kidney
92644006,Carcinoma in situ of liver
92697000,Carcinoma in situ of renal pelvis
92767001,Carcinoma in situ of thyroid gland
286887005,Carcinoma liver and/or biliary system
254543002,Carcinoma of abdominal part of esophagus
254609000,Carcinoma of ampulla of Vater
285310000,Carcinoma of anal canal
254427006,Carcinoma of anterior part of floor of mouth
275396004,Carcinoma of anterior two-thirds of tongue - dorsal surface
312111009,Carcinoma of ascending colon
276876007,Carcinoma of Bartholin's gland
271943005,Carcinoma of base of tongue
363368005,Carcinoma of body of pancreas
254557000,Carcinoma of body of stomach
255068000,"Carcinoma of bone, connective tissue, skin and breast"
254838004,Carcinoma of breast
286897001,Carcinoma of breast - axillary tail
286894008,"Carcinoma of breast - lower, inner quadrant"
286893002,"Carcinoma of breast - upper, inner quadrant"
254553001,Carcinoma of cardia
255081007,Carcinoma of cecum
254535007,Carcinoma of cervical part of esophagus
285432005,Carcinoma of cervix
269533000,Carcinoma of colon
254404003,Carcinoma of commissure of lip
312113007,Carcinoma of descending colon
254570009,Carcinoma of duodenum
372098004,Carcinoma of endocervix
254612002,Carcinoma of endocrine pancreas
372138000,Carcinoma of esophagus
372100004,Carcinoma of exocervix
372101000,Carcinoma of extrahepatic bile duct
276870001,Carcinoma of fallopian tube
254909003,Carcinoma of foreskin
254417000,Carcinoma of frenum linguae
254393004,Carcinoma of frenum of lip
254402004,Carcinoma of frenum of lower lip
254398008,Carcinoma of frenum of upper lip
254555008,Carcinoma of fundus of stomach
372140005,Carcinoma of gallbladder
286899003,Carcinoma of genital organ
255066001,Carcinoma of genitourinary organ
254904008,Carcinoma of glans penis
372103002,Carcinoma of glottis
254567005,Carcinoma of greater curve of stomach
254434008,Carcinoma of hard palate
326072005,Carcinoma of head of pancreas
312114001,Carcinoma of hepatic flexure
276975007,Carcinoma of larynx
254431000,Carcinoma of lateral part of floor of mouth
254563009,Carcinoma of lesser curve of stomach
254423005,Carcinoma of lingual tonsil
269515006,Carcinoma of lip
255069008,"Carcinoma of lip, oral cavity and pharynx"
254445006,Carcinoma of lower buccal sulcus
254425003,Carcinoma of lower gum
254454009,Carcinoma of lower labial sulcus
286890004,Carcinoma of lower limb bones
372111007,Carcinoma of lower lobe of lung
254551004,Carcinoma of lower third of esophagus
372120003,Carcinoma of main bronchus
254549003,Carcinoma of middle third of esophagus
275397008,Carcinoma of midline of tongue
372142002,Carcinoma of pancreas
254462001,Carcinoma of parotid gland
372116002,"Carcinoma of pelvic bones, sacrum and coccyx"
372106005,Carcinoma of penis
254900004,Carcinoma of prostate
254559002,Carcinoma of pyloric antrum
254561006,Carcinoma of pylorus
269544008,Carcinoma of rectosigmoid junction
254457002,Carcinoma of retromolar area
372121004,Carcinoma of ribs and/or sternum and/or clavicle
285312008,Carcinoma of sigmoid colon
286891000,Carcinoma of skin of head/neck
372125008,Carcinoma of skin of lower limb
372127000,Carcinoma of skin of trunk
372129002,Carcinoma of skin of upper limb
254435009,Carcinoma of soft palate
312115000,Carcinoma of splenic flexure
372143007,Carcinoma of stomach
372104008,Carcinoma of subglottis
254466003,Carcinoma of sublingual gland
254465004,Carcinoma of submandibular gland
372105009,Carcinoma of supraglottis
363369002,Carcinoma of tail of pancreas
254539001,Carcinoma of thoracic part of esophagus
275490009,Carcinoma of tongue base - dorsal surface
312112002,Carcinoma of transverse colon
254441002,Carcinoma of upper buccal sulcus
254424004,Carcinoma of upper gum
254450000,Carcinoma of upper labial sulcus
286889008,Carcinoma of upper limb bones/scapula
286895009,Carcinoma of upper outer quadrant of breast
254547001,Carcinoma of upper third of esophagus
255108000,Carcinoma of urinary bladder
254436005,Carcinoma of uvula
254893005,Carcinoma of vagina
254390001,Carcinoma of vermilion border of lower lip
254389005,Carcinoma of vermilion border of upper lip
372141009,Carcinoma of vocal cord
307593001,Carcinomatosis
255121007,Carcinomatosis of peritoneal cavity
16574001,Cardiac arrest following obstetric procedure
71892000,Cardiac asthma
61179004,Cardiac beriberi
74669004,Cardiac cirrhosis
40172005,Cardiac complication
71932004,Cardiac dilatation
5053004,Cardiac insufficiency due to prosthesis
60856006,Cardiac insufficiency following cardiac surgery
41884003,Cardiac polyp
35304003,Cardiac tamponade
6210001,Cardiac ventricular dilatation
413758000,Cardioembolic stroke
8186001,Cardiomegaly
60916008,Cardiopulmonary schistosomiasis
24841007,Cardiorespiratory failure during AND/OR resulting from a procedure
31881008,Cardiovascular renal disease
609329007,Catastrophic antiphospholipid syndrome
396330006,Celiac crisis
396331005,Celiac disease
61715008,Celiac disease with diffuse intestinal ulceration
722386009,Celiac disease with epilepsy and cerebral calcification syndrome
50220002,Cellular immunologic aplastic anemia
66265004,Cementitis
197364000,Central hemorrhagic necrosis of liver
26692000,Central hypothyroidism
421998001,Central nervous disorder with AIDS (acquired immunodeficiency syndrome)
248311001,Central obesity
68328006,Centriacinar emphysema
13923006,Centrilobular hepatic necrosis
16371781000119100,Cerebellar stroke
195213000,Cerebellar stroke syndrome
99451000119105,Cerebral infarction due to stenosis of carotid artery
788881005,Cerebral ischemic stroke due to aortic arch embolism
788880006,Cerebral ischemic stroke due to dissection of artery
724426006,Cerebral ischemic stroke due to extracranial large artery atherosclerosis
788882003,Cerebral ischemic stroke due to global hypoperfusion with watershed infarct
788883008,Cerebral ischemic stroke due to hypercoagulable state
724425005,Cerebral ischemic stroke due to intracranial large artery atherosclerosis
724993002,Cerebral ischemic stroke due to occlusion of extracranial large artery
724424009,Cerebral ischemic stroke due to small artery occlusion
724994008,Cerebral ischemic stroke due to stenosis of extracranial large artery
788884002,Cerebral ischemic stroke due to subarachnoid hemorrhage
26016002,Cerebrospinal nematodiasis
230690007,Cerebrovascular accident
915141931000119109,Cerebrovascular accident due to embolism of basilar artery
107557061000119108,Cerebrovascular accident due to embolism of bilateral anterior cerebral arteries
152148641000119104,Cerebrovascular accident due to embolism of bilateral carotid arteries
58173271000119101,Cerebrovascular accident due to embolism of bilateral cerebellar arteries
939885431000119109,Cerebrovascular accident due to embolism of bilateral middle cerebral arteries
732330391000119107,Cerebrovascular accident due to embolism of bilateral vertebral arteries
251770561000119107,Cerebrovascular accident due to embolism of left anterior cerebral artery
859422751000119101,Cerebrovascular accident due to embolism of left carotid artery
517253051000119105,Cerebrovascular accident due to embolism of left vertebral artery
849488701000119104,Cerebrovascular accident due to embolism of right anterior cerebral artery
384430101000119103,Cerebrovascular accident due to embolism of right carotid artery
806161651000119106,Cerebrovascular accident due to embolism of right vertebral artery
16026991000119107,Cerebrovascular accident due to left carotid artery stenosis
1269248000,Cerebrovascular accident due to occlusion of anterior choroidal artery
239965291000119107,Cerebrovascular accident due to occlusion of basilar artery
16644541000119106,Cerebrovascular accident due to occlusion of bilateral carotid arteries
346674811000119104,Cerebrovascular accident due to occlusion of bilateral cerebellar arteries
188174841000119103,Cerebrovascular accident due to occlusion of bilateral middle cerebral arteries
16644681000119102,Cerebrovascular accident due to occlusion of bilateral pontine arteries
898941951000119108,Cerebrovascular accident due to occlusion of bilateral vertebral arteries
182960891000119101,Cerebrovascular accident due to occlusion of left anterior cerebral artery
16023951000119109,Cerebrovascular accident due to occlusion of left anterior choroidal artery
16024111000119109,Cerebrovascular accident due to occlusion of left carotid artery
16024151000119105,Cerebrovascular accident due to occlusion of left cerebellar artery
329461000119102,Cerebrovascular accident due to occlusion of left cerebellar artery by embolus
16000511000119103,Cerebrovascular accident due to occlusion of left middle cerebral artery
16023991000119104,Cerebrovascular accident due to occlusion of left pontine artery
16000351000119109,Cerebrovascular accident due to occlusion of left posterior cerebral artery
117776611000119102,Cerebrovascular accident due to occlusion of left posterior communicating artery
292691000119103,Cerebrovascular accident due to occlusion of left vertebral artery
655081461000119101,Cerebrovascular accident due to occlusion of right anterior cerebral artery
16024071000119102,Cerebrovascular accident due to occlusion of right anterior choroidal artery
16024271000119107,Cerebrovascular accident due to occlusion of right cerebellar artery
329451000119104,Cerebrovascular accident due to occlusion of right cerebellar artery by embolus
16000431000119109,Cerebrovascular accident due to occlusion of right middle cerebral artery
16024031000119100,Cerebrovascular accident due to occlusion of right pontine artery
16000391000119104,Cerebrovascular accident due to occlusion of right posterior cerebral artery
16023911000119108,Cerebrovascular accident due to right carotid artery occlusion
16026951000119102,Cerebrovascular accident due to right carotid artery stenosis
292681000119101,Cerebrovascular accident due to right vertebral artery occlusion
16661971000119104,Cerebrovascular accident due to stenosis of bilateral carotid arteries
16661931000119102,Cerebrovascular accident due to stenosis of bilateral vertebral arteries
292671000119104,Cerebrovascular accident due to stenosis of left vertebral artery
292661000119105,Cerebrovascular accident due to stenosis of right vertebral artery
1269237007,Cerebrovascular accident due to thrombosis of anterior cerebral artery
563789641000119101,Cerebrovascular accident due to thrombosis of bilateral carotid arteries
488408691000119104,Cerebrovascular accident due to thrombosis of bilateral cerebellar arteries
578968971000119100,Cerebrovascular accident due to thrombosis of bilateral vertebral arteries
195772021000119105,Cerebrovascular accident due to thrombosis of left anterior cerebral artery
957319791000119104,Cerebrovascular accident due to thrombosis of left cerebellar artery
851365731000119106,Cerebrovascular accident due to thrombosis of left posterior cerebral artery
759950981000119101,Cerebrovascular accident due to thrombosis of left vertebral artery
828066161000119106,Cerebrovascular accident due to thrombosis of right anterior cerebral artery
496369931000119104,Cerebrovascular accident due to thrombosis of right cerebellar artery
38595071000119104,Cerebrovascular accident due to thrombosis of right posterior cerebral artery
511452481000119102,Cerebrovascular accident due to thrombosis of right vertebral artery
329641000119104,Cerebrovascular accident due to thrombus of basilar artery
330791000119108,Cerebrovascular accident due to thrombus of left carotid artery
16002111000119106,Cerebrovascular accident due to thrombus of left middle cerebral artery
329651000119102,Cerebrovascular accident due to thrombus of right carotid artery
16002031000119102,Cerebrovascular accident due to thrombus of right middle cerebral artery
12067951000119107,Cerebrovascular accident during operation on heart
12204031000119101,Cerebrovascular accident following heart procedure
595899961000119100,Cerebrovascular accident of basal ganglia
652287331000119104,Cerebrovascular accident of brainstem
881694631000119107,Cerebrovascular accident of medulla oblongata
769023031000119104,Cerebrovascular accident of thalamus
5571000124103,Cerebrovascular accident with intracranial hemorrhage
202744000,Cervical discitis
56823000,Cervical thyroid remnant
54084005,Cervical tuberculous lymphadenitis
23014006,Cervicofacial actinomycosis
998008,Chagas' disease with heart involvement
309255002,Charcot's joint of foot
404806001,Cheese-makers' asthma
92807009,Chemical-induced asthma
2583009,Chiari's network
238928005,Chilblain lupus erythematosus
50866000,Childhood absence epilepsy
233678006,Childhood asthma
402439006,Childhood bullous pemphigoid
444862003,Childhood obesity
230388003,Childhood occipital visual epilepsy
59484000,Chlamydial polyarthritis
188737002,Chloroma
702393003,CHMP2B-related frontotemporal dementia
312104005,Cholangiocarcinoma of biliary tract
370489002,Cholangiohepatitis
123606000,Cholangiolitic cirrhosis
35571009,Cholangiolitis
697965002,Cholangitis with AIDS (acquired immunodeficiency syndrome)
42927005,Cholemic nephrosis
63246000,Cholestanol storage disease
235888006,Cholestasis of pregnancy
28724005,"Cholestasis-edema syndrome, Norwegian type"
95556007,Cholestatic hepatitis
11612004,Chorioamnionitis
188188009,Choriocarcinoma
254870004,Choriocarcinoma of ovary
717761005,Choroideremia with deafness and obesity syndrome
197284004,Chronic active hepatitis
708198006,Chronic active hepatitis C
50167007,Chronic active type B viral hepatitis
66870002,Chronic active viral hepatitis
1116000,Chronic aggressive type B viral hepatitis
89789003,Chronic aggressive viral hepatitis
307757001,Chronic alcoholic hepatitis
23874000,Chronic amebiasis
35908007,Chronic arthritis
195949008,Chronic asthmatic bronchitis
16098491000119109,Chronic autoimmune hepatitis
402399009,Chronic autoimmune urticaria
22462001,Chronic bacterial endocarditis
109250009,Chronic bullous dermatosis of childhood
195957006,Chronic bullous emphysema
127055007,Chronic cold agglutinin disease
127056008,Chronic cold agglutinin disease associated with B-cell neoplasm
202925003,Chronic crepitant synovitis of hand and wrist
69521007,Chronic crepitant synovitis of wrist
192080009,Chronic depression
442057004,Chronic depressive personality disorder
197619007,Chronic diffuse glomerulonephritis
238927000,Chronic discoid lupus erythematosus
26950008,Chronic ectopic atrial tachycardia
196026004,Chronic emphysema caused by chemical fumes
836477007,Chronic emphysema caused by vapor
4851007,Chronic endocarditis
188733003,Chronic eosinophilic leukemia
197617009,Chronic exudative glomerulonephritis
197618004,Chronic focal glomerulonephritis
20917003,Chronic glomerulonephritis
12373006,Chronic gonococcal bartholinitis
23975003,Chronic gonococcal seminal vesiculitis
11906007,Chronic gonococcal vulvovaginitis
27681008,Chronic gonorrhea
28572009,Chronic gonorrhea of genitourinary tract
68451005,Chronic gouty arthritis
190829000,Chronic gouty nephropathy
71943007,Chronic granulomatous tuberculosis
402309002,Chronic guttate pattern psoriasis
48447003,Chronic heart failure
235886005,Chronic hepatic failure
76783007,Chronic hepatitis
838380002,Chronic hepatitis B co-occurrent with hepatitis C and hepatitis D
16859701000119109,Chronic hepatitis B during pregnancy
128302006,Chronic hepatitis C
768127002,Chronic hepatitis C caused by Hepatitis C virus genotype 1
768289009,Chronic hepatitis C caused by Hepatitis C virus genotype 1a
768288001,Chronic hepatitis C caused by Hepatitis C virus genotype 1b
768125005,Chronic hepatitis C caused by Hepatitis C virus genotype 2
768006009,Chronic hepatitis C caused by Hepatitis C virus genotype 3
768126006,Chronic hepatitis C caused by Hepatitis C virus genotype 4
767810006,Chronic hepatitis C caused by hepatitis C virus genotype 5
767809001,Chronic hepatitis C caused by hepatitis C virus genotype 6
838377003,Chronic hepatitis C co-occurrent with human immunodeficiency virus infection
703866000,Chronic hepatitis C with stage 2 fibrosis
347891000119103,Chronic hepatitis C with stage 3 fibrosis
450880008,Chronic hepatitis E
8218002,Chronic hypertension complicating AND/OR reason for care during childbirth
37618003,Chronic hypertension complicating AND/OR reason for care during pregnancy
24042004,Chronic hypertension complicating AND/OR reason for care during puerperium
8762007,Chronic hypertension in obstetric context
78544004,Chronic hypertensive uremia
22098000,Chronic idiopathic autoimmune hemolytic anemia
13172003,Chronic idiopathic thrombocytopenic purpura
239826001,"Chronic infantile neurological, cutaneous and articular syndrome"
23806004,Chronic infection as complication of amputation
45214008,Chronic infective arthritis
49761000,Chronic infective polyarthritis
45093008,Chronic interstitial myocarditis
402307000,Chronic large plaque psoriasis
5375005,Chronic left-sided congestive heart failure
441971007,Chronic left-sided ulcerative colitis
92812005,Chronic leukemia
92811003,Chronic leukemia in remission
57339008,Chronic lobular hepatitis
711526005,Chronic localized pemphigoid
9843006,Chronic lymphocytic cholangitis-cholangiohepatitis
277549009,Chronic lymphocytic prolymphocytic leukemia syndrome
92813000,Chronic lymphoid leukemia in remission
92814006,"Chronic lymphoid leukemia, disease"
14183003,"Chronic major depressive disorder, single episode"
197613008,Chronic mesangial proliferative glomerulonephritis
62494007,Chronic miliary tuberculosis
57557005,Chronic milk alkali syndrome
92818009,Chronic myeloid leukemia
92817004,Chronic myeloid leukemia in remission
127225006,Chronic myelomonocytic leukemia
109993000,Chronic myeloproliferative disorder (clinical)
188734009,Chronic neutrophilic leukemia
79720007,Chronic nonalcoholic liver disease
90441002,Chronic nonsuppurative thyroiditis
47938003,Chronic obliterative bronchiolitis
840350008,Chronic obliterative bronchiolitis caused by chemical fumes
840351007,Chronic obliterative bronchiolitis caused by vapor
10692721000119102,Chronic obstructive asthma co-occurrent with acute exacerbation of asthma
13645005,Chronic obstructive pulmonary disease
106001000119101,Chronic obstructive pulmonary disease with acute bronchitis
196001008,Chronic obstructive pulmonary disease with acute lower respiratory infection
54389007,Chronic ossifying alveolar periostitis
43829003,Chronic osteoarthritis
13325005,Chronic osteomyelitis of hand
34736002,Chronic passive congestion of liver
41889008,Chronic persistent hepatitis
38662009,Chronic persistent type B viral hepatitis
60037002,Chronic persistent viral hepatitis
26427008,Chronic pulmonary histoplasmosis
63302006,Chronic pyelonephritis
2618002,Chronic recurrent major depressive disorder
90688005,Chronic renal failure
1148594002,Chronic rheumatic arthritis
1148765006,Chronic rheumatic carditis
46165000,Chronic rheumatic endocarditis
90453003,Chronic rheumatic mediastinopericarditis
286947004,Chronic rheumatic mitral valvulitis
61012002,Chronic rheumatic myocarditis
756003,Chronic rheumatic myopericarditis
1149066008,Chronic rheumatic pancarditis
78069008,Chronic rheumatic pericarditis
89456004,Chronic rheumatic valvulitis
66989003,Chronic right-sided congestive heart failure
10335000,Chronic right-sided heart failure
402308005,Chronic small plaque psoriasis
402310007,Chronic stable plaque psoriasis
9476000,Chronic suppurative thyroiditis
45053005,Chronic thyroiditis
237538007,Chronic thyroiditis with transient thyrotoxicosis
1187004001,Chronic traumatic encephalopathy
22990009,Chronic tuberculosis
60926001,Chronic tubulointerstitial nephritis
61977001,Chronic type B viral hepatitis
444546002,Chronic ulcerative colitis
15342002,Chronic ulcerative enterocolitis
13470001,Chronic ulcerative ileocolitis
442159003,Chronic ulcerative pancolitis
52506002,Chronic ulcerative rectosigmoiditis
40964007,Chronic valvulitis
10295004,Chronic viral hepatitis
235869004,Chronic viral hepatitis B with hepatitis D
186639003,Chronic viral hepatitis B without delta-agent
735451005,Chronic viral hepatitis D
230396008,Cingulate frontal lobe epilepsy
238617008,Circinate and annular pustular psoriasis
236744002,Circinate balanitis co-occurrent with reactive arthritis triad
403322000,Circumscribed alopecia areata of beard area
403321007,Circumscribed alopecia areata of eyelashes/eyebrows
403323005,Circumscribed alopecia areata of limbs
403320008,Circumscribed alopecia areata of scalp
403324004,Circumscribed alopecia areata of trunk
19943007,Cirrhosis of liver
53556002,Cis-platinum nephropathy
1300132009,Clark Baraitser syndrome
87555007,Claude's syndrome
254915003,Clear cell carcinoma of kidney
254652000,Clear cell squamous cell carcinoma of skin
60232001,Cleft leaflet of tricuspid valve
77888002,Climacteric arthritis
201985002,Climacteric arthritis of multiple sites
201983009,Climacteric arthritis of the ankle and/or foot
201980007,Climacteric arthritis of the hand
201981006,Climacteric arthritis of the pelvic region and thigh
201977006,Climacteric arthritis of the shoulder region
11938002,Clonorchiasis
37688005,Clonorchiasis with biliary cirrhosis
27858009,Clostridial gastroenteritis
19290004,Clutton's joints
50275009,Cobalt cardiomyopathy
422337001,Coccidioidomycosis with AIDS (acquired immunodeficiency syndrome)
41030002,Coccidioidomycosis with erythema multiforme
24360007,Coenurosis
127054006,Cold agglutinin disease due to and following Epstein-Barr virus infection
398937006,Cold autoimmune hemolytic anemia
23710009,Coliform mastitis
61037007,Colloid goiter
233687002,Colophony asthma
6452009,Colorado tick fever
1197732001,Colorectal Crohn disease
274902006,Combined hepatocellular carcinoma and cholangiocarcinoma
1197477000,Combined immunodeficiency due to LRBA deficiency
29692004,Combined molybdoflavoprotein enzyme deficiency
277573001,Common acute lymphoblastic leukemia
61959006,Common arterial trunk (truncus arteriosus)
73699003,Common arterial trunk and common origin of pulmonary arteries
60106004,Common arterial trunk and separate origin of pulmonary arteries
45503006,Common ventricle
33325001,Compensatory emphysema
26975007,Compensatory lobar hyperplasia of liver
27885002,Complete atrioventricular block
64323009,Complete disruption of kidney parenchyma without open wound into cavity
6180003,Complete left bundle branch block
26146002,Complete transposition of great vessels
25133001,Completed stroke
123766008,Complex thyroid endocrine disorder
33167004,Complication of transplanted liver
190030009,Compound leukemias
77363004,Concentric alopecia areata
44808001,Conduction disorder of the heart
92864004,Congenital abnormal fusion of liver lobes
92921005,Congenital abnormal shape of kidney
92924002,Congenital abnormal shape of liver
5230009,Congenital absence of coronary artery
40272001,Congenital absence of coronary sinus
3650004,Congenital absence of liver
13630003,Congenital absence of lobe of liver
6996004,Congenital absence of pulmonary valve
92975004,Congenital absence of renal papilla
92978002,Congenital absence of thyroid gland
276665006,Congenital acquired immune deficiency syndrome
63565007,Congenital anemia
13689005,Congenital anomaly of aortic valve
28574005,Congenital anomaly of coronary artery
70320004,Congenital anomaly of heart valve
89166001,Congenital anomaly of liver
5397007,Congenital anomaly of renal pelvis
44513007,Congenital anomaly of the kidney
32454003,Congenital anomaly of the thyroid gland
4374004,Congenital anomaly of tricuspid valve
51442005,Congenital atresia of aortic valve
48520006,Congenital atresia of cardiac vein
23063005,Congenital atresia of mitral valve
63042009,Congenital atresia of tricuspid valve
204788008,Congenital atrophy of left lobe of liver
237517001,Congenital atrophy of thyroid
48061001,Congenital calculus of kidney
48121000,Congenital cardiomegaly
11433004,Congenital coronary artery fistula
42866003,Congenital coronary artery sclerosis
72925005,Congenital cystic disease of liver
111331000,Congenital dilatation of lobar intrahepatic bile duct
79552009,Congenital duplication of liver
52951008,Congenital dyserythropoietic anemia
59548005,"Congenital dyserythropoietic anemia, type I"
68870007,"Congenital dyserythropoietic anemia, type II"
26409005,"Congenital dyserythropoietic anemia, type III"
47895001,Congenital emphysema
230673001,Congenital end-plate acetylcholine receptor deficiency
230677000,Congenital end-plate acetylcholinesterase deficiency
37104009,Congenital enlargement of coronary sinus
204795004,Congenital floating liver
46619002,Congenital heart block
13213009,Congenital heart disease
42601008,Congenital hemolytic anemia
79607001,Congenital hepatic fibrosis
407000,Congenital hepatomegaly
52079000,Congenital human immunodeficiency virus infection
276666007,Congenital human immunodeficiency virus positive status syndrome
16297002,Congenital hydronephrosis
40028009,Congenital hyperplasia of intrahepatic bile duct
55856005,Congenital hyperplasia of kidney
4495005,Congenital hypertrophy of ureteric valve
72252007,Congenital hypoplasia of cardiac vein
32659003,Congenital hypoplasia of kidney
93290000,Congenital hypoplasia of renal pelvis
43176009,Congenital hypoplasia of tricuspid valve
190268003,Congenital hypothyroidism
215677009,Congenital hypothyroidism with ectopic thyroid
237515009,Congenital hypothyroidism without goiter
28656008,Congenital insufficiency of aortic valve
29928006,Congenital insufficiency of mitral valve
15096009,Congenital insufficiency of pulmonary valve
217710005,Congenital iodine deficiency syndrome
237565000,Congenital iodine deficiency syndrome of mixed type
237566004,Congenital iodine deficiency syndrome of neurological type
700150001,Congenital leptin deficiency
7964000,Congenital listeriosis
20919000,Congenital liver grooves
66987001,Congenital lobar emphysema
13530005,Congenital lobulation of kidney
402559007,Congenital malignant melanoma
51789008,Congenital malposition of cardiac apex
10818008,Congenital malposition of heart
55536001,Congenital malposition of kidney
93332007,Congenital malposition of liver
93359004,Congenital malposition of the thyroid gland
93369005,Congenital microhepatia
782772000,Congenital muscular dystrophy with intellectual disability and severe epilepsy
230672006,Congenital myasthenic syndrome
48796009,Congenital nephrotic syndrome
64862009,Congenital rhabdomyoma of heart
1857005,Congenital rubella syndrome
59494005,Congenital septal defect of heart
18546004,Congenital stenosis of aortic valve
67278007,Congenital stenosis of pulmonary valve
36233006,Congenital stenosis of tricuspid valve
12897005,Congenital stricture of ureteropelvic junction
73660006,Congenital subaortic stenosis
8712002,Congenital subaortic stenosis due to fibromuscular shelf
56309007,Congenital subaortic stenosis of tunnel type
41514002,Congenital supravalvular mitral stenosis
9941009,Congenital syphilitic choroiditis
192008,Congenital syphilitic hepatomegaly
6267005,Congenital syphilitic meningitis
58392004,Congenital syphilitic osteochondritis
27648007,Congenital syphilitic periostitis
237516005,Congenital thyroid hypoplasia
37260006,Congenital tuberculosis
1131009,Congenital valvular insufficiency
206372007,Congenital viral hepatitis
42343007,Congestive heart failure
7773002,Conjunctival diphtheria
28975000,Constitutional aplastic anemia
292464007,Constitutional obesity
70092007,Contusion of kidney
262774002,Contusion of thyroid gland
17414004,Contusion to heart
40521006,Contusion to heart with open wound into thorax
12189000,Coombs negative hemolytic anemia
74789008,Coombs positive hemolytic anemia
370492003,Copper storage associated hepatitis
55510008,Cor triatriatum
53741008,Coronary arteriosclerosis
62827000,Coronary arteritis
67682002,Coronary artery atheroma
29899005,Coronary artery embolism
28931004,Coronary artery rupture
23687008,Coronary artery spasm
63739005,Coronary occlusion
26900001,Coronary ostium stenosis
472749004,Coronary sinus hypertension as complication of procedure
59062007,Coronary stricture
833326008,Cortical vascular dementia
409663006,Cough variant asthma
51156002,Coup de sabre scleroderma
840539006,COVID-19
37217002,Coxsackie myocarditis
27806003,Coxsackie pericarditis
197339003,Coxsackie virus hepatitis
1340175001,CPE-related Prader-Willi-like syndrome
31848007,CREST syndrome
792004,Creutzfeldt-Jakob disease
307500008,Cricoarytenoid joint arthritis
8933000,"Crigler-Najjar syndrome, type I"
721702009,Crohn disease of anal canal
733157003,Crohn disease of appendix
515623061000119105,Crohn disease of colon in remission
206138281000119100,Crohn disease of rectum in remission
527788091000119106,Crohn disease of small intestine and large intestine in remission
253855721000119107,Crohn disease of small intestine in remission
737195007,Crohn disease of upper gastrointestinal tract
34000006,Crohn's disease
426549001,Crohn's disease in remission
50440006,Crohn's disease of colon
56287005,Crohn's disease of duodenum
235607002,Crohn's disease of esophagus
722850002,Crohn's disease of gastrointestinal anastomosis
234999001,Crohn's disease of gingivae
38106008,Crohn's disease of ileum
397173003,Crohn's disease of intestine
91390005,Crohn's disease of jejunum
7620006,Crohn's disease of large bowel
196578009,Crohn's disease of oral soft tissues
1197727002,Crohn's disease of parastomal skin
402376005,Crohn's disease of penis
70622003,Crohn's disease of pyloric antrum
61424003,Crohn's disease of pylorus
3815005,Crohn's disease of rectum
402377001,Crohn's disease of scrotum
399946006,Crohn's disease of skin
71833008,Crohn's disease of small and large intestines
56689002,Crohn's disease of small intestine
10743231000119101,Crohn's disease of small intestine with stenosis
235664007,Crohn's disease of stomach
196977009,Crohn's disease of terminal ileum
402375009,Crohn's disease of vulva
74594005,Crossed renal ectopia
62382002,CRST syndrome
23697004,Crush syndrome
45256007,Cruveilhier-Baumgarten syndrome
14232007,Cryptococcal meningitis
421403008,Cryptococcosis with AIDS (acquired immunodeficiency syndrome)
89580002,Cryptogenic cirrhosis
778063003,Cryptogenic late-onset epileptic spasms
230419003,Cryptogenic Lennox-Gastaut syndrome
16891111000119104,Cryptogenic stroke
230416005,Cryptogenic West syndrome
193021002,Cursive (running) epilepsy
6365004,Cutaneous actinomycosis
402431009,Cutaneous atrophy due to rheumatoid arthritis
402434001,Cutaneous complication of rheumatoid disease
18901009,Cutaneous diphtheria
254748009,Cutaneous fibrosarcoma
25626000,Cutaneous infectious disease caused by Mycobacteria
19362000,Cutaneous larva migrans
16429005,Cutaneous larva migrans by Ancylostoma braziliense
254771006,Cutaneous leiomyosarcoma
7119001,Cutaneous lupus erythematosus
277613000,Cutaneous peripheral T-cell lymphoma
716051003,CVA (cerebrovascular accident) during surgery
230691006,CVA - cerebrovascular accident due to cerebral artery occlusion
12770006,Cyanotic congenital heart disease
72325004,Cyst of thyroid
254916002,Cystadenocarcinoma of kidney
314191009,Cystadenocarcinoma of ovary
235966007,Cystadenocarcinoma of pancreas
85020001,Cystinuria
37183000,"Cystinuria, type 1"
21952001,"Cystinuria, type 2"
42496002,"Cystinuria, type 3"
5093001,Cystitis with actinomycosis
16196000,Cytomegaloviral mononucleosis
7678002,Cytomegaloviral pneumonia
22455005,Cytomegaloviral retinitis
186698009,Cytomegalovirus hepatitis
28944009,Cytomegalovirus infection
1231239003,Dacryoadenitis due to Graves' disease
27097002,Danish type familial amyloid cardiomyopathy
230453004,Decision-making epilepsy
191296000,Deficiency of coagulation factor due to liver disease
784339002,Deficiency of interleukin 36 receptor antagonist
124147007,Deficiency of xanthine oxidase
725898002,Delirium co-occurrent with dementia
16360009,Delta beta thalassemia
76336008,Delta beta zero thalassemia
16427007,Delta thalassemia
62074008,Delta zero thalassemia
141991000119109,Delusions in Alzheimer's disease
52448006,Dementia
281004,Dementia associated with alcoholism
191519005,Dementia associated with another disease
698781002,Dementia associated with cerebral anoxia
698624003,Dementia associated with cerebral lipidosis
698626001,Dementia associated with multiple sclerosis
698725008,Dementia associated with neurosyphilis
698625002,Dementia associated with normal pressure hydrocephalus
425390006,Dementia associated with Parkinson's Disease
698726009,Dementia associated with viral encephalitis
733184002,Dementia caused by heavy metal exposure
1339031006,Dementia caused by ionizing radiation
1186887004,Dementia caused by manganese
788898005,Dementia caused by volatile inhalant
722977005,Dementia co-occurrent and due to neurocysticercosis
713844000,Dementia co-occurrent with human immunodeficiency virus infection
1259591007,Dementia due to acquired hypothyroidism
762351006,Dementia due to and following injury of head
1259679007,Dementia due to atypical pantothenate kinase associated neurodegeneration
1259586006,Dementia due to autoimmune encephalitis
1259579003,Dementia due to Behcet syndrome
840464007,Dementia due to carbon monoxide poisoning
1259581001,Dementia due to celiac disease
1259488005,Dementia due to cerebral amyloid angiopathy
1259485008,Dementia due to cerebral vasculitis
722980006,Dementia due to chromosomal anomaly
733191004,Dementia due to chronic subdural hematoma
1259990004,Dementia due to classical pantothenate kinase associated neurodegeneration
1186880002,Dementia due to cobalamin deficiency
429458009,Dementia due to Creutzfeldt Jakob disease
1148924004,Dementia due to deficiency of folic acid
724776007,Dementia due to disorder of central nervous system
1259478009,Dementia due to familial Creutzfeldt-Jakob disease
1259480003,Dementia due to fatal familial insomnia
1259473000,Dementia due to fragile X syndrome
1259476008,Dementia due to genetic disease
1259469003,Dementia due to Gerstmann Straussler Scheinker syndrome
1259471003,Dementia due to Hashimoto encephalopathy
1259499007,Dementia due to hemorrhagic cerebral infarction due to hypertension
1259465009,Dementia due to hepatic failure
733192006,Dementia due to herpes encephalitis
442344002,Dementia due to Huntington chorea
1259467001,Dementia due to hypercalcemia
1259531005,Dementia due to hypertensive encephalopathy
1259503001,Dementia due to iatrogenic Creutzfeldt-Jakob disease
724777003,Dementia due to infectious disease
840465008,Dementia due to iron deficiency
1259501004,Dementia due to kuru
1259494002,Dementia due to leukodystrophy
1259496000,Dementia due to Lyme disease
722979008,Dementia due to metabolic abnormality
1259492003,Dementia due to metastatic malignant neoplasm to brain
82371000119101,Dementia due to multiple sclerosis with altered behavior
1259677009,Dementia due to multiple system atrophy
1259673008,Dementia due to neurofilament inclusion body disease
1186881003,Dementia due to niacin deficiency
1186883000,Dementia due to nutritional deficiency
1259675001,Dementia due to obstructive hydrocephalus
1259667007,Dementia due to paraneoplastic encephalitis
101421000119107,Dementia due to Parkinson's disease
788899002,Dementia due to pellagra
21921000119103,Dementia due to Pick's disease
1259663006,Dementia due to polyarteritis nodosa
733190003,Dementia due to primary malignant neoplasm of brain
762350007,Dementia due to prion disease
1259665004,Dementia due to progressive subcortical gliosis
1259656006,Dementia due to renal failure
130121000119104,Dementia due to Rett syndrome
1259661008,Dementia due to rheumatological disease
1259529001,Dementia due to sporadic Creutzfeldt-Jakob disease
1259519008,Dementia due to subacute sclerosing panencephalitis
1259517005,Dementia due to systemic lupus erythematosus
1186879000,Dementia due to thiamine deficiency
1259524006,Dementia due to trypanosomiasis
1259522005,Dementia due to variant Creutzfeldt-Jakob disease
1186877003,Dementia due to vitamin E deficiency
1259513009,Dementia due to Whipple disease
1259511006,Dementia due to Wilson disease
698949001,Dementia in remission
278857002,Dementia of frontal lobe type
1581000119101,Dementia of the Alzheimer type with behavioral disturbance
82959004,Dementia paralytica juvenilis
421529006,Dementia with AIDS (acquired immunodeficiency syndrome)
1591000119103,Dementia with behavioral disturbance
733194007,Dementia with Down syndrome
733193001,Dementia with progressive multifocal leukoencephalopathy
724782005,Demyelination of central nervous system co-occurrent and due to Sjogren disease
721088003,DEND syndrome
20927009,Dengue hemorrhagic fever
109612009,Dentoalveolar cellulitis
142001000119106,Depressed mood in Alzheimer's disease
413296003,Depression requiring intervention
231542000,Depressive conduct disorder
35489007,Depressive disorder
16238181000119101,Depressive disorder caused by amphetamine
191495003,Depressive disorder caused by drug
16238221000119109,Depressive disorder caused by methamphetamine
10835871000119104,Depressive disorder in mother complicating childbirth
94631000119100,Depressive disorder in mother complicating pregnancy
698957003,Depressive disorder in remission
14560005,Dermal mycosis
111196000,Dermatitis herpetiformis
14800001,Dermatitis vegetans
420877009,Dermatomycosis with AIDS (acquired immunodeficiency syndrome)
41553006,Detergent asthma
27637000,Dextrocardia
73211009,Diabetes mellitus
5969009,Diabetes mellitus associated with genetic syndrome
59079001,Diabetes mellitus associated with hormonal etiology
51002006,Diabetes mellitus associated with pancreatic disease
42954008,Diabetes mellitus associated with receptor abnormality
737212004,Diabetes mellitus caused by chemical
75682002,Diabetes mellitus caused by insulin receptor antibodies
427089005,Diabetes mellitus due to cystic fibrosis
609568004,Diabetes mellitus due to genetic defect in beta cell function
609569007,Diabetes mellitus due to genetic defect in insulin action
105401000119101,Diabetes mellitus due to pancreatic injury
91352004,Diabetes mellitus due to structurally abnormal insulin
199223000,"Diabetes mellitus during pregnancy, childbirth and the puerperium"
10754881000119104,Diabetes mellitus in mother complicating childbirth
76751001,"Diabetes mellitus in mother complicating pregnancy, childbirth AND/OR puerperium"
276560009,Diabetes mellitus in neonate small for gestational age
703136005,Diabetes mellitus in remission
408540003,Diabetes mellitus induced by non-steroid drugs
31321000119102,Diabetes mellitus type 1 without retinopathy
1481000119100,Diabetes mellitus type 2 without retinopathy
609579009,"Diabetes mellitus, transient neonatal 1"
609580007,"Diabetes mellitus, transient neonatal 2"
609581006,"Diabetes mellitus, transient neonatal 3"
9345005,Dialysis dementia
721093000,Dianzani autoimmune lymphoproliferative disease
389216001,Diaphyseal medullary stenosis with bone malignancy
48146000,Diastolic hypertension
762463000,Diastolic hypertension and systolic hypertension
8410006,Dicrocoeliasis
46586006,Diffuse alopecia areata
64212008,Diffuse crescentic glomerulonephritis
3704008,Diffuse endocapillary proliferative glomerulonephritis
38046004,Diffuse glomerulosclerosis of kidney due to diabetes mellitus
237494009,Diffuse goiter
11350001,Diffuse hepatic necrosis
277626001,Diffuse high grade B-cell lymphoma
10713006,Diffuse interstitial rheumatoid disease of lung
109969005,Diffuse large B-cell lymphoma
277616008,Diffuse low grade B-cell lymphoma
302842009,Diffuse malignant lymphoma - centroblastic
277632006,Diffuse malignant lymphoma - centroblastic polymorphic
307624007,Diffuse malignant lymphoma - centroblastic-centrocytic
277628000,Diffuse malignant lymphoma - large cleaved cell
277629008,Diffuse malignant lymphoma - large non-cleaved cell
188674006,Diffuse malignant lymphoma - small non-cleaved cell
111406002,Diffuse mesangial sclerosis
197293003,Diffuse nodular cirrhosis
109962001,Diffuse non-Hodgkin's lymphoma
109966003,"Diffuse non-Hodgkin's lymphoma, immunoblastic (clinical)"
109968002,"Diffuse non-Hodgkin's lymphoma, small cell (clinical)"
109967007,"Diffuse non-Hodgkin's lymphoma, small cleaved cell (clinical)"
109964000,"Diffuse non-Hodgkin's lymphoma, undifferentiated"
123755001,Diffuse pyelonephritis
1144925008,Diffuse systemic sclerosis of childhood
254709009,Digital papillary eccrine carcinoma of skin
72972005,Dilated cardiomyopathy caused by drug
12563008,Dilated cardiomyopathy caused by radiation
58629009,Dilated cardiomyopathy due to amyloidosis
54830008,Dilated cardiomyopathy due to bacterial myocarditis
46696008,Dilated cardiomyopathy due to dermatomyositis
60514000,Dilated cardiomyopathy due to familial storage disease
50270004,Dilated cardiomyopathy due to Friedreich's ataxia
44630002,Dilated cardiomyopathy due to fungal myocarditis
58911001,Dilated cardiomyopathy due to glycogen storage disease
39693003,Dilated cardiomyopathy due to granuloma
8209004,Dilated cardiomyopathy due to hemochromatosis
64749001,Dilated cardiomyopathy due to infiltration
28869005,Dilated cardiomyopathy due to muscular dystrophy
2816000,Dilated cardiomyopathy due to myotonic dystrophy
11104006,Dilated cardiomyopathy due to phytanic acid storage disease
40532006,Dilated cardiomyopathy due to protozoan myocarditis
21430002,Dilated cardiomyopathy due to rheumatoid arthritis
6022005,Dilated cardiomyopathy due to sarcoidosis
36471000,Dilated cardiomyopathy due to systemic lupus erythematosus
35719004,Dilated cardiomyopathy due to systemic sclerosis
30496006,Dilated cardiomyopathy due to viral myocarditis
16253001,Dilated peripartum cardiomyopathy
14379009,Dimorphic anemia
26117009,Diphtheritic myocarditis
13596001,Diphtheritic peritonitis
2304001,Discitis
200938002,Discoid lupus erythematosus
79291003,Discoid lupus erythematosus of eyelid
403498005,Discoid lupus erythematosus of face
403501005,Discoid lupus erythematosus of foot
403496009,Discoid lupus erythematosus of genital mucous membranes
403500006,Discoid lupus erythematosus of hands
342641000119108,Discoid lupus erythematosus of left eyelid
342631000119104,Discoid lupus erythematosus of left lower eyelid
342621000119102,Discoid lupus erythematosus of left upper eyelid
403499002,Discoid lupus erythematosus of lip
700269001,Discoid lupus erythematosus of lower eyelid
403494007,Discoid lupus erythematosus of mucous membranes
403495008,Discoid lupus erythematosus of oral mucosa
342611000119109,Discoid lupus erythematosus of right eyelid
342601000119106,Discoid lupus erythematosus of right lower eyelid
342591000119104,Discoid lupus erythematosus of right upper eyelid
403497000,Discoid lupus erythematosus of scalp
700334001,Discoid lupus erythematosus of upper eyelid
93425004,Discoloration of kidney
25225006,Disease caused by Adenovirus
4003003,Disease caused by Alphavirus
3303004,Disease caused by Arenavirus
27619001,Disease caused by Coronaviridae
198007,Disease caused by Filoviridae
24907000,Disease caused by Lentivirus
1020003,Disease caused by Nairovirus
7753007,Disease caused by Pentastomida
16182006,Disease caused by Pneumovirus
5714002,Disease caused by Polyomavirus
18624000,Disease caused by Rotavirus
21106009,Disease caused by Suipoxviridae
235856003,Disease of liver
789170003,Disinhibited behavior due to dementia
201000119106,Disorder due to well controlled type 2 diabetes mellitus
1259074001,Disorder of autonomic nerve due to Guillain-Barre Syndrome
713299003,Disorder of eye proper co-occurrent with human immunodeficiency virus infection
127013003,Disorder of kidney due to diabetes mellitus
713340000,Disorder of skin co-occurrent with human immunodeficiency virus infection
190303007,Disorder of thyrocalcitonin secretion
14304000,Disorder of thyroid gland
58797008,Disorder of transplanted kidney
24779007,Disseminated actinomycosis
4499004,Disseminated anergic leishmaniasis
7671008,Disseminated aspergillosis
421077004,Disseminated candidiasis with AIDS (acquired immunodeficiency syndrome)
403502003,Disseminated discoid lupus erythematosus
13710008,Disseminated herpes simplex
28697001,Disseminated mucocutaneous leishmaniasis
182159002,Disseminated tuberculosis
38970002,Doan-Wright syndrome
230399001,Dorsolateral frontal lobe epilepsy
36079008,Double cardiac valve orifice
54967001,Double kidney
7368005,Double outlet left ventricle
7484005,Double outlet right ventricle
14178006,Double renal pelvis
237545007,Drug interference with thyroid-binding globulin
402325007,Drug-exacerbated psoriasis
93432008,Drug-induced asthma
309742004,Drug-induced autoimmune hemolytic anemia
403629000,Drug-induced bullous pemphigoid
83864008,Drug-induced cholestatic hepatitis
235889003,Drug-induced chronic hepatitis
414061000,Drug-induced cicatricial pemphigoid
191493005,Drug-induced dementia
5368009,Drug-induced diabetes mellitus
15276008,Drug-induced enzyme deficiency anemia
403632002,Drug-induced epidermolysis bullosa acquisita
230441003,Drug-induced epilepsy
297942002,Drug-induced erythema multiforme
235876009,Drug-induced hepatitis
127060006,"Drug-induced immune hemolytic anemia, hapten type"
18323000,"Drug-induced immune hemolytic anemia, immune complex type"
19307009,Drug-induced immune thrombocytopenia
7538002,Drug-induced intrahepatic cholestasis
403633007,Drug-induced linear IgA disease
80258006,Drug-induced lupus erythematosus
61458006,Drug-induced lupus erythematosus caused by diphenylhydantoin
54912002,Drug-induced lupus erythematosus caused by hydralazine
22888007,Drug-induced lupus erythematosus caused by procainamide
190965006,Drug-induced obesity
1251421004,Drug-induced palmoplantar pustular psoriasis
200907003,Drug-induced pemphigus
403631009,Drug-induced pemphigus foliaceus
403630005,Drug-induced pemphigus vulgaris
77607006,Drug-induced sideroblastic anemia
201436003,Drug-induced systemic lupus erythematosus
237539004,Drug-induced thyroiditis
66595008,Drug-related myocardial necrosis syndrome
44553005,Dubin-Johnson syndrome
45743004,Duodenorenal fistula
14704002,Duvenhage virus disease
8868001,Dyshormonogenetic goiter AND iodide leak
190304001,Dyshormonogenic goiter
81896006,Dysmorphic sialidosis with renal involvement
119981000146107,Dyspnea caused by SARS-CoV-2
422177004,Dyspnea with AIDS (acquired immunodeficiency syndrome)
237549001,Dysprealbuminemic euthyroidal hyperthyroxinemia
78667006,Dysthymia
4359001,Early congenital syphilis (less than 2 years)
276809004,Early gastric cancer
230429005,Early infantile epileptic encephalopathy with suppression bursts
44423001,Early myoclonic encephalopathy
105421000119105,Early onset Alzheimer's disease with behavioral disturbance
2506003,Early onset dysthymia
716107009,Early onset parkinsonism and intellectual disability syndrome
239799007,Early onset polyarticular juvenile chronic arthritis
402329001,Early onset psoriasis type 1
23191004,Early yaws
733082001,Early-onset Lafora body disease
1303867005,"Early-onset obesity, hyperphagia, severe developmental delay syndrome"
771469002,"Early-onset spastic ataxia, myoclonic epilepsy, neuropathy syndrome"
230450001,Eating epilepsy
608874000,Eaton Lambert syndrome with underlying malignancy
292991000119106,Eaton Lambert syndrome without underlying malignancy
56989000,Eaton-Lambert syndrome
17394001,Ebstein's anomaly with atrial septal defect
400173004,Eccrine carcinoma of skin
254708001,Eccrine porocarcinoma
26103000,Echinococcosis of liver
20790006,Echinococcus granulosus infection of liver
65963007,Echinococcus granulosus infection of thyroid
21009004,Echinococcus multilocularis infection
27235001,Echinococcus multilocularis infection of liver
69909000,Eclampsia added to pre-existing hypertension
10752641000119102,Eclampsia with pre-existing hypertension in childbirth
17732003,Ecthyma gangrenosum
33413000,Ectopic beats
16507009,Ectopic kidney
29320008,Ectopic rhythm
238603004,Eczematized psoriasis
239779001,Elbow pyogenic arthritis
14100003,Elephantiasis of eyelid
371041009,Embolic stroke
254872007,Embryonal carcinoma of ovary
1010333003,Emphysema of left lung
1010334009,Emphysema of right lung
57686001,Emphysematous bleb of lung
7399006,Emphysematous gastritis
34286007,Empyema with hepatopleural fistula
109477002,Enamel-renal syndrome
16901001,Encephalitis caused by European subtype of tick-borne encephalitis virus
420244003,Encephalitis with AIDS (acquired immunodeficiency syndrome)
422089004,Encephalomyelitis with AIDS (acquired immunodeficiency syndrome)
421827003,Encephalopathy with AIDS (acquired immunodeficiency syndrome)
135836000,End stage chronic obstructive pulmonary disease
46177005,End-stage renal disease
75065003,Endemic cretinism
56805008,Endemic goiter
239883006,Endemic osteoarthritis
1351911000,Endemic pemphigus foliaceus
15459006,Endocardial cushion defect
65457005,Endocardial fibroelastosis
56819008,Endocarditis
62703006,Endocarditis with infective aneurysm
123842006,Endocervical adenocarcinoma
254876005,Endodermal sinus tumor of ovary
300706003,Endogenous depression
274948002,Endogenous depression - recurrent
231499006,Endogenous depression first episode
297500005,Endogenous obesity
254878006,Endometrial carcinoma
278060005,Endometrioid carcinoma of prostate
254852002,Endometrioid carcinoma ovary
8254003,Endomyocardial disease
235874007,Enflurane hepatitis
18081009,Enteric campylobacteriosis
37497004,Enteric hyperoxaluria
277654008,Enteropathy-associated T-cell lymphoma
46397005,Enterovirus heart infection
82275008,Eosinophilic granulomatosis with polyangiitis
238943007,Eosinophilic spongiosis
402436004,Eosinophilic spongiosis (prebullous pemphigoid)
402435000,Eosinophilic spongiosis (prebullous pemphigus)
24829000,Eosinophilic ulcerative colitis
10865002,Eperythrozoonosis
19138001,Epidermodysplasia verruciformis
402450009,"Epidermolysis bullosa acquisita, Brunsting-Perry type"
402448001,"Epidermolysis bullosa acquisita, bullous pemphigoid-like"
402449009,"Epidermolysis bullosa acquisita, cicatricial pemphigoid-like"
402447006,"Epidermolysis bullosa acquisita, classical acral type"
402451008,"Epidermolysis bullosa acquisita, oral mucosal involvement"
84757009,Epilepsy
724988000,Epilepsy co-occurrent and due to degenerative brain disorder
724992007,Epilepsy co-occurrent and due to dementia
724991000,Epilepsy co-occurrent and due to demyelinating disorder
724989008,Epilepsy co-occurrent and due to mesial temporal sclerosis
724787004,Epilepsy due to cerebrovascular accident
724990004,Epilepsy due to immune disorder
724549005,Epilepsy due to infectious disease of central nervous system
724789001,Epilepsy due to intracranial tumor
724786008,Epilepsy due to perinatal anoxic-ischemic brain injury
733195008,Epilepsy of infancy with migrating focal seizures
733032006,Epilepsy telangiectasia syndrome
230439004,Epilepsy with continuous spike wave during slow-wave sleep
716278005,Epilepsy with eyelid myoclonia
230414008,Epilepsy with generalized tonic-clonic seizures alone
230422001,Epilepsy with myoclonic absence
230421008,Epilepsy with myoclonic-atonic seizures
733031004,"Epilepsy, microcephaly, skeletal dysplasia syndrome"
82381000119103,Epileptic dementia with behavioral disturbance
723125008,Epileptic encephalopathy
726702005,Epileptic encephalopathy with global cerebral demyelination
402400002,Episodic autoimmune urticaria
254800003,Epithelioid cell sarcoma of skin
254635004,Epithelioid hemangioendothelioma of lung
23371004,Epsilon gamma delta beta thalassemia
302919001,Epstein-Barr virus hepatitis
201826000,Erosive osteoarthrosis
713316008,Eruption of skin co-occurrent with human immunodeficiency virus infection
254664008,Eruptive keratoacanthoma
200951007,Erythema marginatum in acute rheumatic fever
36715001,Erythema multiforme
707314000,Erythema multiforme co-occurrent with ulcer of oral mucous membrane
1163528001,Erythema multiforme due to bacterial infection
860869003,Erythema multiforme due to Herpes simplex infection
403213004,Erythema multiforme due to malignancy
402971008,Erythema multiforme due to mycoplasma infection
860870002,Erythema multiforme due to Mycoplasma pneumoniae infection
860800001,Erythema multiforme due to systemic fungal infection
762375006,Erythema multiforme due to viral disease
123571000119104,Erythema multiforme minor
238820002,Erythema multiforme of pregnancy
22972008,"Erythema multiforme, dermal type"
73658009,"Erythema multiforme, epidermal type"
86563000,"Erythema multiforme, mixed dermal-epidermal type"
200977004,Erythrodermic psoriasis
93451002,"Erythroleukemia, FAB M6"
61164006,Erythropoietic coproporphyria
59621000,Essential hypertension
18416000,Essential hypertension complicating AND/OR reason for care during childbirth
78808002,Essential hypertension complicating AND/OR reason for care during pregnancy
9901000,Essential hypertension complicating AND/OR reason for care during puerperium
72022006,Essential hypertension in obstetric context
109994006,Essential thrombocythemia
46760003,Estren-Dameshek anemia
1197416000,Euthyroid Graves orbitopathy
237551002,Euthyroid hyperthyroxinemia
237550001,Euthyroid hypothyroxinemia
237526003,Euthyroid with thyroid antibodies
75331009,Evans syndrome
307608006,Ewing's sarcoma of bone
762521001,Exacerbation of allergic asthma
782520007,Exacerbation of allergic asthma due to infection
414153008,Exacerbation of Crohn's disease of large intestine
414154002,Exacerbation of Crohn's disease of small intestine
425969006,Exacerbation of intermittent asthma
707445000,Exacerbation of mild persistent asthma
707446004,Exacerbation of moderate persistent asthma
192929006,Exacerbation of multiple sclerosis
1296646001,Exacerbation of psoriasis
707447008,Exacerbation of severe persistent asthma
414156000,Exacerbation of ulcerative colitis
429198000,Exertional hypertension
281240008,Extension of cerebrovascular accident
52661003,Extra-articular rheumatoid process
726101009,Extraintestinal Crohn's
254727007,Extramammary Paget's disease of skin
188718006,Extramedullary plasmacytoma
373888000,Extrauterine adenocarcinoma
190966007,Extreme obesity with alveolar hypoventilation
16652001,Fabry's disease
1172701002,Facial diplegia with paresthesia
17380002,Failed attempted termination of pregnancy with acute renal failure
77186001,Failed attempted termination of pregnancy with renal tubular necrosis
12983003,Failed attempted termination of pregnancy with septic shock
421660003,Failure to thrive in infant with AIDS (acquired immunodeficiency syndrome)
230265002,Familial Alzheimer's disease of early onset
230267005,Familial Alzheimer's disease of late onset
15123008,Familial amyloid nephropathy with urticaria AND deafness
62216007,Familial arthrogryposis-cholestatic hepatorenal syndrome
254843006,Familial cancer of breast
35728003,Familial cardiomyopathy
1220590003,Familial chilblain lupus erythematosus
237547004,Familial dysalbuminemic hyperthyroxinemia
237554005,Familial dyshormonogenetic goiter
784377008,Familial epilepsy with auditory features
764522009,Familial focal epilepsy with variable foci
81987005,"Familial hypokalemic alkalosis, Gullner type"
230670003,Familial infantile myasthenia
784342008,Familial infantile myoclonic epilepsy
83923004,Familial interstitial nephritis
46785007,Familial juvenile hyperuricemic nephropathy
770405003,Familial mesial temporal lobe epilepsy
784372002,Familial mesial temporal lobe epilepsy with febrile seizures
45812003,Familial methionine malabsorption
290439001,Familial obesity
127066000,Familial polycythemia vera
59229005,Familial porphyria cutanea tarda
402335001,Familial psoriasis
402336000,Familial psoriasis with affected first degree relative
402337009,Familial psoriasis without affected first degree relative
75652008,Familial renal iminoglycinuria
698021005,Familial sleep-related hypermotor epilepsy
783739005,Familial temporal lobe epilepsy
66451004,"Familial visceral amyloidosis, Ostertag type"
40488004,Fanconi syndrome
30575002,Fanconi's anemia
17110002,Fasciola gigantica infection
778029000,FASTKD2-related infantile mitochondrial encephalomyopathy
238135003,Fat pad syndrome
420900006,Fatigue with AIDS (acquired immunodeficiency syndrome)
9909003,Fatty degeneration of heart
197294009,Fatty portal cirrhosis
3419005,Faucial diphtheria
725413002,Febrile infection related epilepsy syndrome
1162362005,Felty syndrome with seronegative erosive rheumatoid arthritis
1162364006,Felty syndrome with seronegative rheumatoid arthritis
57160007,Felty's syndrome
716706009,Female restricted epilepsy with intellectual disability syndrome
4006006,Fetal tachycardia affecting management of mother
119751000146104,Fever caused by SARS-CoV-2
73305009,Fibrillary glomerulonephritis
40593004,Fibrillation
2751001,Fibrocalculous pancreatic diabetes
254703005,Fibroepithelioma of Pinkus
488007,Fibroid myocarditis
253018005,Fibrolamellar hepatocellular carcinoma
187822008,Fibrosarcoma of spleen
84362007,Fibrous autoimmune thyroiditis
197601003,Finnish congenital nephrotic syndrome
1767005,Fisher's syndrome
201791009,Flare of rheumatoid arthritis
238600001,Flexural psoriasis
40210001,Floating liver
76301009,Florid cirrhosis
230269008,Focal Alzheimer's disease
83866005,Focal AND segmental proliferative glomerulonephritis
8199003,Focal embolic nephritis syndrome
230381009,Focal epilepsy
25821008,Focal glomerular sclerosis
55294001,Focal hepatic necrosis
197626007,Focal membranoproliferative glomerulonephritis
123754002,Focal pyelonephritis
88104005,Focal thyroiditis
717276003,Folinic acid responsive seizure syndrome
254820002,Follicular atrophoderma and basal cell epitheliomata
277618009,Follicular low grade B-cell lymphoma
308121000,Follicular lymphoma
277624003,Follicular malignant lymphoma - mixed cell type
277625002,Follicular malignant lymphoma - small cleaved cell
109972003,"Follicular non-Hodgkin's lymphoma, large cell (clinical)"
109970006,"Follicular non-Hodgkin's lymphoma, small cleaved cell (clinical)"
188672005,Follicular non-Hodgkin's mixed small cleaved and large cell lymphoma
1240464006,Follicular psoriasis
255028004,Follicular thyroid carcinoma
19547001,Food poisoning caused by streptococcus
26275000,Fort Bragg Fever
276220007,Foville syndrome
262775001,Fragmentation of thyroid gland
23196009,Frambeside of early yaws
230274000,Frontal lobe degeneration with motor neurone disease
230394006,Frontal lobe epilepsy
1263585001,Frontal variant non-amnestic Alzheimer disease
230270009,Frontotemporal dementia
1260354005,Frontotemporal dementia due to C9orf72 mutation
1260355006,Frontotemporal dementia due to FUS mutation
1260352009,Frontotemporal dementia due to TARDBP mutation
1260353004,Frontotemporal dementia due to VCP mutation
235884008,Fulminant hepatic failure
427044009,Fulminant hepatitis
1217068008,Fulminant type 1 diabetes mellitus
403487009,Fulminating systemic lupus erythematosus
372247004,Fungal arthritis
24321005,Fungal meningitis
12430003,Furuncle of buttock
17379000,Furuncle of flank
21869003,Furuncle of groin
10453005,Furuncle of hand
28061009,Furuncle of hip
2606006,Furuncle of perineum
19043005,Furuncle of scalp
13640000,Fusion beats
22933009,G-6-PD class I variant anemia
34852006,G-6-PD class II variant anemia
24661004,G-6-PD class III variant anemia
82003006,G-6-PD class IV variant anemia
80963002,G-6-PD class V variant anemia
109984001,Gamma heavy chain disease (clinical)
14425001,Ganglion of yaws
24078009,Gangosa of yaws
7063008,Gangrenous pneumonia
276811008,Gastric lymphoma
302824004,Gastrinoma
397172008,Gastrointestinal Crohn's disease
237832001,Gastrointestinal hormone-secreting endocrine tumor
51928006,General paresis - neurosyphilis
202031002,Generalized arthritis
19598007,Generalized epilepsy
715629001,Generalized epilepsy and paroxysmal dyskinesia syndrome
230686005,Generalized myasthenia
87842000,Generalized neuromuscular exhaustion syndrome
238134004,Generalized obesity
201819000,Generalized osteoarthritis
267889007,Generalized osteoarthritis of the hand
402317005,Generalized psoriasis
238612002,Generalized pustular psoriasis
238613007,Generalized pustular psoriasis of pregnancy
28840001,"Generalized pustular psoriasis, exanthematous type"
237560005,Generalized thyroid hormone resistance
699688008,Genetic epilepsy with febrile seizures plus
1260139006,Genetic non-syndromic obesity
230669004,Genetically determined myasthenia
13969006,Geotrichosis
11687002,Gestational diabetes mellitus
75022004,Gestational diabetes mellitus class A1
46894009,Gestational diabetes mellitus class A2
40801000119106,Gestational diabetes mellitus complicating pregnancy
10753491000119101,Gestational diabetes mellitus in childbirth
16003001,Giant bullous emphysema
254631008,Giant cell carcinoma of lung
60812006,Giant cell myocarditis
716362006,Gingival disease co-occurrent with diabetes mellitus
709147009,Gingivitis co-occurrent with diabetes mellitus
4639008,Glanders
21857006,Glandular tularemia
393563007,Glioblastoma multiforme
276828006,Glioblastoma multiforme of brain
276829003,Glioblastoma multiforme of spinal cord
536002,Glissonian cirrhosis
197679002,Glomerular disease
22702000,Glomerulitis
36171008,Glomerulonephritis
89681000119101,Glomerulonephritis co-occurrent and due to scleroderma
197661001,Glomerulosclerosis
45414006,Glucocorticoid deficiency with achalasia
62403005,Glucose-6-phosphate dehydrogenase deficiency anemia
30102006,Glucose-6-phosphate transport defect
39112005,Glutathione synthase deficiency with 5-oxoprolinuria
235908005,Glycogen phosphorylase kinase deficiency
66937008,Glycogen storage disease type III
41527003,Glycogen storage disease type VIII
6075009,"Glycogen storage disease, hepatic form"
7265005,"Glycogen storage disease, type I"
11179002,"Glycogen storage disease, type IV"
29291001,"Glycogen storage disease, type VI"
61598006,Glycogenosis with glucoaminophosphaturia
15332004,Goats' milk anemia
3716002,Goiter
1351676004,Goitrous Hashimoto thyroiditis
123800009,Goldblatt hypertension
272006008,Gonococcal arthritis dermatitis syndrome
28438004,Gonococcal conjunctivitis neonatorum
61048000,Gonococcal endocarditis
9241004,Gonococcal heart disease
235863003,Gonococcal hepatitis
44743006,Gonococcal infection of joint
9091006,Gonococcal iridocyclitis
151004,Gonococcal meningitis
240582004,Gonococcal synovitis
15628003,Gonorrhea
50581000,Goodpasture's syndrome
69408002,Gorlin syndrome
48440001,Gouty arthritis
201669005,Gouty arthritis of ankle and/or foot
67148009,Gouty arthritis of great toe
201666003,Gouty arthritis of hand
201670006,Gouty arthritis of multiple sites
201667007,Gouty arthritis of pelvic region and thigh
201663006,Gouty arthritis of shoulder region
27277001,Gouty tophus of heart
28867007,Granuloma inguinale
86514004,Granulomatous hepatitis
37061001,Granulomatous sarcoid nephropathy
277796003,Granulomatous slack skin disease
353295004,Graves' disease
137421000119106,Graves' disease in remission
26151008,Graves' disease with acropachy AND with thyrotoxic crisis
479003,Graves' disease with pretibial myxedema AND with thyrotoxic crisis
774204006,"Growth retardation, mild developmental delay, chronic hepatitis syndrome"
40956001,Guillain-Barré syndrome
27684000,Gummatous periostitis of yaws
402313009,Guttate flare of psoriasis with preexisting plaques
403521006,Guttate morphea
37042000,Guttate psoriasis
238133005,Gynecoid obesity
46527004,Haemophilus influenzae arthritis
5900006,Haemophilus influenzae meningitis
19021002,Haemophilus influenzae otitis media
118613001,Hairy cell leukemia (clinical)
93151007,Hairy cell leukemia of spleen
277568007,Hairy cell leukemia variant
2421000119107,Hallucinations co-occurrent and due to late onset dementia
235873001,Halothane hepatitis
86225009,Hapten type high affinity hemolytic anemia
44206008,Hapten type low affinity hemolytic anemia
22011005,"Hartnup disorder, renal type"
36891003,"Hartnup disorder, renal/jejunal type"
21983002,Hashimoto thyroiditis
237500008,Hashitoxicosis - transient
233683003,Hay fever with asthma
69216008,Hb Lepore thalassemia
237507006,HCG-induced thyrotoxicosis
123610002,Healed glomerulonephritis
123612005,Healed pyelonephritis
56265001,Heart disease
713298006,Heart disease co-occurrent with human immunodeficiency virus infection
55565007,Heart failure following obstetric procedure
368009,Heart valve disorder
40445007,Heart valve regurgitation
44241007,Heart valve stenosis
68979007,Heavy chain disease
6185008,Helicobacter-associated disease
95605009,HELLP syndrome
93469006,Hemangioma of liver
21580006,Hematoma AND contusion of liver with open wound into abdominal cavity
420384005,Hematopoietic system disease with AIDS (acquired immunodeficiency syndrome)
230407006,Hemiplegia-hemiconvulsion-epilepsy syndrome
5300004,Hemoglobin Bart's hydrops syndrome
48553001,Hemoglobin H disease
76224000,Hemoglobinuric nephrosis
61261009,Hemolytic anemia
76366001,Hemolytic anemia caused by Bartonella
28147001,Hemolytic anemia caused by Clostridium welchii
81711008,Hemolytic anemia caused by drugs
24620004,Hemolytic anemia due to babesiosis
5315003,Hemolytic anemia due to erythrocyte adenosine deaminase overproduction
38689004,Hemolytic anemia due to infection
77663007,Hemolytic anemia due to malaria
4939006,Hemolytic anemia due to nonlymphoid neoplasm
60805002,Hemolytic anemia with emphysema AND cutis laxa
32858009,Hemolytic disease of fetus OR newborn due to ABO immunization
111407006,Hemolytic uremic syndrome
36568005,Hemolytic uremic syndrome of childhood
78209002,"Hemolytic uremic syndrome, adult type"
95571006,Hemorrhage of kidney
16763008,Hemorrhage of liver
3002002,Hemorrhage of thyroid
181007,Hemorrhagic bronchopneumonia
73397007,Heparin-induced thrombocytopenia
111588002,Heparin-induced thrombocytopenia with thrombosis
186395002,Hepatic actinomycosis
9551004,Hepatic amyloidosis
58994008,Hepatic coccidiosis
76281005,Hepatic congestion
187093007,Hepatic cryptococcosis
59927004,Hepatic failure
213230009,Hepatic failure as a complication of care
22508003,Hepatic failure due to a procedure
62484002,Hepatic fibrosis
235901004,Hepatic fibrosis with hepatic sclerosis
714253009,Hepatic granuloma
197367007,Hepatic granulomas in berylliosis
197368002,Hepatic granulomas in sarcoidosis
17890003,Hepatic infarction
87248009,Hepatic necrosis
55056006,Hepatic porphyria
240791003,Hepatic schistosomal granuloma
90753004,Hepatic schistosomiasis
235899008,Hepatic sclerosis
38739001,Hepatic vein thrombosis
442374005,Hepatitis B and hepatitis C
442134007,Hepatitis B associated with Human immunodeficiency virus infection
1230342001,Hepatitis B reinfection following liver transplantation
197344005,Hepatitis caused by adenovirus
1087101000119109,Hepatitis caused by human herpes simplex virus
721588008,Hepatitis caused by sexually transmissible virus
1222580004,Hepatitis caused by Toxoplasma gondii
235865005,Hepatitis D superinfection of hepatitis B carrier
17681007,Hepatitis due to acquired disseminated toxoplasmosis
235862008,Hepatitis due to infection
36155008,Hepatitis in coxsackie viral disease
197347003,Hepatitis in late syphilis
197348008,Hepatitis in secondary syphilis
197342009,Hepatitis in yellow fever
109843000,Hepatoblastoma
66789005,Hepatocellular jaundice
421230000,Hepatomegaly with AIDS (acquired immunodeficiency syndrome)
36631002,Hepatomphalocele
50701000,Hepatoptosis
51292008,Hepatorenal syndrome
213231008,Hepatorenal syndrome as a complication of care
31005002,Hepatorenal syndrome due to a procedure
22846003,Hepatorenal syndrome following delivery
240789006,Hepatosplenic schistosomiasis
860856002,Hepatosplenic schistosomiasis caused by Schistosoma haematobium
1163464002,Hepatosplenic schistosomiasis caused by Schistosoma japonicum
36760000,Hepatosplenomegaly
7425008,Hereditary coproporphyria
75443009,Hereditary elliptocytosis due to abnormal protein 4.1
8857001,Hereditary elliptocytosis due to alpha spectrin defect
73073009,Hereditary elliptocytosis due to beta spectrin defect in self-association
66262001,Hereditary elliptocytosis due to beta spectrin-ankyrin interaction
5994005,Hereditary elliptocytosis due to deficiency of protein 4.1
15121005,Hereditary elliptocytosis due to glycophorin C deficiency
38911009,Hereditary hemolytic anemia
54006005,Hereditary persistence of fetal hemoglobin delta beta plus thalassemia
61395005,Hereditary persistence of fetal hemoglobin G gamma beta plus thalassemia
16964007,Hereditary persistence of fetal hemoglobin thalassemia
9434008,Hereditary pyropoikilocytosis
55995005,Hereditary spherocytosis
69981004,Hereditary spherocytosis due to beta spectrin defect
47516005,Hereditary spherocytosis due to combined deficiency of spectrin AND ankyrin
33905008,Hereditary spherocytosis due to deficiency of protein 4.2
25266006,Hereditary spherocytosis due to spectrin deficiency
14087004,Hereditary stomatocytosis
78815005,Hereditary tubulointerstitial disorder
54627004,Hereditary xanthinuria
86081009,Herpes gestationis
28664002,Herpes iris
1475003,Herpes labialis
13608004,Herpes simplex iridocyclitis
20555001,Herpes simplex iritis
9389005,Herpes simplex keratitis
23291008,Herpes simplex meningitis
4740000,Herpes zoster
21954000,Herpes zoster auricularis
10698009,Herpes zoster iridocyclitis
10491005,Herpes zoster meningitis
422127002,Herpes zoster with AIDS (acquired immunodeficiency syndrome)
23513009,Herpesvirus infection
19663002,Herpesvirus T infection
10227000,Herpetic infection of penis
27420004,Herpetic vulvovaginitis
771145006,Herpetiform pemphigus
19442009,Heterozygous thalassemia
18638007,Hidradenitis suppurativa of anus
277617004,High grade B-cell lymphoma
277643003,High grade T-cell lymphoma
10091002,High output heart failure
19769006,High-renin essential hypertension
240180001,Hip juvenile osteochondropathy
78311009,Histidine transport defect
307650006,Histiocytic medullary reticulosis
109988003,Histiocytic sarcoma (clinical)
12962009,Histoplasmosis
187062006,Histoplasmosis liver
420945005,Histoplasmosis with AIDS (acquired immunodeficiency syndrome)
87117006,HIV infection with acute lymphadenitis
48794007,HIV infection with infectious mononucleosis-like syndrome
315058005,HNPCC - hereditary nonpolyposis colon cancer
78908001,HNSHA due to decreased adenosine deaminase activity
62268000,HNSHA due to diphosphoglycerate mutase deficiency
25251008,HNSHA due to gamma glutamyl cysteine synthetase deficiency
52413004,HNSHA due to glucose phosphate isomerase deficiency
52212006,HNSHA due to glutathione reductase deficiency
42484009,HNSHA due to hexokinase deficiency
47526003,HNSHA due to NADH diaphorase deficiency
41387000,HNSHA due to phosphofructokinase deficiency
59644002,HNSHA due to phosphoglycerate kinase deficiency
34194007,HNSHA due to pyrimidine-5'-nucleotidase deficiency
44641000,HNSHA due to triosephosphate isomerase deficiency
118605002,"Hodgkin lymphoma, nodular lymphocyte predominance (clinical)"
118599009,Hodgkin's disease (clinical)
93520007,Hodgkin's disease of intra-abdominal lymph nodes
93521006,Hodgkin's disease of intrapelvic lymph nodes
93522004,Hodgkin's disease of intrathoracic lymph nodes
93526001,Hodgkin's disease of lymph nodes of multiple sites
93527005,Hodgkin's disease of spleen
118610003,"Hodgkin's disease, lymphocytic depletion (clinical)"
188587006,"Hodgkin's disease, lymphocytic depletion of intra-abdominal lymph nodes"
188591001,"Hodgkin's disease, lymphocytic depletion of intrapelvic lymph nodes"
188586002,"Hodgkin's disease, lymphocytic depletion of intrathoracic lymph nodes"
188593003,"Hodgkin's disease, lymphocytic depletion of lymph nodes of multiple sites"
188592008,"Hodgkin's disease, lymphocytic depletion of spleen"
307633009,"Hodgkin's disease, lymphocytic depletion, diffuse fibrosis"
307634003,"Hodgkin's disease, lymphocytic depletion, reticular type"
277609007,"Hodgkin's disease, lymphocytic predominance - diffuse"
93500006,"Hodgkin's disease, lymphocytic-histiocytic predominance of spleen"
118609008,"Hodgkin's disease, mixed cellularity (clinical)"
188577007,"Hodgkin's disease, mixed cellularity of intra-abdominal lymph nodes"
188580008,"Hodgkin's disease, mixed cellularity of intrapelvic lymph nodes"
188576003,"Hodgkin's disease, mixed cellularity of intrathoracic lymph nodes"
188582000,"Hodgkin's disease, mixed cellularity of lymph nodes of multiple sites"
93509007,"Hodgkin's disease, mixed cellularity of spleen"
118608000,"Hodgkin's disease, nodular sclerosis (clinical)"
307635002,"Hodgkin's disease, nodular sclerosis - cellular phase"
277612005,"Hodgkin's disease, nodular sclerosis - lymphocytic depletion"
277610002,"Hodgkin's disease, nodular sclerosis - lymphocytic predominance"
277611003,"Hodgkin's disease, nodular sclerosis - mixed cellularity"
188567005,"Hodgkin's disease, nodular sclerosis of intra-abdominal lymph nodes"
188570009,"Hodgkin's disease, nodular sclerosis of intrapelvic lymph nodes"
188566001,"Hodgkin's disease, nodular sclerosis of intrathoracic lymph nodes"
188572001,"Hodgkin's disease, nodular sclerosis of lymph nodes of multiple sites"
93518009,"Hodgkin's disease, nodular sclerosis of spleen"
118602004,Hodgkin's granuloma (clinical)
188536008,Hodgkin's granuloma of intra-abdominal lymph nodes
93530003,Hodgkin's granuloma of intrapelvic lymph nodes
93531004,Hodgkin's granuloma of intrathoracic lymph nodes
188541000,Hodgkin's granuloma of lymph nodes of multiple sites
93536009,Hodgkin's granuloma of spleen
188529007,Hodgkin's paragranuloma of intrapelvic lymph nodes
188524002,Hodgkin's paragranuloma of intrathoracic lymph nodes
188531003,Hodgkin's paragranuloma of lymph nodes of multiple sites
118606001,Hodgkin's sarcoma (clinical)
93547002,Hodgkin's sarcoma of intra-abdominal lymph nodes
93548007,Hodgkin's sarcoma of intrapelvic lymph nodes
93549004,Hodgkin's sarcoma of intrathoracic lymph nodes
188551004,Hodgkin's sarcoma of lymph nodes of multiple sites
93554008,Hodgkin's sarcoma of spleen
35577008,Holoacardius acephalus
59554006,Holoacardius acormus
41049003,Holoacardius amorphus
19092004,Holt-Oram syndrome
26682008,Homozygous beta thalassemia
111386004,Homozygous porphyria cutanea tarda
41729002,Horseshoe kidney
763534009,Hot water reflex epilepsy
123763000,Houssay's syndrome
85557000,HPFH deletion type
56205004,HPFH nondeletion type
32855007,HPFH unlinked to beta-globulin gene cluster
1186724002,HTRA1-related autosomal dominant cerebral small vessel disease
398329009,Human immunodeficiency virus encephalitis
397763006,Human immunodeficiency virus encephalopathy
235726002,Human immunodeficiency virus enteropathy
40780007,Human immunodeficiency virus I infection
79019005,Human immunodeficiency virus II infection
86406008,Human immunodeficiency virus infection
186706006,Human immunodeficiency virus infection constitutional disease
186707002,Human immunodeficiency virus infection with neurological disease
230180003,Human immunodeficiency virus leukoencephalopathy
240103002,Human immunodeficiency virus myopathy
14024008,Humoral immunologic aplastic anemia
5667009,"Hunter's syndrome, mild form"
73146005,"Hunter's syndrome, severe form"
58756001,Huntington's chorea
19608008,Hurthle cell metaplasia of thyroid gland
187144000,Hydatid cyst of kidney
91623008,Hydroa herpetiformis
71110009,Hydrocalycosis
721231007,Hydrocephalus with obesity and hypogonadism syndrome
71215005,Hydrohepatosis
43064006,Hydronephrosis
40068008,Hydroureteronephrosis
235906009,Hyperbilirubinemia - conjugated - type III
33763006,Hypercalcemic nephropathy
785726009,Hyperekplexia epilepsy syndrome
278189009,Hypergranular promyelocytic leukemia
422194002,Hyperhidrosis with AIDS (acquired immunodeficiency syndrome)
111036000,Hyperinsulinar obesity
54781007,"Hyperkalemia, diminished renal excretion"
27012009,Hyperkinetic heart disease
414438005,Hyperplastic obesity
293481008,Hyperplastic-hypertrophic obesity
547009,Hypersecretion of calcitonin
427889009,Hypertension associated with transplantation
82771000119102,Hypertension complicating pregnancy
198941007,"Hypertension complicating pregnancy, childbirth and the puerperium"
541000119105,"Hypertension complicating pregnancy, childbirth and the puerperium, antepartum"
704667004,Hypertension concurrent and due to end stage renal disease on dialysis
871642009,Hypertension due to aortic arch obstruction
1204139007,Hypertension due to congenital adrenal hyperplasia
766937004,Hypertension due to gain-of-function mutation in mineralocorticoid receptor
71701000119105,Hypertension in chronic kidney disease due to type 1 diabetes mellitus
71421000119105,Hypertension in chronic kidney disease due to type 2 diabetes mellitus
1332464001,Hypertension in chronic kidney disease stage 2 due to type 1 diabetes mellitus
140131000119102,Hypertension in chronic kidney disease stage 2 due to type 2 diabetes mellitus
1332442005,Hypertension in chronic kidney disease stage 3 due to type 1 diabetes mellitus
140121000119100,Hypertension in chronic kidney disease stage 3 due to type 2 diabetes mellitus
1332441003,Hypertension in chronic kidney disease stage 3A due to type 1 diabetes mellitus
1332466004,Hypertension in chronic kidney disease stage 3A due to type 2 diabetes mellitus
1332436006,Hypertension in chronic kidney disease stage 3B due to type 1 diabetes mellitus
1332465000,Hypertension in chronic kidney disease stage 3B due to type 2 diabetes mellitus
1332468003,Hypertension in chronic kidney disease stage 4 due to type 1 diabetes mellitus
140111000119107,Hypertension in chronic kidney disease stage 4 due to type 2 diabetes mellitus
1332467008,Hypertension in chronic kidney disease stage 5 due to type 1 diabetes mellitus
140101000119109,Hypertension in chronic kidney disease stage 5 due to type 2 diabetes mellitus
367390009,Hypertension in the obstetric context
698640000,Hypertension in the puerperium with pulmonary edema
169465000,Hypertension induced by oral contraceptive pill
194791005,Hypertension secondary to drug
194788005,Hypertension secondary to endocrine disorder
428575007,Hypertension secondary to kidney transplant
111438007,Hypertension secondary to renal disease in obstetric context
397748008,Hypertension with albuminuria
706882009,Hypertensive crisis
38341003,Hypertensive disorder
132721000119104,Hypertensive emergency
86234004,Hypertensive heart AND renal disease
49102001,Hypertensive heart AND renal disease in obstetric context
194779001,Hypertensive heart and renal disease with (congestive) heart failure
194780003,Hypertensive heart and renal disease with renal failure
64715009,Hypertensive heart disease
59733002,Hypertensive heart disease complicating AND/OR reason for care during childbirth
20753005,Hypertensive heart disease complicating AND/OR reason for care during pregnancy
34273003,Hypertensive heart disease complicating AND/OR reason for care during puerperium
5148006,Hypertensive heart disease with congestive heart failure
60899001,Hypertensive heart disease without congestive heart failure
46113002,Hypertensive heart failure
38481006,Hypertensive renal disease
49171007,Hypertensive renal disease complicating AND/OR reason for care during childbirth
66709007,Hypertensive renal disease complicating AND/OR reason for care during pregnancy
57873008,Hypertensive renal disease complicating AND/OR reason for care during puerperium
73030000,Hypertensive renal disease in obstetric context
49220004,Hypertensive renal failure
443482000,Hypertensive urgency
34486009,Hyperthyroidism
87232008,Hyperthyroidism due to ectopic thyroid nodule
40607004,Hyperthyroidism due to hydatidiform mole with thyrotoxic crisis
44744000,Hyperthyroidism due to molar thyrotropin
25008002,Hyperthyroidism due to struma ovarii
62052002,Hyperthyroidism secondary to amiodarone
5834008,Hyperthyroidism secondary to potassium iodide
67723002,Hyperthyroidism secondary to radio contrast dye
27538003,Hyperthyroidism with Hashimoto disease
295509007,Hypertrophic obesity
45227007,Hypertrophic obstructive cardiomyopathy
402322005,Hypertrophic palmar psoriasis
402323000,Hypertrophic palmoplantar psoriasis
403492006,Hypertrophic type discoid lupus erythematosus
88531004,Hypertrophy of kidney
5036006,Hypogonadal obesity
54879000,Hypokalemic nephropathy
39589002,Hypoplasia of right heart
41614006,Hypoplastic anemia
62067003,Hypoplastic left heart syndrome
766932005,Hypothalamic hamartoma with gelastic seizure
37429009,Hypothalamic hypothyroidism
82793005,Hypothalamic obesity
216693007,Hypothyroid dwarfism
237518006,"Hypothyroid goiter, acquired"
53146006,Hypothyroid obesity
40930008,Hypothyroidism
49830003,Hypothyroidism caused by food stuff
70225006,Hypothyroidism caused by iodide excess
190277005,Hypothyroidism caused by radiation
190284002,Hypothyroidism caused by resorcinol
60733007,Hypothyroidism due to amyloidosis
42785009,Hypothyroidism due to cystinosis
56041007,Hypothyroidism due to defect in thyroid hormone synthesis
39444001,Hypothyroidism due to fibrous invasive thyroiditis
237520009,Hypothyroidism due to Hashimoto's thyroiditis
30229009,Hypothyroidism due to infiltrative disease
237556007,Hypothyroidism due to iodide organification defect
237555006,Hypothyroidism due to iodide trapping defect
78574007,Hypothyroidism due to sarcoidosis
63115005,Hypothyroidism due to scleroderma
237521008,Hypothyroidism due to TSH receptor blocking antibody
14779006,Hypothyroidism following external beam radiation therapy
40539002,Hypothyroidism following radioiodine therapy
190282003,Hypothyroidism resulting from para-aminosalicylic acid
190283008,Hypothyroidism resulting from phenylbutazone
235897005,Hypoxia-associated cirrhosis
67132008,Hypoxic nephrosis
88273006,Iatrogenic hypothyroidism
1344635001,Iatrogenic ischemic cerebral infarction
61556008,Iatrogenic thyroiditis
237508001,Iatrogenic thyrotoxicosis
715534008,ICCA syndrome
1447000,Icthyoparasitism
28749009,Icthyoparasitism caused by Vandellia cirrhosa
69730002,Idiojunctional tachycardia
47330001,Idiopathic acute tubulointerstitial nephritis
83664006,Idiopathic atrophic hypothyroidism
6398009,Idiopathic chronic cold agglutinin disease
82112005,Idiopathic chronic tubulointerstitial nephritis
64168005,"Idiopathic crescentic glomerulonephritis, type I"
55652009,"Idiopathic crescentic glomerulonephritis, type III"
36803009,Idiopathic generalized epilepsy
723108006,Idiopathic granulomatous hepatitis
11480007,Idiopathic granulomatous interstitial nephropathy
276553003,Idiopathic hepatitis in infancy
239862000,Idiopathic osteoarthritis
62871001,Idiopathic paroxysmal cold hemoglobinuria
44221002,Idiopathic polyarthritis
239835008,Idiopathic pyrophosphate arthritis
237695004,Idiopathic TSH (thyroid stimulating hormone) deficiency
49260003,Idioventricular rhythm
285420006,IgA myeloma
402717008,IgA pemphigus
424643009,IgE-mediated allergic asthma
285421005,IgG myeloma
722870008,IgG4-related sclerosing cholangitis
1197733006,Ileojejunal Crohn disease
84121007,Iminoglycinuria
123752003,Immune-complex glomerulonephritis
191306005,Immunoglobulin A vasculitis
285422003,Immunoglobulin D myeloma
1187508009,Immunoglobulin G4 related aortitis
1255207005,Immunoglobulin G4 related eosinophilic angiocentric fibrosis
1186834004,Immunoglobulin G4 related hypophysitis
1187507004,Immunoglobulin G4 related kidney disease
1187510006,Immunoglobulin G4 related ophthalmic disease
762282007,Immunoglobulin G4 related pachymeningitis
1290776006,Immunoglobulin G4 related periaortitis
1264005000,Immunoglobulin G4 related submandibular gland disease
1357753002,Immunoglobulin G4 related thyroid disease
77084001,Immunologic aplastic anemia
45927004,Immunologic mediated TIN (tubulointerstitial nephritis)
109985000,Immunoproliferative small intestinal disease (clinical)
237282002,Impending eclampsia
25106000,Impending infarction
15733007,Incipient enamel caries
50608004,Incompetence of papillary muscle
55836009,Incoordination of papillary muscle
14386001,Indeterminate leprosy
6183001,Indian childhood cirrhosis
3095005,Induced malaria
724274009,Infant epilepsy with migrant focal crisis
771223000,Infantile epileptic dyskinetic encephalopathy
62332007,Infantile nephropathic cystinosis
238616004,Infantile pustular psoriasis
770438007,Infantile spasm and broad thumb syndrome
773421009,Infantile-onset mesial temporal lobe epilepsy with severe cognitive regression
11859008,Infarction of thyroid
11666007,Infected hydrocele
2622007,Infected ulcer of skin
6298007,Infection by Absidia
18534003,Infection by Acrotheca aquaspersa
7645009,Infection by Aelurostrongylus
16880001,Infection by Alaria
7465007,Infection by Amidostomum
16738008,Infection by Amoebotaenia
7706009,Infection by Anoplocephala magna
14032000,Infection by Armillifer armillatus
23477004,Infection by Ascaridia dissimilis
21871003,Infection by Ascarops
26053008,Infection by Ascomycetes
24147008,Infection by Aspergillus flavus
4860004,Infection by Aspergillus niger
28671007,Infection by Athesmia foxi
4921002,Infection by Basidiobolus
13917001,Infection by Bertiella
12329007,Infection by Bilharziella
26281008,Infection by Bunostomum phlebotomum
5071006,Infection by Camallanus
10485008,Infection by Choanotaenia
1297003,Infection by Cladosporium carrionii
12524001,Infection by Coenurosis cerebralis
3641001,Infection by Coenurosis serialis
28500000,Infection by Collyriculum
2158004,Infection by Contracaecum
28171008,Infection by Cooperia
26137008,Infection by Cotugnia
1724002,Infection by Crenosoma
26081002,Infection by Cryptosporidium crotalis
7977009,Infection by Cryptosporidium meleagridis
15907009,Infection by Cryptosporidium parvum
6323005,Infection by Cyathostoma
2114004,Infection by Cysticercus pisiformis
11051005,Infection by Cysticercus tarandi
24387006,Infection by Davainea
15629006,Infection by Dipetalonema
6882009,Infection by Dipetalonema reconditum
7877005,Infection by Diphyllobothrium latum
11916004,Infection by Diplodinium
6897007,Infection by Diplogonoporus grandis
6150008,Infection by Diplostomum
9444005,Infection by Dipylidium caninum
12825006,Infection by Encephalitozoon
8490007,Infection by Encephalitozoon cuniculi
4915001,Infection by Entamoeba coli
10679007,Infection by Giardia lamblia
5082003,Infection by Gigantobilharzia
20463003,Infection by Globocephalus urosubulatus
6546006,Infection by Gongylonema verrucosum
19377008,Infection by Habronema
15113004,Infection by Haemonchus
13549009,Infection by Heterobilharzia
22905009,Infection by Heterophyes heterophyes
26152001,Infection by Ichthyophthirius
5765005,Infection by Leishmania tropica minor
7095009,Infection by Lentospora
1606009,Infection by Macracanthorhynchus hirudinaceus
6242007,Infection by Marshallagia
26123004,Infection by Metorchis
20220004,Infection by Metroliasthes
16108008,Infection by Moniezia expansa
2341000,Infection by Moniliformis
3993001,Infection by Muellerius
9038003,Infection by Multiceps multiceps
17723000,Infection by Naegleria
6977003,Infection by Neoechinorhynchus
6262004,Infection by Nippostrongylus
16142004,Infection by Nosema
4835004,Infection by Nosema bombycis
27776006,Infection by Nosema connori
22500005,Infection by Oesophagostomum
3464007,Infection by Oesophagostomum dentatum
90281006,Infection by Opisthorchis viverrini
15693002,Infection by Ornithobilharzia
21090005,Infection by Ostertagia
12975009,Infection by Parafilaria
12520005,Infection by Parafilaroides
19288000,Infection by Pentastoma najae
22922006,Infection by Physaloptera
7493006,Infection by Plagiorchis
27794000,Infection by Platynosomum
10381000,Infection by Pneumostrongylus
18118007,Infection by Porocephalus moniliformis
24766003,Infection by Porrocaecum
5018006,Infection by Probstmayria
2808009,Infection by Prosthenorchis elegans
28850000,Infection by Prosthogonimus
6464001,Infection by Prosthogonimus macrorchis
15659001,Infection by Pseudoterranova
3529000,Infection by Sanguinicola
17647001,Infection by Saprolegnia
27335004,Infection by Sarcocystis lindemanni
10087007,Infection by Schistosoma
8841001,Infection by Schistosoma chestermani
2850009,Infection by Schistosoma incognitum
6752005,Infection by Schistosoma spindale
15900006,Infection by Schistosomatium douthitti
4414005,Infection by Setaria
6677000,Infection by Simondsia
14955004,Infection by Spirocerca sanguinolenta
21437004,Infection by Stellantchasmus falcatus
6627003,Infection by Stilesia
1214006,Infection by Strongyloides
19549003,Infection by Strongyloides cebus
18956009,Infection by Strongyloides ransomi
17425008,Infection by Strongyloides stercoralis
3254001,Infection by Strongyloides westeri
8167009,Infection by Taenia hydatigena
13339005,Infection by Taenia pisiformis
6316009,Infection by Theileria annulata
10863009,Infection by Theileria lawrenci
17658005,Infection by Theileria parva
6207008,Infection by Thysaniezia
8178001,Infection by Trichobilharzia
18849004,Infection by Trichostrongylus axei
13471002,Infection by Trichuris ovis
28951000,Infection by Trichuris suis
9866007,Infection by Trichuris vulpis
19899009,Infection by Triodontophorus
27451006,Infection by Tritrichomonas
20164002,Infection by Troglostrongylus
15566009,Infection by Trypanosoma equiperdum
25350007,Infection by Trypanosoma simiae
6605007,Infection by Trypanosoma vivax
15133000,Infection by Vampirolepis
17185004,Infection by Wehrdikmansia
15246001,Infection caused by Arcanobacterium pyogenes
2918000,Infection caused by Bacteroides
27601005,Infection caused by Cestoda and/or Trematoda and/or Phylum Nematoda
14523006,Infection caused by Cystoisospora belli
22312005,Infection caused by Leptospira bataviae
6040009,Infection caused by Mycobacterium fortuitum
21704002,Infection caused by Mycobacterium kansasii
19020001,Infection caused by Mycobacterium scrofulaceum
24311002,Infection caused by Mycobacterium smegmatis
15042005,Infection caused by Mycobacterium vaccae
23257009,Infection caused by Paragonimus westermani
11218009,Infection caused by Pseudomonas aeruginosa
10573002,Infection of amniotic cavity
202756004,Infection of intervertebral disc - pyogenic
860861000,Infection of liver and spleen caused by Schistosoma mansoni
880529761000119102,Infection of lower respiratory tract caused by SARS-CoV-2
19824006,Infection of skin and/or subcutaneous tissue
19773009,Infection of the breast AND/OR nipple associated with childbirth
1240541000000107,Infection of upper respiratory tract caused by SARS-CoV-2
109666001,Infectious arthritis of temporomandibular joint
235896001,Infectious cirrhosis
19213003,Infectious diarrheal disease
40733004,Infectious disease
445945000,Infectious disease with acquired immune deficiency syndrome
129128006,Infectious disorder of kidney
12463005,Infectious gastroenteritis
421454008,Infectious gastroenteritis with AIDS (acquired immunodeficiency syndrome)
7066000,Infectious lymphangitis
111892001,Infectious neonatal hepatitis
3511005,Infectious thyroiditis
421708000,Infective arthritis with AIDS (acquired immunodeficiency syndrome)
27023008,Infective dermatitis of eyelid
302935008,Infective discitis
23623005,Infective mastitis
61126009,Infective polyarthritis
11189003,Infestation by Acarus
13557007,Infestation by bed bug
26498006,Infestation by Boophilus
6128007,Infestation by Ceratophyllus
20833001,Infestation by Cochliomyia
23855008,Infestation by Cuterebra
19689002,Infestation by Cytodites nudus
17251008,Infestation by Demodex canis
22464000,Infestation by Demodex cati
22203006,Infestation by Demodex folliculorum
8383003,Infestation by Demodex phylloides
15032008,Infestation by Dermacentor
9595005,Infestation by Dermanyssidae
14005005,Infestation by Dermanyssus gallinae
1828006,Infestation by Gasterophilus haemorrhoidalis
19081000,Infestation by Gasterophilus inermis
3908001,Infestation by Haematopinus
9201008,Infestation by Knemidokoptes
6095003,Infestation by Linognathus
21255005,Infestation by Lucilia
17607008,Infestation by Muscidae
19984005,Infestation by Myocoptes
15038007,Infestation by Myocoptes musculinus
20848007,Infestation by Pediculus
21766002,Infestation by Phormia
19690006,Infestation by Phthirus
9505000,Infestation by Pneumonyssus simicola
1903004,Infestation by Psorergates ovis
21913008,Infestation by Psorergates simplex
20444004,Infestation by Psoroptes
19698004,Infestation by Pulex
13631004,Infestation by Pyemotes ventricosus
25288006,Infestation by Sarcoptes scabiei var equi
7917000,Infestation by Sarcoptes scabiei var ovis
4922009,Infestation by Simuliidae
23936007,Infestation by Tabanidae
27404009,Infestation by Trombicula
23561002,Infestation by Varroidae
4175009,Infestation caused by Oestrus
8539008,Infestation caused by Oestrus ovis
24929001,Infestion by Cytodites
278054005,Infiltrating lobular carcinoma of breast
186175002,Infiltrative lung tuberculosis
1186652002,"Inflammatory bowel disease, recurrent sinopulmonary infection syndrome"
254840009,Inflammatory carcinoma of breast
128241005,Inflammatory disease of liver
717329009,Inflammatory pseudotumor of liver
6142004,Influenza
24662006,Influenza caused by Influenza B virus
32875003,Inhalant-induced persisting dementia
11389007,Inhalational anthrax
36985004,Inherited disorder of thyroid metabolism
3759007,Injury of heart with open wound into thorax
39131004,Injury of heart without open wound into thorax
64638002,Injury of hepatic vein
40095003,Injury of kidney
61474001,Injury of kidney with open wound into abdominal cavity
20341008,Injury of kidney without open wound into abdominal cavity
39400004,Injury of liver
15151004,Injury of liver with open wound into abdominal cavity
34798003,Injury of liver without open wound into abdominal cavity
237573009,Injury of thyroid gland
408539000,Insulin autoimmune syndrome
23045005,Insulin dependent diabetes mellitus type 1A
28032008,Insulin dependent diabetes mellitus type 1B
237651005,Insulin resistance - type A
237652003,Insulin resistance - type B
237599002,Insulin treated type 2 diabetes mellitus
774102003,"Intellectual disability, obesity, prognathism, eye and skin anomalies syndrome"
770750002,"Intellectual disability, seizures, macrocephaly, obesity syndrome"
1303868000,Intermediate DEND syndrome
285776004,Intermediate grade B-cell lymphoma
10674991000119104,Intermittent allergic asthma
427603009,Intermittent asthma
125021000119107,Intermittent asthma co-occurrent with allergic rhinitis
1741000119102,Intermittent asthma uncontrolled
697929007,Intermittent hypertension
74885006,Interphalangeal osteoarthritis
38274001,Interpolated ventricular premature complexes
77690003,Interstitial emphysema of lung
37925008,Interstitial myocarditis
870573008,Interstitial pneumonitis with autoimmune features
26249004,Intestinal infection caused by Cestoda and/or Trematoda and/or Phylum Nematoda
420321004,Intestinal malabsorption with AIDS (acquired immunodeficiency syndrome)
20860008,Intestinal myiasis
11618000,Intra-amniotic infection of fetus
239849004,Intra-articular steroid-induced arthritis and periarthritis
1102005,Intraerythrocytic parasitosis by Nuttallia
109842005,Intrahepatic bile duct carcinoma
1197729004,Intrahepatic cholangitis due to intrahepatic cholelithiasis
80304004,Intrathyroidal calcification AND goiter syndrome
1089000,Intrauterine sepsis of fetus
4554005,Intraventricular conduction defect
266361008,Intrinsic asthma
12428000,Intrinsic asthma without status asthmaticus
3214003,Invasive pulmonary aspergillosis
321717001,Involutional depression
52724003,Iodide oxidation defect
81873006,Iodide peroxidase defect
22558005,Iodide transport defect
45476004,"Iodine deficiency disease, non goiter"
237562002,Iodine deficiency syndrome
190279008,Iodine hypothyroidism
237571006,Iodine-deficiency-related multinodular endemic goiter
237510004,Iodine-induced hyperthyroidism
17885001,Iodotyrosine deiodination defect
23536000,Iodotyrosyl coupling defect
410485009,Iritis with Crohn's disease
410484008,Iritis with ulcerative colitis
235877000,Ischemic hepatitis
422504002,Ischemic stroke
140911000119109,Ischemic stroke with coma
140921000119102,Ischemic stroke without coma
725132001,Ischemic stroke without residual deficits
723123001,Ischemic vascular dementia
203395009,Iselin's disease
404808000,Isocyanate induced asthma
39502009,Isolated atrial amyloid
80010008,Isolated bronchial tuberculosis
25646005,Isolated cystinuria
55482007,Isolated diffuse granulomatous myocarditis
48655003,Isolated familial renal hypomagnesemia
1149218009,Isolated nailfold rheumatoid vasculitis
89261000,Isolated thyrotropin deficiency
1187126002,ITM2B-related amyloidosis
47830009,Junctional escape beats
230413002,Juvenile absence epilepsy
718555006,Juvenile amyotrophic lateral sclerosis
1201947005,Juvenile amyotrophic lateral sclerosis type 2
1201961000,Juvenile amyotrophic lateral sclerosis type 5
239805001,Juvenile ankylosing spondylitis
201805000,Juvenile arthritis in Crohn disease
201807008,Juvenile arthritis in ulcerative colitis
239809007,Juvenile arthritis of inflammatory bowel disease
277587001,Juvenile chronic myeloid leukemia
237824009,Juvenile Graves' disease
410502007,Juvenile idiopathic arthritis
1335787003,Juvenile idiopathic arthritis of ankle
1335788008,Juvenile idiopathic arthritis of elbow
1335791008,Juvenile idiopathic arthritis of hip
1335798002,Juvenile idiopathic arthritis of joint of left wrist region
1335799005,Juvenile idiopathic arthritis of joint of right wrist region
1335797007,Juvenile idiopathic arthritis of joint of wrist region
1335794000,Juvenile idiopathic arthritis of knee
1335785006,Juvenile idiopathic arthritis of left ankle
1335789000,Juvenile idiopathic arthritis of left elbow
1335792001,Juvenile idiopathic arthritis of left hip
1335795004,Juvenile idiopathic arthritis of left knee
1335786007,Juvenile idiopathic arthritis of right ankle
1335790009,Juvenile idiopathic arthritis of right elbow
1335793006,Juvenile idiopathic arthritis of right hip
1335796003,Juvenile idiopathic arthritis of right knee
410801005,"Juvenile idiopathic arthritis, enthesitis related arthritis"
410800006,"Juvenile idiopathic arthritis, extended oligoarthritis"
410798004,"Juvenile idiopathic arthritis, oligoarthritis"
410799007,"Juvenile idiopathic arthritis, persistent oligoarthritis"
410802003,"Juvenile idiopathic arthritis, undifferentiated arthritis"
6204001,Juvenile myoclonic epilepsy
39925003,"Juvenile myopathy, encephalopathy, lactic acidosis, stroke"
10718002,Juvenile myxedema
230299004,Juvenile onset Huntington's disease
193207007,Juvenile or adult myasthenia gravis
19579005,Juvenile osteochondritis
287062005,Juvenile osteochondritis - leg/foot
240178007,Juvenile osteochondritis of the arm
268024004,Juvenile osteochondritis of the arm and hand
240177002,Juvenile osteochondritis of the hand
268022000,Juvenile osteochondritis of the hip and pelvis
268025003,Juvenile osteochondrosis of capitulum of humerus
84062004,Juvenile osteochondrosis of carpal lunate
31249007,Juvenile osteochondrosis of hand
203382004,Juvenile osteochondrosis of head of humerus
89807005,Juvenile osteochondrosis of head of metacarpals
13907006,Juvenile osteochondrosis of lower ulna
62100001,Juvenile osteochondrosis of upper extremity
766252004,Juvenile overlap myositis
230291001,Juvenile Parkinson's disease
239802003,Juvenile psoriatic arthritis
239803008,Juvenile psoriatic arthritis with psoriasis
238615000,Juvenile pustular psoriasis
239807009,Juvenile reactive arthritis
239808004,Juvenile reactive arthritis triad
410797009,Juvenile seronegative polyarthritis
410796000,Juvenile seropositive polyarthritis
239806000,Juvenile spondyloarthropathy
49284006,Juvenile type megaloblastic anemia
109385007,Kaposi's sarcoma (clinical)
255114007,Kaposi's sarcoma of conjunctiva
255115008,Kaposi's sarcoma of cornea
231835006,Kaposi's sarcoma of eyelid
109389001,Kaposi's sarcoma of gastrointestinal tract
109390005,Kaposi's sarcoma of lung
109391009,Kaposi's sarcoma of lymph nodes
109392002,Kaposi's sarcoma of multiple organs
109388009,Kaposi's sarcoma of palate
109386008,Kaposi's sarcoma of skin
188029000,Kaposi's sarcoma of soft tissue
420524008,Kaposi's sarcoma with AIDS (acquired immunodeficiency syndrome)
42402006,Kartagener syndrome
778001003,KCNQ2-related epileptic encephalopathy
254662007,Keratoacanthoma
78946008,"Keratoconjunctivitis sicca, in Sjögren's syndrome"
46939000,Keshan disease
890171006,Ketosis-prone diabetes mellitus
1217044000,Ketosis-resistant diabetes mellitus
95582003,Kidney crystallization
90708001,Kidney disease
95570007,Kidney stone
239777004,Knee pyogenic arthritis
109478007,Kohlschutter's syndrome
359987004,Krukenberg tumor
23097003,Kyasanur Forest disease
45650007,Kyphoscoliotic heart disease
238609000,Köbner psoriasis
65518004,Labile diastolic hypertension
371125006,Labile essential hypertension
697930002,Labile hypertension due to being in a clinical environment
16229371000119106,Labile systemic arterial hypertension
9264002,Laceration of kidney with open wound into abdominal cavity
74324004,Laceration of kidney without open wound into abdominal cavity
235895002,"Laennec's cirrhosis, non-alcoholic"
230425004,Lafora disease
313427003,Lambda light chain myeloma
118614007,"Langerhans cell histiocytosis, disseminated"
238611009,Lapiere type of psoriasis
254629004,Large cell carcinoma of lung
277569004,Large granular lymphocytic leukemia
250129007,Large joint arthritis
80515008,Large liver
19065005,Lassa fever
68361004,Late anemia due to isoimmunization
827006,"Late congenital syphilis, latent (+ sero., - C.S.F., 2 years OR more)"
276810009,Late gastric cancer
233679003,Late onset asthma
19694002,Late onset dysthymia
230300007,Late onset Huntington's disease
239800006,Late onset polyarticular juvenile chronic arthritis
402334002,Late onset psoriasis type 2
426875007,Latent autoimmune diabetes mellitus in adult
123716002,Latent cirrhosis
230393000,Lateral temporal lobe epilepsy
4030008,Le Dantec virus disease
318841000119100,Left ankle seropositive rheumatoid arthritis
28248000,Left anterior descending coronary artery thrombosis
37760005,Left anterior fascicular block
63467002,Left bundle branch block
4973001,Left bundle branch hemiblock
318851000119103,Left elbow seropositive rheumatoid arthritis
1073611000119103,Left foot seropositive rheumatoid arthritis
319041000119104,Left hip joint seronegative rheumatoid arthritis
56276002,Left main coronary artery thrombosis
62026008,Left posterior fascicular block
319061000119100,Left shoulder region seronegative rheumatoid arthritis
195216008,Left sided cerebral hemisphere cerebrovascular accident
445243001,Left sided ulcerative colitis
214036171000119109,Left sided ulcerative colitis in remission
55827005,Left ventricular hypertrophy
41893002,Left ventricular-right atrial communication
319071000119106,Left wrist region seronegative rheumatoid arthritis
318901000119107,Left wrist region seropositive rheumatoid arthritis
26726000,Legionella infection
230418006,Lennox-Gastaut syndrome
302837001,Lentigo maligna melanoma
16442005,Leontiasis ossium
111307005,Leprechaunism syndrome
21560005,Lepromatous leprosy
58961005,Lethal midline granuloma
93143009,Leukemia
93142004,Leukemia in remission
314408000,Leukemic infiltrate of choroid
236512004,Leukemic infiltrate of kidney
314418005,Leukemic infiltrate of retina
93144003,Leukemic reticuloendotheliosis of intra-abdominal lymph nodes
93145002,Leukemic reticuloendotheliosis of intrapelvic lymph nodes
93146001,Leukemic reticuloendotheliosis of intrathoracic lymph nodes
188648000,Leukemic reticuloendotheliosis of lymph nodes of axilla and upper limb
188645002,"Leukemic reticuloendotheliosis of lymph nodes of head, face and neck"
188649008,Leukemic reticuloendotheliosis of lymph nodes of inguinal region and lower limb
93150008,Leukemic reticuloendotheliosis of lymph nodes of multiple sites
734904007,Life threatening acute exacerbation of asthma
294493008,Lifelong obesity
277579002,Light chain myeloma
55006001,Light chain nephropathy
763793004,Limbic encephalitis with contactin-associated protein-like 2 antibodies
763794005,Limbic encephalitis with leucine-rich glioma-inactivated 1 antibodies
1169361002,Limbic encephalitis with neurexin-3 antibodies
1263554005,Limited autoimmune autonomic neuropathy
239886003,Limited lupus erythematosus
299276009,Limited systemic sclerosis
95330001,Linear IgA dermatosis
22784002,Linear scleroderma
75667007,Lingual goiter
21279007,Lingual thyroid
127012008,Lipoatrophic diabetes
84241008,Lipoid dermatoarthritis
111403005,Lipomatosis renis
254829001,Liposarcoma
254993006,Liposarcoma of orbit
24630008,Listeria meningoencephalitis
4241002,Listeriosis
4390004,Lithium nephropathy
197324004,Liver abscess and sequelae of chronic liver disease
197327006,Liver abscess due to cholangitis
197330004,Liver abscess due to direct extension
197326002,Liver abscess due to portal pyemia
197328001,Liver abscess via hepatic artery
197329009,Liver abscess via umbilicus
109841003,Liver cell carcinoma
85057007,Liver cyst
235859005,Liver disorder due to infection
15230009,Liver disorder in pregnancy
204799005,Liver hyperplasia
210175000,Liver moderate laceration with open wound into cavity
65860006,Liver regeneration
206245001,Liver rupture due to birth trauma
206242003,Liver subcapsular hematoma due to birth trauma
213153001,Liver transplant failure and rejection
314976006,Local recurrence of malignant melanoma of skin
314973003,Local recurrence of malignant neoplasm of bone
314955001,Local recurrence of malignant neoplasm of breast
314952003,Local recurrence of malignant neoplasm of buccal cavity
314970000,Local recurrence of malignant neoplasm of cervix uteri
314965007,Local recurrence of malignant neoplasm of colon
314960002,Local recurrence of malignant neoplasm of esophagus
314962005,Local recurrence of malignant neoplasm of gallbladder
314967004,Local recurrence of malignant neoplasm of kidney
314963000,Local recurrence of malignant neoplasm of liver
314954002,Local recurrence of malignant neoplasm of lung
314964006,Local recurrence of malignant neoplasm of pancreas
277782009,Local recurrence of malignant neoplasm of peritoneum
314969001,Local recurrence of malignant neoplasm of prostate
314966008,Local recurrence of malignant neoplasm of rectum
314975005,Local recurrence of malignant neoplasm of skin
314974009,Local recurrence of malignant neoplasm of soft tissue
314961003,Local recurrence of malignant neoplasm of stomach
314953008,Local recurrence of malignant neoplasm of thyroid
314951005,Local recurrence of malignant neoplasm of tongue
314968009,Local recurrence of malignant neoplasm of urinary bladder
270486005,Localized adiposity
402437008,Localized bullous pemphigoid of vulva
10443009,Localized infection
255191003,Localized malignant reticulohistiocytoma
238939008,Localized pemphigoid
81271001,Localized pustular psoriasis
201048007,Localized scleroderma
313259008,"Localized, primary osteoarthritis of elbow"
201834006,"Localized, primary osteoarthritis of the hand"
201831003,"Localized, primary osteoarthritis of the shoulder region"
313257005,"Localized, primary osteoarthritis of the wrist"
313258000,"Localized, primary osteoarthritis of toe"
201847001,"Localized, secondary osteoarthritis"
201855008,"Localized, secondary osteoarthritis of the ankle and/or foot"
201852006,"Localized, secondary osteoarthritis of the hand"
267890003,"Localized, secondary osteoarthritis of the pelvic region and thigh"
201849003,"Localized, secondary osteoarthritis of the shoulder region"
1263555006,Logopenic non-amnestic Alzheimer disease
9651007,Long QT syndrome
44088000,Low cardiac output syndrome
277615007,Low grade B-cell lymphoma
277642008,Low grade T-cell lymphoma
25544003,Low output heart failure
422189002,Low vision with AIDS (acquired immunodeficiency syndrome)
46481004,Low-renin essential hypertension
79385002,Lowe syndrome
250131003,Lower limb joint arthritis
4009004,Lower urinary tract infectious disease
55475008,Lown-Ganong-Levine syndrome
228007,Lucio phenomenon
202752002,Lumbar discitis
196137000,Lung disease with Sjögren's disease
196138005,Lung disease with systemic lupus erythematosus
196133001,Lung disease with systemic sclerosis
21707009,Lupoid sycosis
19267009,Lupus anticoagulant disorder
77753005,Lupus disease of the lung
200936003,Lupus erythematosus
238926009,Lupus erythematosus and erythema multiforme-like syndrome
200937007,Lupus erythematosus chronicus
200939005,Lupus erythematosus migrans
200940007,Lupus erythematosus nodularis
707301001,Lupus erythematosus of oral mucous membrane
15084002,Lupus erythematosus profundus
200941006,Lupus erythematosus tumidus
200942004,Lupus erythematosus unguium mutilans
403513000,Lupus erythematosus-associated nail dystrophy
19682006,Lupus hepatitis
239888002,Lupus panniculitis
233730002,Lupus pneumonitis
10528009,Lupus vulgaris
33937009,Lyme arthritis
23502006,Lyme disease
240671002,Lyme erosive synovitis
255119002,Lymphangitis carcinomatosa
11604007,Lymphocystis disease
1153358006,Lymphocyte passenger syndrome following organ transplantation
118607005,Lymphocyte-rich classical Hodgkin lymphoma
370889009,Lymphocytic portal hepatitis
126766000,Lymphoepithelial sialadenitis of Sjögren's syndrome
109976000,Lymphoepithelioid lymphoma (clinical)
188725004,Lymphoid leukemia
93169003,Lymphoid leukemia in remission
276815004,Lymphoma of intestine
236513009,Lymphoma of kidney
232075002,Lymphoma of retina
277570003,Lymphoma with spill
188498009,Lymphosarcoma
188487008,Lymphosarcoma and reticulosarcoma
188502002,Lymphosarcoma of intra-abdominal lymph nodes
188505000,Lymphosarcoma of intrapelvic lymph nodes
188501009,Lymphosarcoma of intrathoracic lymph nodes
188503007,Lymphosarcoma of lymph nodes of axilla and upper limb
188500005,"Lymphosarcoma of lymph nodes of head, face and neck"
188504001,Lymphosarcoma of lymph nodes of inguinal region and lower limb
188507008,Lymphosarcoma of lymph nodes of multiple sites
188506004,Lymphosarcoma of spleen
83414005,Macrocytic anemia
43904005,Macronodular cirrhosis
718175009,Macrophagic myofasciitis
26067004,Madura foot caused by Streptomyces
1229946007,MAGEL2-related Prader-Willi-like syndrome
238850005,MAGIC syndrome
63412003,Major depression in full remission
30605009,Major depression in partial remission
42810003,Major depression in remission
70747007,"Major depression single episode, in partial remission"
726772006,Major depression with psychotic features
320751009,"Major depression, melancholic type"
36923009,"Major depression, single episode"
370143000,Major depressive disorder
10811121000119102,Major depressive disorder in mother complicating childbirth
10811161000119107,Major depressive disorder in mother complicating pregnancy
42925002,"Major depressive disorder, single episode with atypical features"
69392006,"Major depressive disorder, single episode with catatonic features"
63778009,"Major depressive disorder, single episode with melancholic features"
25922000,"Major depressive disorder, single episode with postpartum onset"
25554004,Major laceration of liver with open wound into abdominal cavity
13891000,Major laceration of liver without open wound into abdominal cavity
420801006,Malaise with AIDS (acquired immunodeficiency syndrome)
83072009,Malarial hepatitis
19661000,Malayan elephantiasis
239884000,Malemud disease
238636003,Malignant acanthosis nigricans
81363003,Malignant arteriolar nephrosclerosis
254973003,Malignant astrocytoma of optic nerve
307603002,Malignant blue nevus of skin
254874008,Malignant dysgerminoma of ovary
44051003,Malignant endocarditis
254650008,Malignant epithelial neoplasm of skin
254849005,Malignant epithelial tumor of ovary
78975002,Malignant essential hypertension
402873007,Malignant fibrohistiocytic tumor of skin
254996003,Malignant fibrous histiocytoma of orbit
254869000,Malignant germ cell tumor of ovary
276826005,Malignant glioma of brain
276827001,Malignant glioma of spinal cord
254863004,Malignant granulosa cell tumor of ovary
254995004,Malignant hemangiopericytoma of orbit
254797000,Malignant hemangiopericytoma of skin
127070008,Malignant histiocytic disorder
118612006,Malignant histiocytosis (clinical)
93182006,Malignant histiocytosis of intra-abdominal lymph nodes
93183001,Malignant histiocytosis of intrapelvic lymph nodes
93184007,Malignant histiocytosis of intrathoracic lymph nodes
188641006,Malignant histiocytosis of lymph nodes of axilla and upper limb
93188005,Malignant histiocytosis of lymph nodes of multiple sites
93189002,Malignant histiocytosis of spleen
70272006,Malignant hypertension
10562009,Malignant hypertension complicating AND/OR reason for care during childbirth
29259002,Malignant hypertension complicating AND/OR reason for care during pregnancy
23786008,Malignant hypertension complicating AND/OR reason for care during puerperium
81626002,Malignant hypertension in obstetric context
66610008,Malignant hypertensive heart AND renal disease
54225002,Malignant hypertensive heart disease
36315003,Malignant hypertensive heart disease without congestive heart failure
65443008,Malignant hypertensive renal disease
109980005,Malignant immunoproliferative disease (clinical)
255128001,Malignant infiltration of peripheral nerve
255129009,Malignant infiltration of peripheral nerve plexus
278433008,Malignant infiltration of soft tissue
278055006,Malignant Leydig cell tumor of testis
118600007,Malignant lymphoma
307625008,Malignant lymphoma - centrocytic
274905008,"Malignant lymphoma - lymphocytic, intermediate differentiation"
307623001,Malignant lymphoma - lymphoplasmacytic
188676008,Malignant lymphoma - mixed small and large cell
188675007,Malignant lymphoma - small cleaved cell
302841002,Malignant lymphoma - small lymphocytic
278052009,Malignant lymphoma of breast
93199007,Malignant lymphoma of extranodal AND/OR solid organ site
93191005,Malignant lymphoma of intra-abdominal lymph nodes
93192003,Malignant lymphoma of intrapelvic lymph nodes
93193008,Malignant lymphoma of intrathoracic lymph nodes
127220001,Malignant lymphoma of lymph nodes
93197009,Malignant lymphoma of lymph nodes of multiple sites
93198004,Malignant lymphoma of spleen
277664004,Malignant lymphoma of testis
278051002,Malignant lymphoma of thyroid gland
307647008,"Malignant lymphoma, centroblastic type, follicular"
307637005,"Malignant lymphoma, centroblastic-centrocytic, follicular"
303055001,"Malignant lymphoma, follicular center cell"
303056000,"Malignant lymphoma, follicular center cell, cleaved"
303057009,"Malignant lymphoma, follicular center cell, non-cleaved"
371134001,"Malignant lymphoma, large cell, polymorphous, immunoblastic"
307646004,"Malignant lymphoma, lymphocytic, poorly differentiated, nodular"
307636001,"Malignant lymphoma, mixed lymphocytic-histiocytic, nodular"
188668006,Malignant mast cell sarcoma of spleen
118615008,Malignant mast cell tumor (clinical)
93200005,Malignant mast cell tumor of intra-abdominal lymph nodes
93201009,Malignant mast cell tumor of intrapelvic lymph nodes
93202002,Malignant mast cell tumor of intrathoracic lymph nodes
307591004,Malignant mastocytosis
372244006,Malignant melanoma
402558004,Malignant melanoma (vertical growth phase)
402562005,Malignant melanoma animal-type
254734009,Malignant melanoma arising in congenital nevus
254733003,Malignant melanoma arising in intradermal nevus
188073001,Malignant melanoma of ankle
276821000,Malignant melanoma of anus
188033007,Malignant melanoma of auricle (ear)
188049009,Malignant melanoma of axilla
310498001,Malignant melanoma of back
188050009,Malignant melanoma of breast
188051008,Malignant melanoma of buttock
313248004,Malignant melanoma of chest wall
188038003,Malignant melanoma of chin
255021005,Malignant melanoma of choroid
255015006,Malignant melanoma of ciliary body
255004001,Malignant melanoma of conjunctiva
188034001,Malignant melanoma of external auditory meatus
274087000,Malignant melanoma of eye
231834005,Malignant melanoma of eyelid
188064009,Malignant melanoma of finger
188075008,Malignant melanoma of foot
188062008,Malignant melanoma of forearm
188040008,Malignant melanoma of forehead
188077000,Malignant melanoma of great toe
188052001,Malignant melanoma of groin
188063003,Malignant melanoma of hand
269578002,Malignant melanoma of head and neck
188074007,Malignant melanoma of heel
188068007,Malignant melanoma of hip
255012009,Malignant melanoma of iris
188070003,Malignant melanoma of knee
188030005,Malignant melanoma of lip
188072006,Malignant melanoma of lower leg
269581007,Malignant melanoma of lower limb
277530005,Malignant melanoma of meninges
188046002,Malignant melanoma of neck
93209006,Malignant melanoma of perianal skin
188054000,Malignant melanoma of perineum
188071004,Malignant melanoma of popliteal fossa area
276822007,Malignant melanoma of rectum
188045003,Malignant melanoma of scalp
188060000,Malignant melanoma of shoulder
93655004,Malignant melanoma of skin
93210001,Malignant melanoma of skin of abdomen
93211002,Malignant melanoma of skin of ankle
93213004,Malignant melanoma of skin of axilla
93214005,Malignant melanoma of skin of back
93215006,Malignant melanoma of skin of breast
93216007,Malignant melanoma of skin of buttock
93217003,Malignant melanoma of skin of cheek
93218008,Malignant melanoma of skin of chest
93219000,Malignant melanoma of skin of chin
93220006,Malignant melanoma of skin of ear
93221005,Malignant melanoma of skin of elbow
93222003,Malignant melanoma of skin of external auditory canal
93223008,Malignant melanoma of skin of eyebrow
93224002,Malignant melanoma of skin of eyelid
93225001,Malignant melanoma of skin of face
93226000,Malignant melanoma of skin of finger
93227009,Malignant melanoma of skin of foot
93228004,Malignant melanoma of skin of forearm
93229007,Malignant melanoma of skin of forehead
93230002,Malignant melanoma of skin of groin
93636004,Malignant melanoma of skin of hand
93637008,Malignant melanoma of skin of hip
93638003,Malignant melanoma of skin of knee
93640008,Malignant melanoma of skin of lip
93641007,Malignant melanoma of skin of lower limb
93642000,Malignant melanoma of skin of neck
93643005,Malignant melanoma of skin of nose
93644004,Malignant melanoma of skin of perineum
93645003,Malignant melanoma of skin of popliteal area
93646002,Malignant melanoma of skin of scalp
93647006,Malignant melanoma of skin of shoulder
93648001,Malignant melanoma of skin of temporal region
93649009,Malignant melanoma of skin of thigh
93650009,Malignant melanoma of skin of toe
93651008,Malignant melanoma of skin of trunk
93652001,Malignant melanoma of skin of umbilicus
93653006,Malignant melanoma of skin of upper limb
93654000,Malignant melanoma of skin of wrist
402561003,Malignant melanoma of soft tissues
188069004,Malignant melanoma of thigh
188065005,Malignant melanoma of thumb
188076009,Malignant melanoma of toe
269579005,Malignant melanoma of trunk
188055004,Malignant melanoma of umbilicus
188061001,Malignant melanoma of upper arm
269580008,Malignant melanoma of upper limb
254896002,Malignant melanoma of vulva
254975005,Malignant meningioma of optic nerve sheath
230156002,Malignant meningitis
109383000,Malignant mesothelioma of pericardium
254645002,Malignant mesothelioma of pleura
1231168008,Malignant middle cerebral artery syndrome
784345005,Malignant migrating partial seizures of infancy
439567002,Malignant multiple sclerosis
277604002,Malignant myeloid/lymphoid neoplasm
369471009,Malignant neoplasm involving urinary bladder by direct extension from ovary
369472002,Malignant neoplasm involving urinary bladder by direct extension from prostate
369474001,Malignant neoplasm involving urinary bladder by direct extension from uterus
369475000,Malignant neoplasm involving urinary bladder by direct extension from vagina
188366002,Malignant neoplasm of abdomen
187724003,Malignant neoplasm of abdominal esophagus
187694000,Malignant neoplasm of adenoid
255093003,Malignant neoplasm of adnexa of skin
371964008,Malignant neoplasm of adrenal cortex
363355002,Malignant neoplasm of adrenal gland
371965009,Malignant neoplasm of adrenal medulla
363417006,Malignant neoplasm of ampulla of Vater
363352004,Malignant neoplasm of anal canal
254586002,Malignant neoplasm of anorectal junction
254509006,Malignant neoplasm of anterior commissure
187681002,Malignant neoplasm of anterior epiglottis
187652003,Malignant neoplasm of anterior floor of mouth
363360003,Malignant neoplasm of anterior two-thirds of tongue
187700006,Malignant neoplasm of anterior wall of nasopharynx
188242006,Malignant neoplasm of anterior wall of urinary bladder
363490009,Malignant neoplasm of anus
363411007,Malignant neoplasm of appendix
187843009,Malignant neoplasm of arytenoid cartilage
363412000,Malignant neoplasm of ascending colon
187833006,"Malignant neoplasm of auditory tube, middle ear and mastoid air cells"
363502009,Malignant neoplasm of axilla
372094002,Malignant neoplasm of axillary tail of breast
188281006,Malignant neoplasm of basal ganglia
363376007,Malignant neoplasm of base of tongue
187631006,Malignant neoplasm of base of tongue dorsal surface
363415003,Malignant neoplasm of biliary tract
187791002,Malignant neoplasm of body of pancreas
188230001,Malignant neoplasm of body of penis
187742008,Malignant neoplasm of body of stomach
371972005,Malignant neoplasm of body of uterus
372108006,Malignant neoplasm of bone of lower limb
271467005,"Malignant neoplasm of bone, connective tissue, skin and breast"
187900002,Malignant neoplasm of bones of skull and face
371974006,Malignant neoplasm of border of tongue
363473003,Malignant neoplasm of brainstem
363396004,Malignant neoplasm of branchial cleft
254837009,Malignant neoplasm of breast
363493006,Malignant neoplasm of bronchus
363386008,Malignant neoplasm of buccal mucosa
187967002,Malignant neoplasm of calcaneum
310599006,Malignant neoplasm of canthus
187732006,Malignant neoplasm of cardia of stomach
187733001,Malignant neoplasm of cardiac orifice of stomach
187734007,Malignant neoplasm of cardio-esophageal junction of stomach
187857006,Malignant neoplasm of carina of bronchus
187943005,Malignant neoplasm of carpal bone - capitate
187944004,Malignant neoplasm of carpal bone - hamate
187938003,Malignant neoplasm of carpal bone - lunate
187940008,Malignant neoplasm of carpal bone - pisiform
187937008,Malignant neoplasm of carpal bone - scaphoid
187941007,Malignant neoplasm of carpal bone - trapezium
187942000,Malignant neoplasm of carpal bone - trapezoid
187939006,Malignant neoplasm of carpal bone - triquetrum
255090000,Malignant neoplasm of carpal bones
187987001,Malignant neoplasm of cartilage of ear
187829004,Malignant neoplasm of cartilage of nose
187853005,Malignant neoplasm of cartilage of trachea
363477002,Malignant neoplasm of cauda equina
363350007,Malignant neoplasm of cecum
372062007,Malignant neoplasm of central nervous system
188313000,Malignant neoplasm of cerebral arachnoid mater
188282004,Malignant neoplasm of cerebral cortex
188312005,Malignant neoplasm of cerebral dura mater
363474009,Malignant neoplasm of cerebral meninges
188295009,Malignant neoplasm of cerebral peduncle
188315007,Malignant neoplasm of cerebral pia mater
363471001,Malignant neoplasm of cerebral ventricles
188280007,Malignant neoplasm of cerebrum (excluding lobes and ventricles)
187722004,Malignant neoplasm of cervical esophagus
188183000,Malignant neoplasm of cervical stump
187916000,Malignant neoplasm of cervical vertebra
363354003,Malignant neoplasm of cervix uteri
363466008,Malignant neoplasm of choroid
188292007,Malignant neoplasm of choroid plexus
188263008,Malignant neoplasm of ciliary body
371979001,Malignant neoplasm of clitoris
363491008,Malignant neoplasm of cloacogenic zone
187957007,Malignant neoplasm of coccygeal vertebra
363406005,Malignant neoplasm of colon
363374005,Malignant neoplasm of commissure of lips
363463000,Malignant neoplasm of conjunctiva
188268004,Malignant neoplasm of connective tissue of orbit
363464006,Malignant neoplasm of cornea
188190005,Malignant neoplasm of cornu of corpus uteri
188301005,Malignant neoplasm of corpus callosum
276420005,Malignant neoplasm of corpus cavernosum of penis
276419004,Malignant neoplasm of corpus spongiosum of penis
188283009,Malignant neoplasm of corpus striatum
188189001,"Malignant neoplasm of corpus uteri, excluding isthmus"
187925006,Malignant neoplasm of costal cartilage
187926007,Malignant neoplasm of costovertebral joint
188307009,Malignant neoplasm of cranial nerve
188340000,Malignant neoplasm of craniopharyngeal duct
187844003,Malignant neoplasm of cricoid cartilage
188265001,Malignant neoplasm of crystalline lens
187845002,Malignant neoplasm of cuneiform cartilage
255096006,Malignant neoplasm of dermis
363409003,Malignant neoplasm of descending colon
255077007,Malignant neoplasm of digestive organ
188240003,Malignant neoplasm of dome of urinary bladder
187634003,Malignant neoplasm of dorsal surface of anterior two-thirds of tongue
187633009,Malignant neoplasm of dorsal surface of tongue
363403002,Malignant neoplasm of duodenum
255073006,"Malignant neoplasm of ear, nose, and/or throat"
187798008,Malignant neoplasm of ectopic pancreatic tissue
188220005,Malignant neoplasm of ectopic testis
363436001,Malignant neoplasm of endocardium
188176007,Malignant neoplasm of endocervical canal
188177003,Malignant neoplasm of endocervical gland
372097009,Malignant neoplasm of endocervix
371982006,Malignant neoplasm of endocrine gland
254611009,Malignant neoplasm of endocrine pancreas
188192002,Malignant neoplasm of endometrium of corpus uteri
363452003,Malignant neoplasm of epididymis
187682009,"Malignant neoplasm of epiglottis, free border"
363402007,Malignant neoplasm of esophagus
363426009,Malignant neoplasm of ethmoid sinus
187834000,Malignant neoplasm of eustachian tube
372099007,Malignant neoplasm of exocervix
255088001,Malignant neoplasm of exocrine pancreas
277156006,Malignant neoplasm of external ear
363416002,Malignant neoplasm of extrahepatic bile duct
188269007,Malignant neoplasm of extraocular muscle of orbit
363461003,Malignant neoplasm of eye
188261005,"Malignant neoplasm of eyeball excluding conjunctiva, cornea, retina and choroid"
231829006,Malignant neoplasm of eyelid
363501002,Malignant neoplasm of face
363444001,Malignant neoplasm of fallopian tube
363488008,Malignant neoplasm of false cord
363514001,Malignant neoplasm of female genital organ
276797002,Malignant neoplasm of fibrous tissue
187949009,Malignant neoplasm of fifth metacarpal bone
187977000,Malignant neoplasm of fifth metatarsal bone
187945003,Malignant neoplasm of first metacarpal bone
187973001,Malignant neoplasm of first metatarsal bone
188293002,Malignant neoplasm of floor of cerebral ventricle
363385007,Malignant neoplasm of floor of mouth
187701005,Malignant neoplasm of floor of nasopharynx
363450006,Malignant neoplasm of foreskin
187948001,Malignant neoplasm of fourth metacarpal bone
187976009,Malignant neoplasm of fourth metatarsal bone
187641009,Malignant neoplasm of frenulum linguae
302815008,Malignant neoplasm of frenulum of lip
187614004,Malignant neoplasm of frenulum of lower lip
187608006,Malignant neoplasm of frenulum of upper lip
363467004,Malignant neoplasm of frontal lobe
363427000,Malignant neoplasm of frontal sinus
188191009,Malignant neoplasm of fundus of corpus uteri
187741001,Malignant neoplasm of fundus of stomach
363353009,Malignant neoplasm of gallbladder
188208002,Malignant neoplasm of Gartner's duct
271468000,Malignant neoplasm of genitourinary organ
363451005,Malignant neoplasm of glans penis
188285002,Malignant neoplasm of globus pallidus
187683004,Malignant neoplasm of glossoepiglottic fold
254459004,Malignant neoplasm of glossopalatine arch
187841006,Malignant neoplasm of glottis
269460009,Malignant neoplasm of greater curvature of stomach
188211001,Malignant neoplasm of greater vestibular (Bartholin's) gland
363382005,Malignant neoplasm of gum
363384006,Malignant neoplasm of gum of mandible
269467007,Malignant neoplasm of hand bones
363387004,Malignant neoplasm of hard palate
255056009,Malignant neoplasm of head and/or neck
363419009,Malignant neoplasm of head of pancreas
363435002,Malignant neoplasm of heart
187784000,Malignant neoplasm of hepatic duct
363407001,Malignant neoplasm of hepatic flexure of colon
188289008,Malignant neoplasm of hippocampus
187932002,Malignant neoplasm of humerus
363399006,Malignant neoplasm of hypopharynx
188286001,Malignant neoplasm of hypothalamus
363405009,Malignant neoplasm of ileum
254478004,Malignant neoplasm of inferior nasal turbinate
254503007,Malignant neoplasm of inferior surface of soft palate
254520006,Malignant neoplasm of infrahyoid epiglottis
187773007,Malignant neoplasm of interlobular bile ducts
187969004,Malignant neoplasm of intermediate cuneiform
363508008,Malignant neoplasm of intestine
187777008,Malignant neoplasm of intrahepatic bile duct
187776004,Malignant neoplasm of intrahepatic canaliculi
188264002,Malignant neoplasm of iris
187794005,Malignant neoplasm of Islets of Langerhans
188195000,Malignant neoplasm of isthmus of uterine body
363404008,Malignant neoplasm of jejunum
187666008,Malignant neoplasm of junction of hard and soft palate
187685006,Malignant neoplasm of junctional region of epiglottis
187644001,Malignant neoplasm of junctional zone of dorsum of tongue
363518003,Malignant neoplasm of kidney
188250002,Malignant neoplasm of kidney parenchyma
363446004,Malignant neoplasm of labia majora
363447008,Malignant neoplasm of labia minora
280959007,Malignant neoplasm of lacrimal drainage structure
188272000,Malignant neoplasm of lacrimal gland
188273005,Malignant neoplasm of lacrimal sac
363510005,Malignant neoplasm of large intestine
363487003,Malignant neoplasm of laryngeal aspect of aryepiglottic fold
93856000,Malignant neoplasm of laryngeal aspect of interarytenoid fold
363431006,Malignant neoplasm of laryngeal cartilage
363429002,Malignant neoplasm of larynx
187970003,Malignant neoplasm of lateral cuneiform
187653008,Malignant neoplasm of lateral floor of mouth
254408000,Malignant neoplasm of lateral margin of tongue
255075004,Malignant neoplasm of lateral nasal wall
254530002,Malignant neoplasm of lateral pharyngeal space
363398003,Malignant neoplasm of lateral wall of nasopharynx
188241004,Malignant neoplasm of lateral wall of urinary bladder
269459004,Malignant neoplasm of lesser curvature of stomach
363377003,Malignant neoplasm of lingual tonsil
363348004,Malignant neoplasm of lip
271323007,"Malignant neoplasm of lip, oral cavity and pharynx"
93870000,Malignant neoplasm of liver
313250007,Malignant neoplasm of lower eyelid
373080008,Malignant neoplasm of lower inner quadrant of breast
363504005,Malignant neoplasm of lower limb
187613005,"Malignant neoplasm of lower lip, buccal aspect"
187604008,"Malignant neoplasm of lower lip, external"
187869003,Malignant neoplasm of lower lobe bronchus
187870002,Malignant neoplasm of lower lobe of lung
373081007,Malignant neoplasm of lower outer quadrant of breast
187727005,Malignant neoplasm of lower third of esophagus
187918004,Malignant neoplasm of lumbar vertebra
363358000,Malignant neoplasm of lung
254625005,Malignant neoplasm of lung parenchyma
269475001,"Malignant neoplasm of lymphoid, hematopoietic and/or related tissue"
372065009,Malignant neoplasm of main bronchus
363378008,Malignant neoplasm of major salivary gland
187903000,Malignant neoplasm of malar bone
363515000,Malignant neoplasm of male genital organ
187660002,Malignant neoplasm of mandibular buccal sulcus
187662005,Malignant neoplasm of mandibular labial sulcus
363424007,Malignant neoplasm of mastoid air cells
187836003,Malignant neoplasm of mastoid antrum
187659007,Malignant neoplasm of maxillary buccal sulcus
187661003,Malignant neoplasm of maxillary labial sulcus
363425008,Malignant neoplasm of maxillary sinus
187752007,Malignant neoplasm of Meckel's diverticulum
187968007,Malignant neoplasm of medial cuneiform
363494000,Malignant neoplasm of mediastinum
188296005,Malignant neoplasm of medulla oblongata
363497007,Malignant neoplasm of meninges
363370001,Malignant neoplasm of mesentery
187810005,Malignant neoplasm of mesocecum
187809000,Malignant neoplasm of mesocolon
187811009,Malignant neoplasm of mesorectum
254824006,Malignant neoplasm of mesothelium
255091001,Malignant neoplasm of metacarpal bones
188297001,Malignant neoplasm of midbrain
363359008,Malignant neoplasm of middle ear
269463006,Malignant neoplasm of middle ear and mastoid
187865009,Malignant neoplasm of middle lobe bronchus
254481009,Malignant neoplasm of middle nasal turbinate
187726001,Malignant neoplasm of middle third of esophagus
187635002,Malignant neoplasm of midline of tongue
363485006,Malignant neoplasm of minor salivary gland
187854004,Malignant neoplasm of mucosa of trachea
187622006,Malignant neoplasm of mucous membrane of lip
271568003,Malignant neoplasm of mucous membrane of lower lip
187606005,Malignant neoplasm of mucous membrane of upper lip
363495004,Malignant neoplasm of muscle
363437005,Malignant neoplasm of myocardium
188193007,Malignant neoplasm of myometrium of corpus uteri
402636006,Malignant neoplasm of nail apparatus
187828007,"Malignant neoplasm of nasal cavities, middle ear and accessory sinuses"
363422006,Malignant neoplasm of nasal cavity
255074000,Malignant neoplasm of nasal cavity and nasopharynx
187830009,Malignant neoplasm of nasal conchae
363423001,Malignant neoplasm of nasal septum
363506007,Malignant neoplasm of nasal sinus
254474002,Malignant neoplasm of nasal skeleton
187831008,Malignant neoplasm of nasal vestibule
188274004,Malignant neoplasm of nasolacrimal duct
240163000,Malignant neoplasm of nasopharyngeal wall
187692001,Malignant neoplasm of nasopharynx
187972006,Malignant neoplasm of navicular
363489000,Malignant neoplasm of neck
188244007,Malignant neoplasm of neck of urinary bladder
402876004,Malignant neoplasm of nerve sheath origin
372063002,Malignant neoplasm of nervous system
363470000,Malignant neoplasm of occipital lobe
188308004,Malignant neoplasm of olfactory bulb
254969001,Malignant neoplasm of olfactory tract
363421004,Malignant neoplasm of omentum
187698002,Malignant neoplasm of opening of auditory tube
363498002,Malignant neoplasm of optic nerve
254972008,Malignant neoplasm of optic nerve and sheath
254974009,Malignant neoplasm of optic nerve sheath
363505006,Malignant neoplasm of oral cavity
363462005,Malignant neoplasm of orbit
187906008,Malignant neoplasm of orbital bone
363392002,Malignant neoplasm of oropharynx
363443007,Malignant neoplasm of ovary
188157005,Malignant neoplasm of overlapping sites of breast
187824009,Malignant neoplasm of overlapping sites of digestive system
188247000,Malignant neoplasm of overlapping sites of urinary bladder
188256008,Malignant neoplasm of overlapping sites of urinary organs
363390005,Malignant neoplasm of palate
363418001,Malignant neoplasm of pancreas
187793004,Malignant neoplasm of pancreatic duct
363481002,Malignant neoplasm of parathyroid gland
363460002,Malignant neoplasm of paraurethral gland
363469001,Malignant neoplasm of parietal lobe
363379000,Malignant neoplasm of parotid gland
187952001,"Malignant neoplasm of pelvic bones, sacrum and coccyx"
363484005,Malignant neoplasm of pelvis
363516004,Malignant neoplasm of penis
187884007,Malignant neoplasm of pericardium
187803004,Malignant neoplasm of perinephric tissue
254986007,Malignant neoplasm of peripheral nerve
188326001,Malignant neoplasm of peripheral nerve of abdomen
188327005,Malignant neoplasm of peripheral nerve of pelvis
188325002,Malignant neoplasm of peripheral nerve of thorax
188321006,Malignant neoplasm of peripheral nerves and autonomic nervous system
188322004,"Malignant neoplasm of peripheral nerves of head, face and neck"
188324003,"Malignant neoplasm of peripheral nerves of lower limb, including hip"
188323009,"Malignant neoplasm of peripheral nerves of upper limb, including shoulder"
363492001,Malignant neoplasm of peritoneum
187801002,Malignant neoplasm of peritoneum and retroperitoneum
187978005,Malignant neoplasm of phalanges of foot
187950009,Malignant neoplasm of phalanges of hand
187716008,Malignant neoplasm of pharyngeal lymphoid ring
187697007,Malignant neoplasm of pharyngeal recess
363507003,Malignant neoplasm of pharynx
363483004,Malignant neoplasm of pineal gland
255112006,Malignant neoplasm of pituitary and hypothalamus
363482009,Malignant neoplasm of pituitary gland
188339002,Malignant neoplasm of pituitary gland and craniopharyngeal duct
363433009,Malignant neoplasm of pleura
188298006,Malignant neoplasm of pons
363400004,Malignant neoplasm of postcricoid region
254513004,Malignant neoplasm of posterior commissure
254484001,Malignant neoplasm of posterior margin of nasal septum and/or choanae
187709007,Malignant neoplasm of posterior pharynx
303012000,Malignant neoplasm of posterior wall of hypopharynx
187693006,Malignant neoplasm of posterior wall of nasopharynx
187688008,Malignant neoplasm of posterior wall of oropharynx
188243001,Malignant neoplasm of posterior wall of urinary bladder
399068003,Malignant neoplasm of prostate
187740000,Malignant neoplasm of pyloric antrum
187738005,Malignant neoplasm of pyloric canal of stomach
187736009,Malignant neoplasm of pylorus of stomach
363401000,Malignant neoplasm of pyriform fossa
363414004,Malignant neoplasm of rectosigmoid junction
363351006,Malignant neoplasm of rectum
187760008,"Malignant neoplasm of rectum, rectosigmoid junction and anus"
188252005,Malignant neoplasm of renal calyx
363457009,Malignant neoplasm of renal pelvis
363465007,Malignant neoplasm of retina
187804005,Malignant neoplasm of retrocecal tissue
363391009,Malignant neoplasm of retromolar area
187920001,Malignant neoplasm of ribs and/or sternum and/or clavicle
188204000,Malignant neoplasm of round ligament
187956003,Malignant neoplasm of sacral vertebra
255072001,Malignant neoplasm of salivary gland
188103003,Malignant neoplasm of scalp
188102008,Malignant neoplasm of scalp and/or skin of neck
187929000,Malignant neoplasm of scapula and long bones of upper arm
188266000,Malignant neoplasm of sclera
363454002,Malignant neoplasm of scrotum
187946002,Malignant neoplasm of second metacarpal bone
187974007,Malignant neoplasm of second metatarsal bone
188234005,Malignant neoplasm of seminal vesicle
363410008,Malignant neoplasm of sigmoid colon
372130007,Malignant neoplasm of skin
372122006,Malignant neoplasm of skin head and neck
188110009,Malignant neoplasm of skin of abdominal wall
188090007,Malignant neoplasm of skin of auricle (ear)
188107002,Malignant neoplasm of skin of axillary fold
188095002,"Malignant neoplasm of skin of cheek, external"
188089003,Malignant neoplasm of skin of ear and external auditory canal
188091006,Malignant neoplasm of skin of external auditory meatus
188122007,Malignant neoplasm of skin of forearm
188138001,Malignant neoplasm of skin of great toe
188135003,Malignant neoplasm of skin of heel
188133005,Malignant neoplasm of skin of lower leg
372124007,Malignant neoplasm of skin of lower limb
188099008,Malignant neoplasm of skin of nose (external)
254908006,Malignant neoplasm of skin of penis
188132000,Malignant neoplasm of skin of popliteal fossa area
311779007,Malignant neoplasm of skin of scapular region
188100000,Malignant neoplasm of skin of temple
188125009,Malignant neoplasm of skin of thumb
372126009,Malignant neoplasm of skin of trunk
188121000,Malignant neoplasm of skin of upper arm
372128005,Malignant neoplasm of skin of upper limb
276750003,Malignant neoplasm of skin with pilar differentiation
363509000,Malignant neoplasm of small intestine
363388009,Malignant neoplasm of soft palate
269469005,Malignant neoplasm of soft tissue
363496003,Malignant neoplasm of soft tissue of abdomen
310526005,Malignant neoplasm of soft tissue of back
363440005,Malignant neoplasm of soft tissue of face
363439008,Malignant neoplasm of soft tissue of head
302816009,Malignant neoplasm of soft tissue of head and/or neck
363364007,Malignant neoplasm of soft tissue of hip
363441009,Malignant neoplasm of soft tissue of neck
363366009,Malignant neoplasm of soft tissue of pelvis
363363001,Malignant neoplasm of soft tissue of shoulder
363365008,Malignant neoplasm of soft tissue of thorax
372011009,Malignant neoplasm of soft tissue of upper limb
363453008,Malignant neoplasm of spermatic cord
363428005,Malignant neoplasm of sphenoid sinus
187786003,Malignant neoplasm of sphincter of Oddi
188318009,Malignant neoplasm of spinal arachnoid mater
363475005,Malignant neoplasm of spinal cord
188317004,Malignant neoplasm of spinal dura mater
363476006,Malignant neoplasm of spinal meninges
254983004,Malignant neoplasm of spinal nerve and sheath
188319001,Malignant neoplasm of spinal pia mater
363499005,Malignant neoplasm of spleen
363413005,Malignant neoplasm of splenic flexure
188184006,Malignant neoplasm of squamocolumnar junction of cervix
363349007,Malignant neoplasm of stomach
402871009,Malignant neoplasm of subcutaneous fibrous tissue
363430007,Malignant neoplasm of subglottis
363381003,Malignant neoplasm of sublingual gland
363380002,Malignant neoplasm of submandibular salivary gland
187842004,Malignant neoplasm of supraglottis
254517003,Malignant neoplasm of suprahyoid epiglottis
187792009,Malignant neoplasm of tail of pancreas
188302003,Malignant neoplasm of tapetum
187988006,Malignant neoplasm of tarsus of eyelid
363468009,Malignant neoplasm of temporal lobe
363449006,Malignant neoplasm of testis
188287005,Malignant neoplasm of thalamus
187814001,Malignant neoplasm of the pouch of Douglas
187947006,Malignant neoplasm of third metacarpal bone
187975008,Malignant neoplasm of third metatarsal bone
187723009,Malignant neoplasm of thoracic esophagus
187917009,Malignant neoplasm of thoracic vertebra
372018003,Malignant neoplasm of thoracic vertebral column
188361007,Malignant neoplasm of thorax
363434003,Malignant neoplasm of thymus gland
187846001,Malignant neoplasm of thyroid cartilage
363478007,Malignant neoplasm of thyroid gland
254412006,Malignant neoplasm of tip of tongue
363375006,Malignant neoplasm of tongue
187637005,"Malignant neoplasm of tongue, tip and lateral border"
363393007,Malignant neoplasm of tonsil
363394001,Malignant neoplasm of tonsillar fossa
187675005,Malignant neoplasm of tonsillar pillar
363432004,Malignant neoplasm of trachea
363408006,Malignant neoplasm of transverse colon
188239000,Malignant neoplasm of trigone of urinary bladder
188235006,Malignant neoplasm of tunica vaginalis
187835004,Malignant neoplasm of tympanic cavity
188290004,Malignant neoplasm of uncus
188219004,Malignant neoplasm of undescended testis
255052006,Malignant neoplasm of unknown origin
313249007,Malignant neoplasm of upper eyelid
363383000,Malignant neoplasm of upper gum
373082000,Malignant neoplasm of upper inner quadrant of breast
363503004,Malignant neoplasm of upper limb
372131006,Malignant neoplasm of upper limb bones and scapula
187861000,Malignant neoplasm of upper lobe bronchus
187862007,Malignant neoplasm of upper lobe of lung
269464000,"Malignant neoplasm of upper lobe, bronchus or lung"
373083005,Malignant neoplasm of upper outer quadrant of breast
187725002,Malignant neoplasm of upper third of esophagus
363456000,Malignant neoplasm of urachus
363458004,Malignant neoplasm of ureter
188245008,Malignant neoplasm of ureteral orifice
188253000,Malignant neoplasm of ureteropelvic junction
363459007,Malignant neoplasm of urethra
254934003,Malignant neoplasm of urethral stump
399326009,Malignant neoplasm of urinary bladder
363517008,Malignant neoplasm of urinary tract proper
371973000,Malignant neoplasm of uterus
363389001,Malignant neoplasm of uvula
363445000,Malignant neoplasm of vagina
188209005,Malignant neoplasm of vaginal vault
363395000,Malignant neoplasm of vallecula of epiglottis
187640005,Malignant neoplasm of ventral surface of anterior two-thirds of tongue
254526000,Malignant neoplasm of ventricle of larynx
363373004,Malignant neoplasm of vermilion border of lower lip
363372009,Malignant neoplasm of vermilion border of upper lip
363438000,Malignant neoplasm of vertebral column
187658004,Malignant neoplasm of vestibule of mouth
363486007,Malignant neoplasm of vocal cord
363367000,Malignant neoplasm of vulva
187927003,Malignant neoplasm of xiphoid process
187989003,Malignant neoplasm soft tissues of cervical spine
422282000,Malignant neoplasm with AIDS (acquired immunodeficiency syndrome)
363346000,Malignant neoplastic disease
278044006,Malignant neuroma of mediastinum
16664009,Malignant otitis media
254844000,Malignant phyllodes tumor of breast
255087006,Malignant polyp of biliary tract
363420003,Malignant retroperitoneal tumor
89242004,Malignant secondary hypertension
194783001,Malignant secondary renovascular hypertension
278043000,Malignant seminoma of mediastinum
254860001,Malignant sex cord tumor of ovary
254726003,Malignant skin tumor with apocrine differentiation
254707006,Malignant skin tumor with eccrine differentiation
189847002,Malignant teratoma
278042005,Malignant teratoma of mediastinum
187708004,Malignant tumor aryepiglottic fold - hypopharyngeal aspect
369594008,Malignant tumor involving an organ by direct extension from bladder
369595009,Malignant tumor involving an organ by direct extension from endometrium
369596005,Malignant tumor involving an organ by direct extension from fallopian tube
369597001,Malignant tumor involving an organ by direct extension from ovary
369598006,Malignant tumor involving an organ by direct extension from prostate
369599003,Malignant tumor involving an organ by direct extension from uterine cervix
369600000,Malignant tumor involving an organ by direct extension from uterus
369601001,Malignant tumor involving an organ by direct extension from vagina
369516006,Malignant tumor involving left fallopian tube by direct extension from ovary
369519004,Malignant tumor involving left fallopian tube by direct extension from uterus
369541004,Malignant tumor involving left fallopian tube by direct extension from vagina
369524001,Malignant tumor involving left ovary by direct extension from endometrium
369525000,Malignant tumor involving left ovary by direct extension from fallopian tube
369526004,Malignant tumor involving left ovary by direct extension from right ovary
369527008,Malignant tumor involving left ovary by direct extension from uterine cervix
369528003,Malignant tumor involving left ovary by direct extension from uterus
369559001,Malignant tumor involving left ovary by direct extension from vagina
369485004,Malignant tumor involving prostate by direct extension from bladder
369448007,Malignant tumor involving rectum by direct extension from endometrium
369449004,Malignant tumor involving rectum by direct extension from fallopian tube
369450004,Malignant tumor involving rectum by direct extension from ovary
369451000,Malignant tumor involving rectum by direct extension from prostate
369452007,Malignant tumor involving rectum by direct extension from uterine cervix
369453002,Malignant tumor involving rectum by direct extension from uterus
369454008,Malignant tumor involving rectum by direct extension from vagina
369549002,Malignant tumor involving right fallopian tube by direct extension from ovary
369551003,Malignant tumor involving right fallopian tube by direct extension from uterus
369552005,Malignant tumor involving right fallopian tube by direct extension from vagina
369531002,Malignant tumor involving right ovary by direct extension from endometrium
369532009,Malignant tumor involving right ovary by direct extension from fallopian tube
369533004,Malignant tumor involving right ovary by direct extension from left ovary
369534005,Malignant tumor involving right ovary by direct extension from uterine cervix
369566000,Malignant tumor involving right ovary by direct extension from uterus
369567009,Malignant tumor involving right ovary by direct extension from vagina
369489005,Malignant tumor involving seminal vesicle by direct extension from bladder
369490001,Malignant tumor involving seminal vesicle by direct extension from prostate
369463005,Malignant tumor involving ureter by direct extension from bladder
369465003,Malignant tumor involving urethra by direct extension from bladder
369466002,Malignant tumor involving urethra by direct extension from prostate
369497003,Malignant tumor involving uterine cervix by direct extension from fallopian tube
369498008,Malignant tumor involving uterine cervix by direct extension from ovary
369499000,Malignant tumor involving uterine cervix by direct extension from vagina
369493004,Malignant tumor involving uterine corpus by direct extension from bladder
369579009,Malignant tumor involving uterine corpus by direct extension from fallopian tube
369494005,Malignant tumor involving uterine corpus by direct extension from ovary
369495006,Malignant tumor involving uterine corpus by direct extension from uterine cervix
369496007,Malignant tumor involving uterine corpus by direct extension from vagina
369504000,Malignant tumor involving vagina by direct extension from bladder
369505004,Malignant tumor involving vagina by direct extension from endometrium
369506003,Malignant tumor involving vagina by direct extension from fallopian tube
369512008,Malignant tumor involving vagina by direct extension from ovary
369580007,Malignant tumor involving vagina by direct extension from uterine cervix
369503006,Malignant tumor involving vagina by direct extension from uterus
369483006,Malignant tumor involving vasa deferentia by direct extension from prostate
369507007,Malignant tumor involving vulva by direct extension from endometrium
369508002,Malignant tumor involving vulva by direct extension from fallopian tube
369509005,Malignant tumor involving vulva by direct extension from ovary
369510000,Malignant tumor involving vulva by direct extension from uterine cervix
369511001,Malignant tumor involving vulva by direct extension from uterus
369587005,Malignant tumor involving vulva by direct extension from vagina
402652009,Malignant vascular tumor of skin
277543005,Malignant white blood cell disorder
75524006,Malnutrition related diabetes mellitus
237600004,Malnutrition-related diabetes mellitus - fibrocalculous
49008000,Malrotation of kidney
5497006,Manzanilla fever
766246000,Marburg acute multiple sclerosis
54615002,Martin du Pan-Rutishauer disease
231500002,Masked depression
13272007,Masshoff's syndrome
110002002,Mast cell leukemia (clinical)
397009000,Mast cell malignancy
397011009,Mast cell malignancy of lymph nodes
188662007,Mast cell malignancy of lymph nodes of head and neck
188669003,Mast cell malignancy of lymph nodes of multiple sites
234381003,Maternal autoimmune hemolytic anemia
4783006,Maternal diabetes mellitus with hypoglycemia affecting fetus OR newborn
288250001,Maternal hypertension
237619009,Maternally inherited diabetes and deafness
279225001,Maternity blues
402560002,Materno-fetal metastatic malignant melanoma
609562003,"Maturity onset diabetes of the young, type 1"
237604008,"Maturity onset diabetes of the young, type 2"
609561005,Maturity-onset diabetes of the young
609577006,"Maturity-onset diabetes of the young, type 10"
609578001,"Maturity-onset diabetes of the young, type 11"
609570008,"Maturity-onset diabetes of the young, type 3"
609571007,"Maturity-onset diabetes of the young, type 4"
609572000,"Maturity-onset diabetes of the young, type 5"
609573005,"Maturity-onset diabetes of the young, type 6"
609574004,"Maturity-onset diabetes of the young, type 7"
609575003,"Maturity-onset diabetes of the young, type 8"
609576002,"Maturity-onset diabetes of the young, type 9"
80660001,Mauriac's syndrome
9164007,Mayaro fever
14189004,Measles
28463004,Measles keratitis
19849005,Meat-wrappers' asthma
255032005,Medullary thyroid carcinoma
277505007,Medulloblastoma of cerebellum
85901000,Megacalycosis
188754005,Megakaryocytic leukemia
94148006,Megakaryocytic leukemia in remission
53165003,Megaloblastic anemia
37370005,Megaloblastic anemia caused by drugs
32094009,Megaloblastic anemia caused by fish tapeworm
60164003,Megaloblastic anemia due to blind loop syndrome
6659005,Megaloblastic anemia due to celiac disease
47844003,Megaloblastic anemia due to chronic hemolytic anemia
60504009,Megaloblastic anemia due to congenital deficiency of intrinsic factor
82895008,Megaloblastic anemia due to disease of small intestine
68700003,Megaloblastic anemia due to error of cobalamin metabolism
35778001,Megaloblastic anemia due to error of folate metabolism
10205009,Megaloblastic anemia due to exfoliative dermatitis
85649008,Megaloblastic anemia due to folate deficiency
12238007,Megaloblastic anemia due to gastrectomy
27366005,Megaloblastic anemia due to hemodialysis
5430006,Megaloblastic anemia due to hyperalimentation
27798002,Megaloblastic anemia due to impaired absorption of folate
34925000,Megaloblastic anemia due to inborn errors of metabolism
67894009,Megaloblastic anemia due to increased requirements
3571004,Megaloblastic anemia due to pancreatic insufficiency
10619002,Megaloblastic anemia due to poor nutrition
78997000,Megaloblastic anemia due to vegetarianism
54698001,Megaloblastic anemia due to Zollinger-Ellison syndrome
18637002,Megaloblastic anemia of premature infant
722037004,MEHMO syndrome
290006,Melnick-Fraser syndrome
77182004,Membranous glomerulonephritis
28192008,Meningitis caused by Enterovirus
9467007,Meningococcal arthropathy
33618002,Meningococcal carditis
18071005,Meningococcal encephalitis
34845009,Meningococcal endocarditis
23511006,Meningococcal infectious disease
9678009,Meningoencephalitis caused by human herpes simplex virus
13225007,Meningoencephalitis caused by Rubella virus
17949000,Meningoencephalitis due to acquired toxoplasmosis
84788008,Menopausal depression
230444006,Menstrual epilepsy
253001006,Merkel cell carcinoma
35546006,Mesangial proliferative glomerulonephritis
80321008,Mesangiocapillary glomerulonephritis
75888001,"Mesangiocapillary glomerulonephritis, type I"
770643005,Mesial temporal lobe epilepsy with hippocampal sclerosis
193003000,Mesiobasal limbic temporal lobe epilepsy
16567006,Mesocardia
109378008,"Mesothelioma (malignant, clinical disorder)"
109856007,Mesothelioma of mesentery
109858008,Mesothelioma of omentum
109854005,Mesothelioma of parietal peritoneum
109855006,Mesothelioma of pelvic peritoneum
109853004,Mesothelioma of peritoneum
235903001,Metabolic and genetic disorder affecting the liver
442685003,Metabolic dysfunction-associated steatohepatitis
106000008,Metabolic renal disease
275266006,Metastasis to digestive organs
303194003,Metastasis to head and neck lymph node
255123005,Metastasis to nervous system and eye
255124004,Metastasis to peripheral nerve
307226002,Metastatic adenocarcinoma of unknown origin
402537005,Metastatic basal cell carcinoma
402378006,Metastatic Crohn's disease of skin
255118005,Metastatic lymphangitic carcinoma
402563000,Metastatic malignant melanoma with diffuse hypermelanosis
128462008,Metastatic malignant neoplasm
94156009,Metastatic malignant neoplasm of vestibulocochlear nerve
94152006,Metastatic malignant neoplasm to abdominal esophagus
94153001,Metastatic malignant neoplasm to abducens nerve
94154007,Metastatic malignant neoplasm to accessory nerve
94155008,Metastatic malignant neoplasm to accessory sinus
94157000,Metastatic malignant neoplasm to acromion
94158005,Metastatic malignant neoplasm to adenoid
94159002,Metastatic malignant neoplasm to adnexa of skin
94160007,Metastatic malignant neoplasm to adrenal cortex
94161006,Metastatic malignant neoplasm to adrenal gland
94162004,Metastatic malignant neoplasm to adrenal medulla
94163009,Metastatic malignant neoplasm to alveolar ridge mucosa
94164003,Metastatic malignant neoplasm to ampulla of Vater
94165002,Metastatic malignant neoplasm to anal canal
94166001,Metastatic malignant neoplasm to anterior aspect of epiglottis
94167005,Metastatic malignant neoplasm to anterior mediastinum
94168000,Metastatic malignant neoplasm to anterior portion of floor of mouth
94169008,Metastatic malignant neoplasm to anterior two-thirds of tongue
94672000,Metastatic malignant neoplasm to anterior two-thirds of ventrum of tongue
94170009,Metastatic malignant neoplasm to anterior wall of nasopharynx
94171008,Metastatic malignant neoplasm to anterior wall of urinary bladder
94172001,Metastatic malignant neoplasm to anus
94173006,Metastatic malignant neoplasm to aortic body
359782004,Metastatic malignant neoplasm to apex of urinary bladder
94175004,Metastatic malignant neoplasm to appendix
128465005,Metastatic malignant neoplasm to articular cartilage
94179005,Metastatic malignant neoplasm to ascending colon
94180008,Metastatic malignant neoplasm to axilla
94181007,Metastatic malignant neoplasm to axillary lymph nodes
372093008,Metastatic malignant neoplasm to axillary tail of breast
94183005,Metastatic malignant neoplasm to back
94184004,Metastatic malignant neoplasm to base of tongue
94185003,Metastatic malignant neoplasm to biliary tract
94211009,Metastatic malignant neoplasm to blood vessel
94187006,Metastatic malignant neoplasm to blood vessel of abdomen
94189009,Metastatic malignant neoplasm to blood vessel of axilla
94190000,Metastatic malignant neoplasm to blood vessel of buttock
94191001,Metastatic malignant neoplasm to blood vessel of face
94192008,Metastatic malignant neoplasm to blood vessel of finger
94193003,Metastatic malignant neoplasm to blood vessel of foot
94194009,Metastatic malignant neoplasm to blood vessel of forearm
94195005,Metastatic malignant neoplasm to blood vessel of hand
94196006,Metastatic malignant neoplasm to blood vessel of head
94197002,Metastatic malignant neoplasm to blood vessel of hip
94198007,Metastatic malignant neoplasm to blood vessel of inguinal region
400058002,Metastatic malignant neoplasm to blood vessel of lower leg
94200001,Metastatic malignant neoplasm to blood vessel of lower limb
94201002,Metastatic malignant neoplasm to blood vessel of neck
94202009,Metastatic malignant neoplasm to blood vessel of pelvis
94203004,Metastatic malignant neoplasm to blood vessel of perineum
94204005,Metastatic malignant neoplasm to blood vessel of popliteal space
94205006,Metastatic malignant neoplasm to blood vessel of shoulder
94206007,Metastatic malignant neoplasm to blood vessel of thigh
94207003,Metastatic malignant neoplasm to blood vessel of thorax
94208008,Metastatic malignant neoplasm to blood vessel of toe
94209000,Metastatic malignant neoplasm to blood vessel of trunk
399969009,Metastatic malignant neoplasm to blood vessel of upper arm
94210005,Metastatic malignant neoplasm to blood vessel of upper limb
94212002,Metastatic malignant neoplasm to body of pancreas
94213007,Metastatic malignant neoplasm to body of penis
94214001,Metastatic malignant neoplasm to body of stomach
94215000,Metastatic malignant neoplasm to body of uterus
94222008,Metastatic malignant neoplasm to bone
94217008,Metastatic malignant neoplasm to bone marrow
94218003,Metastatic malignant neoplasm to bone of face
94219006,Metastatic malignant neoplasm to bone of lower limb
94220000,Metastatic malignant neoplasm to bone of skull
94221001,Metastatic malignant neoplasm to bone of upper limb
94225005,Metastatic malignant neoplasm to brain
188462001,Metastatic malignant neoplasm to brain and spinal cord
94224009,Metastatic malignant neoplasm to brain stem
94226006,Metastatic malignant neoplasm to broad ligament
94227002,Metastatic malignant neoplasm to bronchopulmonary lymph nodes
94233006,Metastatic malignant neoplasm to bronchus
94228007,Metastatic malignant neoplasm to bronchus of left lower lobe
94229004,Metastatic malignant neoplasm to bronchus of left upper lobe
94231008,Metastatic malignant neoplasm to bronchus of middle lobe of right lung
94230009,Metastatic malignant neoplasm to bronchus of right lower lobe
94232001,Metastatic malignant neoplasm to bronchus of right upper lobe
94234000,Metastatic malignant neoplasm to buccal mucosa
94236003,Metastatic malignant neoplasm to calcaneus
94237007,Metastatic malignant neoplasm to cardia of stomach
94238002,Metastatic malignant neoplasm to carina
94239005,Metastatic malignant neoplasm to carotid body
94240007,Metastatic malignant neoplasm to carpal bone
94241006,Metastatic malignant neoplasm to cartilage of nose
94242004,Metastatic malignant neoplasm to cauda equina
94235004,Metastatic malignant neoplasm to cecum
94243009,Metastatic malignant neoplasm to central nervous system
94245002,Metastatic malignant neoplasm to cerebellum
94246001,Metastatic malignant neoplasm to cerebral meninges
94247005,Metastatic malignant neoplasm to cerebral ventricle
94248000,Metastatic malignant neoplasm to cerebrum
94249008,Metastatic malignant neoplasm to cervical esophagus
94250008,Metastatic malignant neoplasm to cervical vertebral column
188469005,Metastatic malignant neoplasm to cervix uteri
94252000,Metastatic malignant neoplasm to cheek
94253005,Metastatic malignant neoplasm to chest wall
94254004,Metastatic malignant neoplasm to choroid
94255003,Metastatic malignant neoplasm to ciliary body
94256002,Metastatic malignant neoplasm to clavicle
94257006,Metastatic malignant neoplasm to clitoris
94258001,Metastatic malignant neoplasm to coccygeal body
94259009,Metastatic malignant neoplasm to coccyx
94260004,Metastatic malignant neoplasm to colon
94261000,Metastatic malignant neoplasm to commissure of lip
94262007,Metastatic malignant neoplasm to common bile duct
94263002,Metastatic malignant neoplasm to conjunctiva
94265009,Metastatic malignant neoplasm to cornea
94266005,Metastatic malignant neoplasm to cranial nerve
94267001,Metastatic malignant neoplasm to craniopharyngeal duct
94268006,Metastatic malignant neoplasm to cubital lymph nodes
94269003,Metastatic malignant neoplasm to cuboid
94270002,Metastatic malignant neoplasm to cystic duct
94271003,Metastatic malignant neoplasm to descending colon
94272005,Metastatic malignant neoplasm to diaphragm
359785002,Metastatic malignant neoplasm to dome of urinary bladder
94273000,Metastatic malignant neoplasm to dorsal surface of tongue
94275007,Metastatic malignant neoplasm to duodenum
94278009,Metastatic malignant neoplasm to endocardium
94279001,Metastatic malignant neoplasm to endocervix
94280003,Metastatic malignant neoplasm to endocrine gland
94281004,Metastatic malignant neoplasm to endometrium
94282006,Metastatic malignant neoplasm to epicardium
94283001,Metastatic malignant neoplasm to epididymis
188471005,Metastatic malignant neoplasm to epididymis and vas deferens
94284007,Metastatic malignant neoplasm to epiglottis
94285008,Metastatic malignant neoplasm to epitrochlear lymph nodes
94286009,Metastatic malignant neoplasm to esophagus
94287000,Metastatic malignant neoplasm to ethmoid bone
94288005,Metastatic malignant neoplasm to ethmoidal sinus
94289002,Metastatic malignant neoplasm to eustachian tube
94290006,Metastatic malignant neoplasm to exocervix
94291005,Metastatic malignant neoplasm to extrahepatic bile ducts
94292003,Metastatic malignant neoplasm to eye
94293008,Metastatic malignant neoplasm to face
94294002,Metastatic malignant neoplasm to facial nerve
94295001,Metastatic malignant neoplasm to fallopian tube
94296000,Metastatic malignant neoplasm to false vocal cord
94298004,Metastatic malignant neoplasm to female genital organ
94299007,Metastatic malignant neoplasm to femoral lymph nodes
94300004,Metastatic malignant neoplasm to femur
94301000,Metastatic malignant neoplasm to fibula
94302007,Metastatic malignant neoplasm to first cuneiform bone of foot
94303002,Metastatic malignant neoplasm to flank
94304008,Metastatic malignant neoplasm to floor of mouth
94305009,Metastatic malignant neoplasm to foot
94306005,Metastatic malignant neoplasm to forearm
94308006,Metastatic malignant neoplasm to frontal bone
94309003,Metastatic malignant neoplasm to frontal lobe
94310008,Metastatic malignant neoplasm to frontal sinus
94311007,Metastatic malignant neoplasm to fundus of stomach
94312000,Metastatic malignant neoplasm to gallbladder
94313005,Metastatic malignant neoplasm to gastrointestinal tract
94314004,Metastatic malignant neoplasm to gingival mucosa
94315003,Metastatic malignant neoplasm to glans penis
94316002,Metastatic malignant neoplasm to glomus jugulare
94317006,Metastatic malignant neoplasm to glossopharyngeal nerve
94318001,Metastatic malignant neoplasm to glottis
94319009,Metastatic malignant neoplasm to great vessels
94320003,Metastatic malignant neoplasm to greater curvature of stomach
94321004,Metastatic malignant neoplasm to gum
94322006,Metastatic malignant neoplasm to hamate bone
94323001,Metastatic malignant neoplasm to hand
94324007,Metastatic malignant neoplasm to hard palate
94326009,Metastatic malignant neoplasm to head
94325008,Metastatic malignant neoplasm to head of pancreas
94327000,Metastatic malignant neoplasm to heart
94328005,Metastatic malignant neoplasm to hepatic flexure of colon
94329002,Metastatic malignant neoplasm to hilus of lung
94330007,Metastatic malignant neoplasm to hypogastric lymph nodes
94331006,Metastatic malignant neoplasm to hypoglossal nerve
94332004,Metastatic malignant neoplasm to hypopharyngeal aspect of aryepiglottic fold
94333009,Metastatic malignant neoplasm to hypopharyngeal aspect of interarytenoid fold
94334003,Metastatic malignant neoplasm to hypopharynx
94335002,Metastatic malignant neoplasm to ileum
94336001,Metastatic malignant neoplasm to iliac lymph nodes
94337005,Metastatic malignant neoplasm to ilium
94338000,Metastatic malignant neoplasm to infraclavicular lymph nodes
94339008,Metastatic malignant neoplasm to inguinal lymph nodes
94340005,Metastatic malignant neoplasm to inguinal region
94341009,Metastatic malignant neoplasm to inner aspect of lip
94342002,Metastatic malignant neoplasm to inner aspect of lower lip
94343007,Metastatic malignant neoplasm to inner aspect of upper lip
94344001,Metastatic malignant neoplasm to intercostal lymph nodes
94345000,Metastatic malignant neoplasm to intestinal lymph nodes
94346004,Metastatic malignant neoplasm to intestinal tract
94347008,Metastatic malignant neoplasm to intra-abdominal lymph nodes
94348003,Metastatic malignant neoplasm to intra-abdominal organs
94349006,Metastatic malignant neoplasm to intrahepatic bile ducts
94350006,Metastatic malignant neoplasm to intrapelvic lymph nodes
94351005,Metastatic malignant neoplasm to intrathoracic lymph nodes
94352003,Metastatic malignant neoplasm to intrathoracic organs
94353008,Metastatic malignant neoplasm to ischium
94354002,Metastatic malignant neoplasm to islets of Langerhans
94355001,Metastatic malignant neoplasm to isthmus of uterus
94356000,Metastatic malignant neoplasm to jaw
94357009,Metastatic malignant neoplasm to jejunum
94358004,Metastatic malignant neoplasm to junctional region of epiglottis
94359007,Metastatic malignant neoplasm to junctional zone of tongue
94360002,Metastatic malignant neoplasm to kidney
94361003,Metastatic malignant neoplasm to labia majora
94362005,Metastatic malignant neoplasm to labia minora
94364006,Metastatic malignant neoplasm to lacrimal gland
94365007,Metastatic malignant neoplasm to large intestine
94366008,Metastatic malignant neoplasm to laryngeal aspect of aryepiglottic fold
94367004,Metastatic malignant neoplasm to laryngeal aspect of interarytenoid fold
94368009,Metastatic malignant neoplasm to laryngeal commissure
94369001,Metastatic malignant neoplasm to laryngeal surface of epiglottis
94370000,Metastatic malignant neoplasm to larynx
359780007,Metastatic malignant neoplasm to lateral axillary lymph nodes
94371001,Metastatic malignant neoplasm to lateral portion of floor of mouth
94372008,Metastatic malignant neoplasm to lateral wall of nasopharynx
94373003,Metastatic malignant neoplasm to lateral wall of oropharynx
94374009,Metastatic malignant neoplasm to lateral wall of urinary bladder
369514009,Metastatic malignant neoplasm to left fallopian tube
94375005,Metastatic malignant neoplasm to left lower lobe of lung
369523007,Metastatic malignant neoplasm to left ovary
94376006,Metastatic malignant neoplasm to left upper lobe of lung
94378007,Metastatic malignant neoplasm to lesser curvature of stomach
94379004,Metastatic malignant neoplasm to lingual tonsil
94380001,Metastatic malignant neoplasm to lip
94381002,Metastatic malignant neoplasm to liver
94382009,Metastatic malignant neoplasm to long bone of lower limb
94383004,Metastatic malignant neoplasm to long bone of upper limb
94384005,Metastatic malignant neoplasm to lower gum
94386007,Metastatic malignant neoplasm to lower limb
94388008,Metastatic malignant neoplasm to lower third of esophagus
94389000,Metastatic malignant neoplasm to lumbar vertebral column
94390009,Metastatic malignant neoplasm to lunate bone
94391008,Metastatic malignant neoplasm to lung
94392001,Metastatic malignant neoplasm to lymph node
94393006,Metastatic malignant neoplasm to lymph nodes of face
94394000,Metastatic malignant neoplasm to lymph nodes of head
94395004,Metastatic malignant neoplasm to lymph nodes of lower limb
94396003,Metastatic malignant neoplasm to lymph nodes of multiple sites
94397007,Metastatic malignant neoplasm to lymph nodes of neck
94398002,Metastatic malignant neoplasm to lymph nodes of upper limb
94399005,Metastatic malignant neoplasm to main bronchus
94400003,Metastatic malignant neoplasm to major salivary gland
94402006,Metastatic malignant neoplasm to male genital organ
94403001,Metastatic malignant neoplasm to mandible
94404007,Metastatic malignant neoplasm to mastoid air cells
94405008,Metastatic malignant neoplasm to maxilla
94406009,Metastatic malignant neoplasm to maxillary sinus
94407000,Metastatic malignant neoplasm to Meckel's diverticulum
94408005,Metastatic malignant neoplasm to mediastinal lymph nodes
94409002,Metastatic malignant neoplasm to mediastinum
94410007,Metastatic malignant neoplasm to mesenteric lymph nodes
94411006,Metastatic malignant neoplasm to metacarpal bone
94412004,Metastatic malignant neoplasm to metatarsal bone
94413009,Metastatic malignant neoplasm to middle ear
94523002,Metastatic malignant neoplasm to middle lobe of right lung
94414003,Metastatic malignant neoplasm to middle third of esophagus
94415002,Metastatic malignant neoplasm to minor salivary gland
94416001,Metastatic malignant neoplasm to mouth
94417005,Metastatic malignant neoplasm to multiple endocrine glands
303201005,Metastatic malignant neoplasm to multiple lymph nodes
94432003,Metastatic malignant neoplasm to muscle
94418000,Metastatic malignant neoplasm to muscle of abdomen
94419008,Metastatic malignant neoplasm to muscle of buttock
94420002,Metastatic malignant neoplasm to muscle of face
94421003,Metastatic malignant neoplasm to muscle of head
94422005,Metastatic malignant neoplasm to muscle of hip
94423000,Metastatic malignant neoplasm to muscle of inguinal region
94424006,Metastatic malignant neoplasm to muscle of lower limb
94425007,Metastatic malignant neoplasm to muscle of neck
94426008,Metastatic malignant neoplasm to muscle of pelvis
94427004,Metastatic malignant neoplasm to muscle of perineum
94428009,Metastatic malignant neoplasm to muscle of shoulder
94429001,Metastatic malignant neoplasm to muscle of thorax
94430006,Metastatic malignant neoplasm to muscle of trunk
94431005,Metastatic malignant neoplasm to muscle of upper limb
94433008,Metastatic malignant neoplasm to myocardium
94434002,Metastatic malignant neoplasm to myometrium
94435001,Metastatic malignant neoplasm to nasal bone
94436000,Metastatic malignant neoplasm to nasal cavity
94437009,Metastatic malignant neoplasm to nasal concha
242862004,Metastatic malignant neoplasm to nasopharyngeal wall
241861008,Metastatic malignant neoplasm to nasopharynx
94439007,Metastatic malignant neoplasm to navicular bone of foot
94441008,Metastatic malignant neoplasm to neck
94442001,Metastatic malignant neoplasm to nervous system
94445004,Metastatic malignant neoplasm to nose
94446003,Metastatic malignant neoplasm to obturator lymph nodes
94447007,Metastatic malignant neoplasm to occipital bone
94448002,Metastatic malignant neoplasm to occipital lobe
94449005,Metastatic malignant neoplasm to occipital lymph nodes
94450005,Metastatic malignant neoplasm to oculomotor nerve
94451009,Metastatic malignant neoplasm to olfactory nerve
94626004,Metastatic malignant neoplasm to omentum
94452002,Metastatic malignant neoplasm to optic nerve
94453007,Metastatic malignant neoplasm to orbit
94454001,Metastatic malignant neoplasm to oropharynx
94455000,Metastatic malignant neoplasm to ovary
94456004,Metastatic malignant neoplasm to palate
94457008,Metastatic malignant neoplasm to palatine bone
94459006,Metastatic malignant neoplasm to pancreas
94460001,Metastatic malignant neoplasm to pancreatic duct
94461002,Metastatic malignant neoplasm to para-aortic body
94462009,Metastatic malignant neoplasm to paraganglion
94463004,Metastatic malignant neoplasm to paramammary lymph nodes
94464005,Metastatic malignant neoplasm to parametrial lymph nodes
94465006,Metastatic malignant neoplasm to parametrium
94466007,Metastatic malignant neoplasm to pararectal lymph nodes
94467003,Metastatic malignant neoplasm to parathyroid gland
94468008,Metastatic malignant neoplasm to paraurethral glands
94469000,Metastatic malignant neoplasm to paravaginal lymph nodes
94470004,Metastatic malignant neoplasm to parietal bone
94471000,Metastatic malignant neoplasm to parietal lobe
94472007,Metastatic malignant neoplasm to parietal peritoneum
94473002,Metastatic malignant neoplasm to parietal pleura
94474008,Metastatic malignant neoplasm to parotid gland
94475009,Metastatic malignant neoplasm to parotid lymph nodes
94476005,Metastatic malignant neoplasm to patella
94477001,Metastatic malignant neoplasm to pectoral axillary lymph nodes
94478006,Metastatic malignant neoplasm to pelvic bone
94479003,Metastatic malignant neoplasm to pelvic peritoneum
94480000,Metastatic malignant neoplasm to pelvis
94481001,Metastatic malignant neoplasm to penis
94482008,Metastatic malignant neoplasm to periadrenal tissue
94483003,Metastatic malignant neoplasm to perianal skin
94484009,Metastatic malignant neoplasm to pericardium
94485005,Metastatic malignant neoplasm to perirenal tissue
94627008,Metastatic malignant neoplasm to peritoneum
94486006,Metastatic malignant neoplasm to phalanx of foot
94487002,Metastatic malignant neoplasm to phalanx of hand
94488007,Metastatic malignant neoplasm to pharynx
94489004,Metastatic malignant neoplasm to pineal gland
94490008,Metastatic malignant neoplasm to pisiform bone of hand
94491007,Metastatic malignant neoplasm to pituitary gland
94492000,Metastatic malignant neoplasm to placenta
94493005,Metastatic malignant neoplasm to pleura
94494004,Metastatic malignant neoplasm to popliteal lymph nodes
94495003,Metastatic malignant neoplasm to postcricoid region
94496002,Metastatic malignant neoplasm to posterior hypopharyngeal wall
94497006,Metastatic malignant neoplasm to posterior mediastinum
94498001,Metastatic malignant neoplasm to posterior wall of nasopharynx
94499009,Metastatic malignant neoplasm to posterior wall of oropharynx
94500000,Metastatic malignant neoplasm to posterior wall of urinary bladder
94501001,Metastatic malignant neoplasm to preauricular lymph nodes
94307001,Metastatic malignant neoplasm to prepuce
94502008,Metastatic malignant neoplasm to presacral region
94503003,Metastatic malignant neoplasm to prostate
94504009,Metastatic malignant neoplasm to pubis
94505005,Metastatic malignant neoplasm to pyloric antrum
94506006,Metastatic malignant neoplasm to pylorus
94507002,Metastatic malignant neoplasm to pyriform sinus
94508007,Metastatic malignant neoplasm to radius
94509004,Metastatic malignant neoplasm to rectosigmoid junction
94510009,Metastatic malignant neoplasm to rectouterine pouch
94511008,Metastatic malignant neoplasm to rectovaginal septum
94512001,Metastatic malignant neoplasm to rectovesical septum
94513006,Metastatic malignant neoplasm to rectum
94514000,Metastatic malignant neoplasm to renal pelvis
269473008,Metastatic malignant neoplasm to respiratory and digestive systems
94515004,Metastatic malignant neoplasm to respiratory tract
94516003,Metastatic malignant neoplasm to retina
94517007,Metastatic malignant neoplasm to retrocecal tissue
94518002,Metastatic malignant neoplasm to retromolar area
94519005,Metastatic malignant neoplasm to retroperitoneal lymph nodes
94628003,Metastatic malignant neoplasm to retroperitoneum
188445006,Metastatic malignant neoplasm to retroperitoneum and peritoneum
94520004,Metastatic malignant neoplasm to retropharyngeal lymph nodes
94521000,Metastatic malignant neoplasm to rib
369521009,Metastatic malignant neoplasm to right fallopian tube
94522007,Metastatic malignant neoplasm to right lower lobe of lung
369530001,Metastatic malignant neoplasm to right ovary
94524008,Metastatic malignant neoplasm to right upper lobe of lung
94525009,Metastatic malignant neoplasm to round ligament of uterus
94526005,Metastatic malignant neoplasm to sacrococcygeal region
94527001,Metastatic malignant neoplasm to sacrum
94528006,Metastatic malignant neoplasm to scalene lymph nodes
94440009,Metastatic malignant neoplasm to scaphoid bone
94529003,Metastatic malignant neoplasm to scapula
94530008,Metastatic malignant neoplasm to sclera
94531007,Metastatic malignant neoplasm to scrotum
94532000,Metastatic malignant neoplasm to sebaceous gland
94533005,Metastatic malignant neoplasm to second cuneiform bone of foot
369488002,Metastatic malignant neoplasm to seminal vesicle
94534004,Metastatic malignant neoplasm to septum of nose
94535003,Metastatic malignant neoplasm to short bone of lower limb
94536002,Metastatic malignant neoplasm to short bone of upper limb
94537006,Metastatic malignant neoplasm to shoulder
94538001,Metastatic malignant neoplasm to sigmoid colon
94579000,Metastatic malignant neoplasm to skin
94539009,Metastatic malignant neoplasm to skin of abdomen
94540006,Metastatic malignant neoplasm to skin of ankle
94542003,Metastatic malignant neoplasm to skin of axilla
94543008,Metastatic malignant neoplasm to skin of back
94544002,Metastatic malignant neoplasm to skin of breast
94545001,Metastatic malignant neoplasm to skin of buttock
94546000,Metastatic malignant neoplasm to skin of cheek
94547009,Metastatic malignant neoplasm to skin of chest
94548004,Metastatic malignant neoplasm to skin of chin
94549007,Metastatic malignant neoplasm to skin of ear
94550007,Metastatic malignant neoplasm to skin of elbow
94551006,Metastatic malignant neoplasm to skin of external auditory canal
94552004,Metastatic malignant neoplasm to skin of eyebrow
94553009,Metastatic malignant neoplasm to skin of eyelid
94554003,Metastatic malignant neoplasm to skin of face
94555002,Metastatic malignant neoplasm to skin of finger
94556001,Metastatic malignant neoplasm to skin of foot
94557005,Metastatic malignant neoplasm to skin of forearm
94558000,Metastatic malignant neoplasm to skin of forehead
94559008,Metastatic malignant neoplasm to skin of groin
94560003,Metastatic malignant neoplasm to skin of hand
188454009,Metastatic malignant neoplasm to skin of head
94561004,Metastatic malignant neoplasm to skin of hip
94562006,Metastatic malignant neoplasm to skin of knee
94564007,Metastatic malignant neoplasm to skin of lip
94565008,Metastatic malignant neoplasm to skin of lower limb
94566009,Metastatic malignant neoplasm to skin of neck
94567000,Metastatic malignant neoplasm to skin of nose
94568005,Metastatic malignant neoplasm to skin of perineum
94569002,Metastatic malignant neoplasm to skin of popliteal area
94570001,Metastatic malignant neoplasm to skin of scalp
94571002,Metastatic malignant neoplasm to skin of shoulder
188458007,Metastatic malignant neoplasm to skin of shoulder and arm
94572009,Metastatic malignant neoplasm to skin of temporal region
94573004,Metastatic malignant neoplasm to skin of thigh
94574005,Metastatic malignant neoplasm to skin of toe
94575006,Metastatic malignant neoplasm to skin of trunk
94576007,Metastatic malignant neoplasm to skin of umbilicus
94577003,Metastatic malignant neoplasm to skin of upper limb
94578008,Metastatic malignant neoplasm to skin of wrist
94580002,Metastatic malignant neoplasm to small intestine
94581003,Metastatic malignant neoplasm to soft palate
94264008,Metastatic malignant neoplasm to soft tissues
94582005,Metastatic malignant neoplasm to soft tissues of abdomen
94583000,Metastatic malignant neoplasm to soft tissues of axilla
94584006,Metastatic malignant neoplasm to soft tissues of buttock
94585007,Metastatic malignant neoplasm to soft tissues of face
94586008,Metastatic malignant neoplasm to soft tissues of head
94587004,Metastatic malignant neoplasm to soft tissues of hip
94588009,Metastatic malignant neoplasm to soft tissues of inguinal region
94589001,Metastatic malignant neoplasm to soft tissues of lower limb
94590005,Metastatic malignant neoplasm to soft tissues of neck
94591009,Metastatic malignant neoplasm to soft tissues of pelvis
94592002,Metastatic malignant neoplasm to soft tissues of perineum
94593007,Metastatic malignant neoplasm to soft tissues of shoulder
94594001,Metastatic malignant neoplasm to soft tissues of thorax
94595000,Metastatic malignant neoplasm to soft tissues of trunk
94596004,Metastatic malignant neoplasm to soft tissues of upper limb
94597008,Metastatic malignant neoplasm to spermatic cord
94598003,Metastatic malignant neoplasm to sphenoid bone
94599006,Metastatic malignant neoplasm to sphenoidal sinus
94600009,Metastatic malignant neoplasm to spinal cord
94601008,Metastatic malignant neoplasm to spinal meninges
94603006,Metastatic malignant neoplasm to spleen
94604000,Metastatic malignant neoplasm to splenic flexure of colon
94605004,Metastatic malignant neoplasm to sternum
94606003,Metastatic malignant neoplasm to stomach
94607007,Metastatic malignant neoplasm to subglottis
94608002,Metastatic malignant neoplasm to sublingual gland
94609005,Metastatic malignant neoplasm to submandibular lymph nodes
94610000,Metastatic malignant neoplasm to submaxillary gland
94611001,Metastatic malignant neoplasm to submental lymph nodes
94612008,Metastatic malignant neoplasm to superficial inguinal lymph nodes
94613003,Metastatic malignant neoplasm to superior wall of nasopharynx
94614009,Metastatic malignant neoplasm to supraclavicular lymph nodes
94615005,Metastatic malignant neoplasm to supraclavicular region
94616006,Metastatic malignant neoplasm to supraglottis
94617002,Metastatic malignant neoplasm to sweat gland
94618007,Metastatic malignant neoplasm to tail of pancreas
94619004,Metastatic malignant neoplasm to talus
94620005,Metastatic malignant neoplasm to tarsal bone
94621009,Metastatic malignant neoplasm to temporal bone
94622002,Metastatic malignant neoplasm to temporal lobe
94623007,Metastatic malignant neoplasm to testis
94624001,Metastatic malignant neoplasm to the mesentery
94625000,Metastatic malignant neoplasm to the mesocolon
94629006,Metastatic malignant neoplasm to thigh
94630001,Metastatic malignant neoplasm to third cuneiform bone of foot
94631002,Metastatic malignant neoplasm to thoracic esophagus
94274006,Metastatic malignant neoplasm to thoracic vertebral column
94632009,Metastatic malignant neoplasm to thymus
94633004,Metastatic malignant neoplasm to thyroglossal duct
94634005,Metastatic malignant neoplasm to thyroid gland
94635006,Metastatic malignant neoplasm to tibia
94636007,Metastatic malignant neoplasm to tibial lymph nodes
94637003,Metastatic malignant neoplasm to tip and lateral border of tongue
94638008,Metastatic malignant neoplasm to tongue
94458003,Metastatic malignant neoplasm to tonsil
94639000,Metastatic malignant neoplasm to tonsillar fossa
94640003,Metastatic malignant neoplasm to tonsillar pillar
94641004,Metastatic malignant neoplasm to trachea
94642006,Metastatic malignant neoplasm to tracheobronchial lymph nodes
94643001,Metastatic malignant neoplasm to transverse colon
94644007,Metastatic malignant neoplasm to trapezium
94645008,Metastatic malignant neoplasm to trapezoid bone
94646009,Metastatic malignant neoplasm to trigeminal nerve
94647000,Metastatic malignant neoplasm to trigone of urinary bladder
94648005,Metastatic malignant neoplasm to trochlear nerve
94649002,Metastatic malignant neoplasm to trunk
94650002,Metastatic malignant neoplasm to ulna
94651003,Metastatic malignant neoplasm to undescended testis
274088005,Metastatic malignant neoplasm to unknown site
94652005,Metastatic malignant neoplasm to upper gum
94654006,Metastatic malignant neoplasm to upper limb
94656008,Metastatic malignant neoplasm to upper respiratory tract
94657004,Metastatic malignant neoplasm to upper third of esophagus
94658009,Metastatic malignant neoplasm to urachus
94659001,Metastatic malignant neoplasm to ureter
94660006,Metastatic malignant neoplasm to ureteric orifice of urinary bladder
94661005,Metastatic malignant neoplasm to urethra
94186002,Metastatic malignant neoplasm to urinary bladder
94662003,Metastatic malignant neoplasm to urinary bladder neck
94663008,Metastatic malignant neoplasm to urinary system
94664002,Metastatic malignant neoplasm to uterine adnexa
94665001,Metastatic malignant neoplasm to uterus
94666000,Metastatic malignant neoplasm to uveal tract
94667009,Metastatic malignant neoplasm to uvula
94668004,Metastatic malignant neoplasm to vagina
94669007,Metastatic malignant neoplasm to vagus nerve
94670008,Metastatic malignant neoplasm to vallecula
94671007,Metastatic malignant neoplasm to vas deferens
94673005,Metastatic malignant neoplasm to vermilion border of lip
94674004,Metastatic malignant neoplasm to vermilion border of lower lip
94675003,Metastatic malignant neoplasm to vermilion border of upper lip
94602001,Metastatic malignant neoplasm to vertebral column
94676002,Metastatic malignant neoplasm to vestibule of mouth
94677006,Metastatic malignant neoplasm to vestibule of nose
94678001,Metastatic malignant neoplasm to visceral pleura
94679009,Metastatic malignant neoplasm to vocal cord
94680007,Metastatic malignant neoplasm to vomer
94681006,Metastatic malignant neoplasm to vulva
94682004,Metastatic malignant neoplasm to Waldeyer's ring
94683009,Metastatic malignant neoplasm to zygomatic bone
369535006,Metastatic neoplasm of left broad ligament
369536007,Metastatic neoplasm of right broad ligament
13889008,Methyl CCNU nephropathy
51071000,Microangiopathic hemolytic anemia
254712007,Microcystic adnexal carcinoma
57088004,Microcystic renal disease
44666001,Microcytic hypochromic anemia
4984008,Microcytic normochromic anemia
85700008,Microhepatia
42531007,Microinfarct of heart
21861000,Micronodular cirrhosis
1197730009,Microscopic enteritis
1144805008,Microscopic polyangiitis
421020000,Microsporidiosis associated with acquired immunodeficiency syndrome
763802009,Micturition induced epilepsy
195209007,Middle cerebral artery syndrome
61250001,Midzonal hepatic necrosis
111211002,Migratory polyarthritis
370218001,Mild asthma
313296004,Mild chronic obstructive pulmonary disease
78324009,Mild chronic ulcerative colitis
310495003,Mild depression
24975009,Mild hereditary spherocytosis due to combined deficiency of spectrin AND ankyrin
32648007,Mild hereditary spherocytosis due to spectrin deficiency
427679007,Mild intermittent asthma
87512008,Mild major depression
79298009,"Mild major depression, single episode"
16265951000119109,Mild major depressive disorder co-occurrent with anxiety single episode
10675871000119106,Mild persistent allergic asthma
426979002,Mild persistent asthma
125011000119100,Mild persistent asthma co-occurrent with allergic rhinitis
10676231000119102,Mild persistent asthma uncontrolled co-occurrent with allergic rhinitis
237349002,Mild postnatal depression
41114007,Mild pre-eclampsia
40379007,Mild recurrent major depression
47604008,Miliary tuberculosis
43258006,Milk alkali syndrome
276221006,Millard-Gubler syndrome
11641008,Millers' asthma
44785005,Minimal change disease
718636001,Minimal depression
720455008,Minimal major depression
720454007,Minimal major depression single episode
720451004,Minimal recurrent major depression
48589009,Minor depressive disorder
85870004,Minor laceration of liver with open wound into abdominal cavity
65324009,Minor laceration of liver without open wound into abdominal cavity
10697004,Miscarriage complicated by renal failure
16038004,Miscarriage due to Leptospira
40444006,Miscarriage with acute necrosis of liver
57469000,Miscarriage with acute renal failure
48739004,Miscarriage with cardiac arrest and/or cardiac failure
11026009,Miscarriage with renal tubular necrosis
18613002,Miscarriage with septic shock
1469007,Miscarriage with urinary tract infection
11851006,Mitral valve disorder
8074002,Mitral valve prolapse syndrome
48724000,Mitral valve regurgitation
231504006,Mixed anxiety and depressive disorder
195977004,Mixed asthma
94686001,Mixed cell type lymphosarcoma of intra-abdominal lymph nodes
94687005,Mixed cell type lymphosarcoma of intrapelvic lymph nodes
94688000,Mixed cell type lymphosarcoma of intrathoracic lymph nodes
94690004,"Mixed cell type lymphosarcoma of lymph nodes of head, face, and neck"
398049005,Mixed collagen vascular disease
230287006,Mixed cortical and subcortical vascular dementia
79341000119107,Mixed dementia
255030002,Mixed follicular and papillary thyroid carcinoma
4559000,Mixed infectious disease
21070001,Mixed malaria
15999000,Mixed micro and macronodular cirrhosis
278491007,Mixed seminoma teratoma of testis
9918001,Mobile kidney
54016002,Mobitz type I incomplete atrioventricular block
28189009,Mobitz type II atrioventricular block
734905008,Moderate acute exacerbation of asthma
370219009,Moderate asthma
313297008,Moderate chronic obstructive pulmonary disease
78712000,Moderate chronic ulcerative colitis
310496002,Moderate depression
20402005,Moderate laceration of liver with open wound into abdominal cavity
43841005,Moderate laceration of liver without open wound into abdominal cavity
832007,Moderate major depression
15639000,"Moderate major depression, single episode"
16266831000119100,Moderate major depressive disorder co-occurrent with anxiety single episode
10676391000119108,Moderate persistent allergic asthma
427295004,Moderate persistent asthma
125001000119103,Moderate persistent asthma co-occurrent with allergic rhinitis
10676671000119102,Moderate persistent asthma uncontrolled co-occurrent with allergic rhinitis
237281009,Moderate proteinuric hypertension of pregnancy
18818009,Moderate recurrent major depression
719593009,Moderately severe depression
719592004,Moderately severe major depression
720453001,Moderately severe major depression single episode
720452006,Moderately severe recurrent major depression
724137002,MOMO syndrome
54073003,Monocuspid cardiac valve
188744006,Monocytic leukemia
277623009,Monocytoid B-cell lymphoma
2374000,Monofascicular block
239842008,Monosodium urate arthritis and periarthritis
307340003,Monosomy 7 syndrome
724678004,Mood disorder with depressive symptoms caused by anxiolytic
724690002,Mood disorder with depressive symptoms caused by cocaine
762345001,Mood disorder with depressive symptoms caused by dissociative drug
1234782002,Mood disorder with depressive symptoms caused by ethanol
762336002,Mood disorder with depressive symptoms caused by hallucinogen
724677009,Mood disorder with depressive symptoms caused by hypnotic
762321000,Mood disorder with depressive symptoms caused by opioid
724676000,Mood disorder with depressive symptoms caused by sedative
762329003,Mood disorder with depressive symptoms caused by stimulant
762512002,Mood disorder with depressive symptoms caused by synthetic cathinone
762339009,Mood disorder with depressive symptoms caused by volatile inhalant
5808000,Morax lacunata angular conjunctivitis
238136002,Morbid obesity
715628009,MORM syndrome
61493004,Mu heavy chain disease
254851009,Mucinous cystadenocarcinoma of ovary
254714008,Mucinous eccrine carcinoma of skin
17273001,Mucocutaneous cryptococcosis
254713002,Mucoepidermoid carcinoma of skin
70737009,"Mucopolysaccharidosis, MPS-II"
277622004,Mucosa-associated lymphoma
866046008,Mucous membrane pemphigoid of penile mucosa
707986004,Mucous membrane pemphigoid with esophageal involvement
56267009,Multi-infarct dementia
106021000119105,Multi-infarct dementia due to atherosclerosis
10349009,Multi-infarct dementia with delirium
25772007,Multi-infarct dementia with delusions
14070001,Multi-infarct dementia with depression
70936005,"Multi-infarct dementia, uncomplicated"
49982000,Multifocal atrial tachycardia
63232000,Multifocal premature beats
10626002,Multifocal premature ventricular complexes
237570007,Multinodular goiter
773643006,"Multiple congenital anomalies, hypotonia, seizures syndrome type 2"
82525005,Multiple congenital cysts of kidney
1078301000112109,Multiple drug intolerant hypertension
363500001,Multiple malignancy
109989006,Multiple myeloma
94704006,Multiple myeloma in remission
402564006,Multiple primary malignant melanomata
24700007,Multiple sclerosis
192926004,Multiple sclerosis of the brainstem
192927008,Multiple sclerosis of the spinal cord
733028000,"Multiple sclerosis, ichthyosis, factor VIII deficiency syndrome"
202668000,Multiple-level thoracic spondylosis without myelopathy
22540004,Multisystemic disseminated toxoplasmosis
89764009,Mumps arthritis
89231008,Mumps hepatitis
63462008,Mumps myocarditis
17121006,Mumps nephritis
10665004,Mumps pancreatitis
72071001,Mumps thyroiditis
25668000,Murine typhus
237611007,"Muscular atrophy, ataxia, retinitis pigmentosa, and diabetes mellitus"
91637004,Myasthenia gravis
230685009,Myasthenia gravis associated with thymoma
521000146105,Myasthenia gravis caused by MuSK (muscle-specific kinase) antibodies
77461000119109,Myasthenia gravis with exacerbation
77471000119103,Myasthenia gravis without exacerbation
31839002,"Myasthenia gravis, adult form"
55051001,"Myasthenia gravis, juvenile form"
80976008,Myasthenic crisis
420818005,Mycobacteriosis with AIDS (acquired immunodeficiency syndrome)
61176006,Mycoplasma arthritis
95889002,Mycoplasmal pyelonephritis
3218000,Mycosis
118618005,Mycosis fungoides (clinical)
94707004,Mycosis fungoides of intra-abdominal lymph nodes
94708009,Mycosis fungoides of intrapelvic lymph nodes
94709001,Mycosis fungoides of intrathoracic lymph nodes
188627002,Mycosis fungoides of lymph nodes of multiple sites
94714002,Mycosis fungoides of spleen
421315006,Myelitis with AIDS (acquired immunodeficiency syndrome)
109995007,Myelodysplastic syndrome (clinical)
398623004,Myelodysplastic syndrome with excess blasts
277597005,Myelodysplastic syndrome with isolated del(5q)
109998009,Myelodysplastic syndrome with ring sideroblasts and single lineage dysplasia
277589003,Myelodysplastic/myeloproliferative neoplasm with neutrophilia
188732008,Myeloid leukemia
94716000,Myeloid leukemia in remission
94719007,Myeloid sarcoma
94718004,Myeloid sarcoma in remission
32278006,Myeloma kidney
188768003,Myelomonocytic leukemia
420452002,Myelopathy with AIDS (acquired immunodeficiency syndrome)
2694001,Myelophthisic anemia
64077000,Myocardial degeneration
57809008,Myocardial disease
22298006,Myocardial infarction
50920009,Myocarditis
72527006,Myocarditis caused by drug
713318009,Myocarditis co-occurrent with human immunodeficiency virus infection
55087008,Myocarditis due to chemical agent
8676001,Myocarditis due to hypersensitivity state
22653005,Myocarditis due to infectious agent
421929001,Myocarditis with AIDS (acquired immunodeficiency syndrome)
192845009,Myoclonic encephalopathy
192990004,Myoclonic epilepsy in infancy
778047006,Myoclonic epilepsy in non-progressive encephalopathy
230426003,Myoclonic epilepsy with ragged red fibers
783722008,Myopathy and diabetes mellitus
1303866001,"MYT1L-related developmental delay, intellectual disability, obesity syndrome"
43153006,Myxedema
4641009,Myxedema heart disease
64491003,Myxedematous form of cretinism
400175006,Myxofibrosarcoma of skin
57373003,Myxoid transformation of cardiac valve
42069006,Myxoid transformation of mitral valve
24069003,Nairobi sheep virus disease
230443000,Narcotic withdrawal epilepsy
786836003,Near fatal asthma
91162000,Necrosis of liver of pregnancy
9312005,Necrotic rhinitis
1426004,Necrotizing glomerulonephritis
6955002,Negishi encephalitis
774084003,Neonatal antiphospholipid syndrome
774083009,Neonatal autoimmune hemolytic anemia
23735003,Neonatal dacryocystitis
774082004,Neonatal dermatomyositis
49817004,Neonatal diabetes mellitus
59957008,Neonatal Graves' disease
69800000,Neonatal hepatitis
95555006,Neonatal hepatocellular damage
80378000,Neonatal hepatosplenomegaly
206596003,Neonatal hypertension
25765006,Neonatal iminoglycinuria
3468005,Neonatal infective mastitis
1142056004,Neonatal ischemic stroke
206457007,Neonatal jaundice with congenital hypothyroidism
95609003,Neonatal lupus erythematosus
82178003,Neonatal myasthenia gravis
774080007,Neonatal scleroderma
371121002,Neonatal stroke
13795004,Neonatal thyrotoxicosis
5604000,Neonatal transient hyperthyroidism
12301009,Neonatal urinary tract infection
126852003,Neoplasm of intrahepatic bile ducts
126880001,Neoplasm of kidney
126851005,Neoplasm of liver
126881002,Neoplasm of renal pelvis
127018007,Neoplasm of thyroid gland
94880005,Neoplasm of uncertain behavior of intrahepatic bile ducts
94889006,Neoplasm of uncertain behavior of kidney
94910002,Neoplasm of uncertain behavior of liver
95025009,Neoplasm of uncertain behavior of renal pelvis
95138004,Neoplasm of uncertain behavior of thyroid gland
7724006,Nephritic syndrome
52845002,Nephritis
302849000,Nephroblastoma
48638002,Nephrocalcinosis
295101000119105,Nephropathy co-occurrent and due to systemic lupus erythematosus
52254009,Nephrotic syndrome
197603000,Nephrotic syndrome associated with another disorder
295111000119108,Nephrotic syndrome co-occurrent and due to systemic lupus erythematosus
197605007,Nephrotic syndrome due to diabetes mellitus
197604006,Nephrotic syndrome in amyloidosis
197606008,Nephrotic syndrome in malaria
197607004,Nephrotic syndrome in polyarteritis nodosa
197591002,Nephrotic syndrome with membranoproliferative glomerulonephritis
197590001,Nephrotic syndrome with membranous glomerulonephritis
197589005,Nephrotic syndrome with proliferative glomerulonephritis
197599000,"Nephrotic syndrome, dense deposit disease"
197600002,"Nephrotic syndrome, diffuse crescentic glomerulonephritis"
197597003,"Nephrotic syndrome, diffuse endocapillary proliferative glomerulonephritis"
197595006,"Nephrotic syndrome, diffuse membranous glomerulonephritis"
197596007,"Nephrotic syndrome, diffuse mesangial proliferative glomerulonephritis"
197598008,"Nephrotic syndrome, diffuse mesangiocapillary glomerulonephritis"
197594005,"Nephrotic syndrome, focal and segmental glomerular lesions"
197593004,"Nephrotic syndrome, minor glomerular abnormality"
40233000,Nephrotic-nephritic syndrome
123753008,Nephrotoxic serum nephritis
713278001,Neuralgia co-occurrent with human immunodeficiency virus infection
422136003,Neuralgia with AIDS (acquired immunodeficiency syndrome)
422012004,Neuritis with AIDS (acquired immunodeficiency syndrome)
281560004,Neuroblastoma of brain
253000007,Neuroendocrine carcinoma
202700003,Neuropathic spondylopathy
230598008,Neuropathy caused by human immunodeficiency virus
26039008,Neurosyphilis
80902009,Neutral 1 amino acid transport defect
416729007,Neutropenia with AIDS (acquired immunodeficiency syndrome)
307617006,Neutrophilic leukemia
405749004,Newly diagnosed diabetes
870528001,Newly diagnosed type 1 diabetes mellitus
421431004,Nocardiosis with AIDS (acquired immunodeficiency syndrome)
35928006,Nocturnal angina
71792006,Nodal rhythm disorder
19833008,Nodular calcific aortic valve stenosis
277627005,Nodular high grade B-cell lymphoma
109820009,Nodular hyperplasia of liver
269476000,Nodular lymphoma
95186006,Nodular lymphoma of intra-abdominal lymph nodes
95187002,Nodular lymphoma of intrapelvic lymph nodes
95188007,Nodular lymphoma of intrathoracic lymph nodes
188612002,Nodular lymphoma of lymph nodes of axilla and upper limb
188609000,"Nodular lymphoma of lymph nodes of head, face and neck"
188613007,Nodular lymphoma of lymph nodes of inguinal region and lower limb
95192000,Nodular lymphoma of lymph nodes of multiple sites
95193005,Nodular lymphoma of spleen
302848008,"Nodular malignant lymphoma, lymphocytic - intermediate differentiation"
302845006,"Nodular malignant lymphoma, lymphocytic - well differentiated"
254731001,Nodular malignant melanoma of skin
88102009,Nodular renal blastema
80602006,Nodular tuberculosis of lung
63510008,Nodular type diabetic glomerulosclerosis
52565000,Non megaloblastic anemia associated with nutritional deficiency
86325007,Non megaloblastic anemia due to alcoholism
722600006,Non-amnestic Alzheimer disease
238818000,Non-bullous erythema multiforme
230266001,Non-familial Alzheimer's disease of early onset
230268000,Non-familial Alzheimer's disease of late onset
155876003,Non-functioning kidney
118601006,Non-Hodgkin's lymphoma (clinical)
423889005,Non-IgE mediated allergic asthma
307632004,Non-proteinuric hypertension of pregnancy
402321003,Non-pustular psoriasis of hands
402324006,Non-pustular psoriasis of hands and feet
277580004,Non-secretory myeloma
254637007,Non-small cell lung cancer
36241006,Non-toxic multinodular goiter
190236006,Non-toxic nodular goiter
190237002,Non-toxic uninodular goiter
57181007,Nonbacterial thrombotic endocarditis
54072008,Nonbacterial verrucal endocardiosis
421983003,Noninfectious gastroenteritis with AIDS (acquired immunodeficiency syndrome)
36135007,Noninfective endocarditis
69609002,Nonobstructive cardiomyopathy
111297002,Nonparalytic stroke
39260000,Nonparoxysmal AV nodal tachycardia
235858002,Nonspecific reactive hepatitis
15034009,Nonvenomous insect bite of breast with infection
17198008,Nonvenomous insect bite of ear with infection
10662001,Nonvenomous insect bite of face with infection
801006,Nonvenomous insect bite of foot with infection
25726008,Nonvenomous insect bite of groin with infection
14096004,Nonvenomous insect bite of scapular region with infection
17384006,Nonvenomous insect bite of toe with infection
19108007,Nonvenomous insect bite of trunk with infection
4124006,Nonvenomous insect bite of vagina with infection
10461000,Nonvenomous insect bite with infection
44452003,Normocytic hypochromic anemia
46737006,Normocytic normochromic anemia
277574007,Null cell acute lymphoblastic leukemia
66612000,Nutritional anemia
123605001,Nutritional cirrhosis
420691000,Nutritional deficiency with AIDS (acquired immunodeficiency syndrome)
414916001,Obesity
414917005,Obesity by adipocyte growth pattern
414919008,Obesity by contributing factors
414920002,Obesity by fat distribution pattern
722596001,Obesity caused by energy imbalance
783549006,Obesity due to CEP19 deficiency
785722006,Obesity due to leptin receptor gene deficiency
717269008,Obesity due to melanocortin 4 receptor deficiency
1187531009,Obesity due to pituitary disease
722053001,Obesity due to prohormone convertase I deficiency
783719006,Obesity due to SIM1 deficiency
788996008,Obesity in adolescence
10750551000119100,Obesity in mother complicating childbirth
298464002,Obesity of endocrine origin
64171002,Obstetrical cardiac complication of anesthesia AND/OR sedation
95575002,Obstruction of pelviureteric junction
109819003,Obstructive biliary cirrhosis
16846004,Obstructive emphysema
86249007,Obstructive nephropathy
370220003,Occasional asthma
230404004,Occipital lobe epilepsy
9901000119100,Occlusion of cerebral artery with stroke
373606000,Occlusive stroke
713966008,Occult chronic type B viral hepatitis
57607007,Occupational asthma
402712002,Occupational scleroderma
39838007,Ochronotic arthritis
314757003,Ocular cicatricial pemphigoid
230684008,Ocular myasthenia
414927004,Ocular myasthenia with strabismus
134312002,Odontogenic ghost cell carcinoma
1230308005,Off-periods in Parkinson disease not responding to oral treatment
1755008,Old myocardial infarction
254940005,Oligodendroglioma of brain
254950006,Oligodendroglioma of spinal cord
41962002,Oligohydramnios sequence
18417009,Oligomeganephronic hypoplasia of kidney
735598004,Oligoosteoarthritis
402332003,Onset of psoriasis in adolescence (10-20 years)
402331005,Onset of psoriasis in childhood (1-10 years)
402333008,Onset of psoriasis in early adulthood (20-40 years)
23549005,Onychomycosis caused by Trichophyton mentagrophytes
210393007,Open wound of thyroid
80574002,Opera glass deformity of hands
230400008,Opercular frontal lobe epilepsy
5860009,Ophiasis
1059007,Opisthorchiasis
402441007,Oral involvement by mucous membrane pemphigoid
235066005,Oral lesion co-occurrent with reactive arthritis triad
402444004,Oral mucosal involvement by dermatitis herpetiformis
402446002,Oral mucosal involvement by linear IgA disease
402440008,Oral mucous membrane involvement by bullous pemphigoid
718471008,Oral pemphigoid of gingival mucous membrane
361212009,Oral pemphigus vulgaris
16584951000119101,Oral steroid-dependent asthma
13048006,Orbital lymphoma
230398009,Orbitofrontal frontal lobe epilepsy
420774007,Organic brain syndrome with AIDS (acquired immunodeficiency syndrome)
420614009,Organic dementia with AIDS (acquired immunodeficiency syndrome)
763827002,Orgasm induced epilepsy
25582006,Oriboca virus disease
718685006,Orthostatic hypotension co-occurrent and due to Parkinson's disease
4733001,Orunga virus disease
396275006,Osteoarthritis
239865003,Osteoarthritis of acromioclavicular joint
239874001,Osteoarthritis of ankle
82300000,Osteoarthritis of ankle and/or foot
700318004,Osteoarthritis of ankle secondary to inflammatory arthritis
700295004,Osteoarthritis of ankle secondary to trauma
112991000119105,Osteoarthritis of bilateral hip joints
201857000,Osteoarthritis of bilateral hip joints due to and following trauma
700305007,Osteoarthritis of calcaneocuboid joint
1343604001,Osteoarthritis of cervical spine
239869009,Osteoarthritis of distal interphalangeal joint
239866002,Osteoarthritis of elbow
713482002,Osteoarthritis of facet joint of thoracic spine
239868001,Osteoarthritis of finger joint
12241631000119102,Osteoarthritis of finger joint of left hand
12241671000119104,Osteoarthritis of finger joint of right hand
239877008,Osteoarthritis of first metatarsophalangeal joint
1074511000119102,Osteoarthritis of first metatarsophalangeal joint of left foot
1074481000119109,Osteoarthritis of first metatarsophalangeal joint of right foot
700335000,Osteoarthritis of first metatarsophalangeal joint secondary to trauma
309246000,Osteoarthritis of foot joint
373623009,Osteoarthritis of glenohumeral joint
239872002,Osteoarthritis of hip
789000004,Osteoarthritis of hip due to and following trauma
712504007,Osteoarthritis of hip due to dysplasia
113011000119109,Osteoarthritis of joint of bilateral hands
22193007,Osteoarthritis of joint of hand
318641000119101,Osteoarthritis of joint of left ankle
737057000,Osteoarthritis of joint of left ankle and/or foot
318651000119104,Osteoarthritis of joint of left elbow
318661000119102,Osteoarthritis of joint of left hand
318671000119108,Osteoarthritis of joint of left shoulder region
318681000119106,Osteoarthritis of joint of left wrist
16583361000119101,Osteoarthritis of joint of right ankle
318691000119109,Osteoarthritis of joint of right ankle and/or foot
318701000119109,Osteoarthritis of joint of right elbow
318711000119107,Osteoarthritis of joint of right hand
318721000119100,Osteoarthritis of joint of right shoulder region
318731000119102,Osteoarthritis of joint of right wrist
239873007,Osteoarthritis of knee
1074431000119108,Osteoarthritis of left acromioclavicular joint
16583281000119101,Osteoarthritis of left ankle due to trauma
1074491000119107,Osteoarthritis of left foot
1074531000119107,Osteoarthritis of left foot due to trauma
323291000119108,Osteoarthritis of left hip joint
323161000119107,Osteoarthritis of left hip joint due to dysplasia
323301000119109,Osteoarthritis of left knee joint
12367411000119102,Osteoarthritis of left patellofemoral joint
1074571000119105,Osteoarthritis of left sacroiliac joint
1074451000119102,Osteoarthritis of left sternoclavicular joint
15722441000119106,Osteoarthritis of left subtalar joint
15686121000119109,Osteoarthritis of left temporomandibular joint
713826008,Osteoarthritis of lumbar spinal facet joint
1343605000,Osteoarthritis of lumbar spine
275324008,Osteoarthritis of metacarpophalangeal joint
239871009,Osteoarthritis of metacarpophalangeal joint of finger
703051004,Osteoarthritis of midfoot
703054007,Osteoarthritis of midfoot secondary to inflammatory arthritis
703053001,Osteoarthritis of midfoot secondary to trauma
1074501000119100,Osteoarthritis of midtarsal joint of left foot
1074471000119106,Osteoarthritis of midtarsal joint of right foot
268054009,Osteoarthritis of multiple joints
445478004,Osteoarthritis of pelvis
239870005,Osteoarthritis of proximal interphalangeal joint
1074371000119104,Osteoarthritis of right acromioclavicular joint
16583321000119106,Osteoarthritis of right ankle due to trauma
1074461000119100,Osteoarthritis of right foot
1074521000119109,Osteoarthritis of right foot due to trauma
323311000119107,Osteoarthritis of right hip joint
323171000119101,Osteoarthritis of right hip joint due to dysplasia
323321000119100,Osteoarthritis of right knee joint
12367361000119109,Osteoarthritis of right patellofemoral joint
1074561000119104,Osteoarthritis of right sacroiliac joint
1074391000119103,Osteoarthritis of right sternoclavicular joint
15722521000119101,Osteoarthritis of right subtalar joint
15686041000119102,Osteoarthritis of right temporomandibular joint
67315001,Osteoarthritis of shoulder region
239863005,Osteoarthritis of spinal facet joint
1343601009,Osteoarthritis of spine
239876004,Osteoarthritis of subtalar joint
700315001,Osteoarthritis of subtalar joint secondary to trauma
700324005,Osteoarthritis of talonavicular joint
109668000,Osteoarthritis of temporomandibular joint
1343603007,Osteoarthritis of thoracic spine
239878003,Osteoarthritis of toe joint
239867006,Osteoarthritis of wrist
789002007,Osteoarthritis of wrist and hand due to and following trauma
33262002,Osteoarthrosis involving multiple sites but not designated as generalized
70736000,Osteochondritis
367356000,Osteochondritis of carpal lunate
276481006,Osteochondritis of metacarpal
276480007,Osteochondritis of metatarsal
268023005,Osteochondritis of pelvis
240181002,Osteochondritis of the distal ulna
240182009,Osteochondritis of the femoral head
28769004,Osteomyelitis of ankle AND/OR foot
1551001,Osteomyelitis of femur
17028003,Osteomyelitis of forearm
21120002,Osteomyelitis of lower leg
8872002,Osteomyelitis of pelvic region
24738006,Osteomyelitis of petrous bone
189878003,Osteosarcoma
307576001,Osteosarcoma of bone
17718000,Ostium primum defect
239881008,Otto's pelvis
19341001,Ovale malaria
109267002,Overlapping malignant melanoma of skin
109366009,Overlapping malignant neoplasm of accessory sinuses
109847004,Overlapping malignant neoplasm of biliary tract
109879008,Overlapping malignant neoplasm of body of uterus
109347009,Overlapping malignant neoplasm of bone and articular cartilage
109348004,Overlapping malignant neoplasm of bone and articular cartilage of limb
109912006,Overlapping malignant neoplasm of brain
109371002,Overlapping malignant neoplasm of bronchus and lung
109838007,Overlapping malignant neoplasm of colon
109835005,Overlapping malignant neoplasm of esophagus
109948008,Overlapping malignant neoplasm of eye and adnexa (primary)
109878000,Overlapping malignant neoplasm of female genital organs
109830000,Overlapping malignant neoplasm of floor of mouth
109821008,Overlapping malignant neoplasm of gastrointestinal tract
109384006,"Overlapping malignant neoplasm of heart, mediastinum and pleura"
109368005,Overlapping malignant neoplasm of hypopharynx
109369002,Overlapping malignant neoplasm of larynx
109822001,Overlapping malignant neoplasm of lip
109833003,"Overlapping malignant neoplasm of lip, oral cavity and pharynx"
109824000,Overlapping malignant neoplasm of major salivary gland
109874003,Overlapping malignant neoplasm of male genital organs
109374005,Overlapping malignant neoplasm of mediastinum and pleura
109951001,Overlapping malignant neoplasm of multiple endocrine glands
109367000,Overlapping malignant neoplasm of nasopharynx
255070009,Overlapping malignant neoplasm of oral cavity and lip and salivary gland
109832008,Overlapping malignant neoplasm of oropharynx
109831001,Overlapping malignant neoplasm of palate
109848009,Overlapping malignant neoplasm of pancreas
109875002,Overlapping malignant neoplasm of penis
109919002,Overlapping malignant neoplasm of peripheral nerves and autonomic nervous system
109839004,"Overlapping malignant neoplasm of rectum, anus and anal canal"
109851002,Overlapping malignant neoplasm of retroperitoneum and peritoneum
109264009,Overlapping malignant neoplasm of skin
109837002,Overlapping malignant neoplasm of small intestine
109349007,Overlapping malignant neoplasm of soft tissues
109836006,Overlapping malignant neoplasm of stomach
109823006,Overlapping malignant neoplasm of tongue
110013004,Overlapping malignant neoplasm of tonsil
109870007,Overlapping malignant neoplasm of urinary system
109880006,Overlapping malignant neoplasm of uterine cervix
109885001,Overlapping malignant neoplasm of vulva
69718008,Oxalate nephropathy
367821000119106,Page kidney
254898001,Paget's disease of vulva
274084007,Palate carcinoma
50442003,Palindromic rheumatism
202463000,Palindromic rheumatism of ankle and/or foot
202460002,Palindromic rheumatism of joint of hand
202465007,Palindromic rheumatism of multiple sites
202461003,Palindromic rheumatism of pelvic region and thigh
202457009,Palindromic rheumatism of shoulder region
15634005,Palmar hyperkeratosis of yaws
12008008,Palmar papilloma of yaws
4981000,Panacinar emphysema
62185008,Pancarditis
254638002,Pancoast tumor
722206009,"Pancreatic hypoplasia, diabetes mellitus, congenital heart disease syndrome"
255039001,Pancreatic polypeptidoma
189814006,Pancreatoblastoma
254917006,Papillary cystadenocarcinoma of kidney
90241004,Papillary necrosis
255029007,Papillary thyroid carcinoma
403211002,Papular form erythema multiforme
12188008,Parainfluenza
27475006,Parainfluenza virus bronchitis
10809006,Parainfluenza virus laryngotracheitis
116288000,Paralytic stroke
766722008,Paraparetic variant of Guillain-Barré syndrome
31898008,Paraseptal emphysema
33144001,Parasitic cirrhosis
13816006,Parasitic conjunctivitis
17322007,Parasitic disease
281565009,Paraspinal neuroblastoma
10164001,Parasystole
255037004,Parathyroid carcinoma
57684003,Parenchymal renal hypertension
111369005,Parenchymatous degeneration of liver
276554009,Parenteral nutrition-related hepatitis
230403005,Parietal lobe epilepsy
49049000,Parkinson's disease
715737004,Parkinsonism with dementia of Guadeloupe
39357005,Paroxysmal atrial tachycardia with block
127057004,Paroxysmal cold hemoglobinuria
127058009,Paroxysmal cold hemoglobinuria associated with tertiary syphilis
23130000,Paroxysmal hypertension
1963002,Paroxysmal nocturnal hemoglobinuria
67198005,Paroxysmal supraventricular tachycardia
12026006,Paroxysmal tachycardia
66657009,Paroxysmal ventricular tachycardia
276653007,Parvo virus arthritis
230289009,Patchy dementia
37785001,Patellar tendonitis
450521003,Patellofemoral osteoarthritis
134421000,Pathologic fracture of bone at site of metastatic neoplasm
1197363004,Pediatric arterial ischemic stroke
405631006,Pediatric human immunodeficiency virus infection
1186728004,Pediatric multiple sclerosis
762303003,Pediatric onset Sjögren syndrome
724603009,Pediatric onset systemic sclerosis
25188002,Pediculosis corporis
58008004,Peliosis hepatis
56108007,Pelvic kidney
281564008,Pelvic neuroblastoma
240179004,Pelvis juvenile osteochondropathy
86142006,Pemphigoid
402438003,Pemphigoid nodularis
238940005,Pemphigoid vegetans
65172003,Pemphigus
36739006,Pemphigus erythematosus
35154004,Pemphigus foliaceus
277475006,Pemphigus neonatorum
721196005,Pemphigus of vulva
402718003,Pemphigus paraneoplastica
81285006,Pemphigus vegetans
238937005,Pemphigus vegetans of Neumann type
49420001,Pemphigus vulgaris
715840006,Pemphigus vulgaris of gingival mucous membrane
70348004,Pendred's syndrome
307216009,Perforated carcinoma of esophagus
235796008,Perianal Crohn's disease
31080005,Pericarditis secondary to Mulibrey nanism
87442008,Pericarditis secondary to scleroderma
25380002,Pericarditis secondary to systemic lupus erythematosus
40312006,Pericarditis secondary to tumor metastatic to pericardium
235898000,Pericellular fibrosis of congenital syphilis
722929005,Perinatal arterial ischemic stroke of fetus and/or neonate
10211000132109,Perinatal depression
276551001,Perinatal hepatitis
766815007,Perioral myoclonia with absences
53104002,Peripheral hepatic necrosis
253096008,Peripheral neuroectodermal tumor
254764001,Peripheral neuroepithelioma
248312008,Peripheral obesity
109977009,Peripheral T-cell lymphoma (clinical)
18900005,Periporitis
384993003,Periventricular hemorrhagic venous infarct
609565001,Permanent neonatal diabetes mellitus
724067006,Permanent neonatal diabetes mellitus with cerebellar agenesis syndrome
84027009,Pernicious anemia
1153575004,Persistent depressive disorder
95892003,Persistent generalized lymphadenopathy
193206003,Persistent neonatal myasthenia gravis
44602002,Persistent sinus bradycardia
27836007,Pertussis
783010003,Pharyngeal-cervical-brachial variant of Guillain-Barré syndrome
197664009,Phosphate-losing tubular disorders
402318000,Photoaggravated psoriasis
737249005,Photodermatitis co-occurrent and due to autoimmune disease
95208000,Photogenic epilepsy
230271008,Pick's disease with Pick bodies
230272001,Pick's disease with Pick cells and no Pick bodies
78208005,Pigment cirrhosis
197299004,Pigmentary portal cirrhosis
307610008,Pilomatrix carcinoma of skin
22064009,Pinta
4669001,"Pinta, primary lesion"
197300007,Pipestem portal cirrhosis
254955001,Pituitary carcinoma
202910003,Plant thorn synovitis
254655003,Plantar verrucous carcinoma
128458002,Plaque morphea
200965009,Plaque psoriasis
1254867007,Plaque psoriasis with pustules
95210003,Plasma cell leukemia
95209008,Plasma cell leukemia in remission
186796004,Plasmodium malariae malaria with nephropathy
404804003,Platinum asthma
398903003,Pleomorphic malignant fibrous histiocytoma of skin
189924002,Pleomorphic xanthoastrocytoma
80126007,Plummer-Vinson syndrome
36309003,Pneumococcal arthritis
201467001,Pneumococcal arthritis and polyarthritis
16814004,Pneumococcal infectious disease
2585002,Pneumococcal pleurisy
24302002,Pneumococcal pleurisy with effusion
420787001,Pneumococcal pneumonia with AIDS (acquired immunodeficiency syndrome)
420403001,Pneumocystosis with AIDS (acquired immunodeficiency syndrome)
882784691000119100,Pneumonia caused by SARS-CoV-2
421671002,Pneumonia with AIDS (acquired immunodeficiency syndrome)
40387008,Polyagglutinable erythrocyte syndrome
6211002,Polyarthritis associated with another disorder
28770003,"Polycystic kidney disease, infantile type"
109992005,Polycythemia vera (clinical)
11244009,"Polyglandular autoimmune syndrome, type 1"
83728000,"Polyglandular autoimmune syndrome, type 2"
421597001,Polyneuropathy with AIDS (acquired immunodeficiency syndrome)
8107007,Porocephaliasis
61860000,Porphyria cutanea tarda
197316009,Portal fibrosis without cirrhosis
17349007,Portal triaditis
698764006,Post infectious grand mal epilepsy
699261008,Post infectious osteoarthritis
33183004,Post infectious thrombocytopenic purpura
699262001,Post traumatic osteoarthritis
698767004,Post-cerebrovascular accident epilepsy
1259584009,Post-dialysis dementia
201503001,Post-dysenteric reactive arthropathy of the ankle and/or foot
267883008,Post-genitourinary infection reactive arthritis
239789002,Post-immunization arthritis
127053000,Post-infectious cold agglutinin disease
237528002,Post-infectious hypothyroidism
239783001,Post-infective arthritis
201738001,Post-infective arthropathy in syphilis
231485007,Post-schizophrenic depression
123949001,Post-streptococcal reactive arthritis
698687007,Post-traumatic dementia with behavioral change
75023009,Post-traumatic epilepsy
239787000,Post-tuberculous reactive arthritis
35703006,Post-viral paroxysmal cold hemoglobinuria
237527007,Postablative hypothyroidism
195211003,Posterior cerebral artery syndrome
230715005,Posterior circulation stroke of uncertain pathology
1343507003,Posterior cord syndrome due to multiple sclerosis
78569004,Posterior inferior cerebellar artery syndrome
27156006,Posthepatitic cirrhosis
239946005,Postinfective immunoglobulin A vasculitis
240428000,Postmeningococcal arthritis
1260298008,Postmenopausal depression
86454000,Postnecrotic cirrhosis
82218004,Postoperative depression
5501000119106,Postoperative hypertension
27059002,Postoperative hypothyroidism
62377009,Postpartum cardiomyopathy
58703003,Postpartum depression
40791000119105,Postpartum gestational diabetes mellitus
16740451000119109,Postpartum hemolysis-elevated liver enzymes-low platelet count syndrome
104851000119103,Postpartum major depression in remission
765182005,Postpartum pre-eclampsia
40511000119107,Postpartum pre-existing essential hypertension
40521000119100,Postpartum pregnancy-induced hypertension
52772002,Postpartum thyroiditis
73162004,Posttransfusion purpura
28766006,Posttransfusion viral hepatitis
445260006,Posttransplant diabetes mellitus
33644002,Postvalvulotomy syndrome
192079006,Postviral depression
24814002,Potter's facies
770680004,Prader-Willi-like syndrome
398254007,Pre-eclampsia
67359005,Pre-eclampsia added to pre-existing hypertension
198997005,Pre-eclampsia or eclampsia with pre-existing hypertension
106281000119103,Pre-existing diabetes mellitus in mother complicating childbirth
609563008,Pre-existing diabetes mellitus in pregnancy
34694006,Pre-existing hypertension complicating AND/OR reason for care during childbirth
65402008,Pre-existing hypertension complicating AND/OR reason for care during pregnancy
31407004,Pre-existing hypertension complicating AND/OR reason for care during puerperium
199005000,"Pre-existing hypertension complicating pregnancy, childbirth and puerperium"
86041002,Pre-existing hypertension in obstetric context
10757441000119102,Pre-existing hypertensive heart disease in mother complicating childbirth
10759031000119106,Pre-existing hypertensive heart disease in mother complicating pregnancy
199231005,Pre-existing malnutrition-related diabetes mellitus
1142044000,Pre-existing malnutrition-related diabetes mellitus in pregnancy
199229001,Pre-existing type 1 diabetes mellitus
609564002,Pre-existing type 1 diabetes mellitus in pregnancy
199230006,Pre-existing type 2 diabetes mellitus
609567009,Pre-existing type 2 diabetes mellitus in pregnancy
238938000,Prebullous pemphigoid
277572006,Precursor B-cell acute lymphoblastic leukemia
609566000,Pregnancy and type 1 diabetes mellitus
237627000,Pregnancy and type 2 diabetes mellitus
698638005,Pregnancy induced hypertension with pulmonary edema
48194001,Pregnancy-induced hypertension
4557003,Preinfarction syndrome
29717002,Premature beats
19249002,Premature closure of foramen ovale
596004,Premenstrual dysphoric disorder
426578000,Premenstrual dysphoric disorder in remission
12348006,Presenile dementia
713488003,Presenile dementia co-occurrent with human immunodeficiency virus infection
421023003,Presenile dementia with AIDS (acquired immunodeficiency syndrome)
191452002,Presenile dementia with delirium
31081000119101,Presenile dementia with delusions
191455000,Presenile dementia with depression
191454001,Presenile dementia with paranoia
1290118005,Presymptomatic type 1 diabetes mellitus
277614006,Prethymic and thymic T-cell lymphoma/leukemia
1256084004,Pretibial pemphigoid
127049002,Primary (idiopathic) autoimmune hemolytic anemia
239892009,Primary antiphospholipid syndrome
239894005,Primary antiphospholipid syndrome with multisystem involvement
11836002,Primary bacterial peritonitis
31712002,Primary biliary cholangitis
700304006,Primary calcaneocuboid osteoarthritis
187769009,Primary carcinoma of liver
307649006,Primary central nervous system lymphoma
276836002,Primary cerebral lymphoma
191210005,Primary cold-type hemolytic anemia
128875000,Primary cutaneous CD30+ large T-cell lymphoma
402880009,Primary cutaneous large T-cell lymphoma
400001003,Primary cutaneous lymphoma
400122007,Primary cutaneous T-cell lymphoma
22381000119105,Primary degenerative dementia
416780008,"Primary degenerative dementia of the Alzheimer type, presenile onset"
416975007,"Primary degenerative dementia of the Alzheimer type, senile onset"
698954005,"Primary degenerative dementia of the Alzheimer type, senile onset in remission"
66108005,"Primary degenerative dementia of the Alzheimer type, senile onset, uncomplicated"
4817008,"Primary degenerative dementia of the Alzheimer type, senile onset, with delirium"
83176005,Primary dysthymia
38451003,Primary dysthymia early onset
67711008,Primary dysthymia late onset
8239009,Primary endocardial fibroelastosis
68602002,Primary endomyocardial fibrosis cardiomyopathy
42099002,Primary endomyocardial fibrosis restrictive cardiomyopathy
53703001,Primary eosinophilic endomyocardial cardiomyopathy
33258008,Primary eosinophilic endomyocardial restrictive cardiomyopathy
23247008,Primary extrapulmonary coccidioidomycosis
52029003,Primary familial dilated cardiomyopathy
17901006,Primary hyperoxaluria
65520001,"Primary hyperoxaluria, type I"
40951006,"Primary hyperoxaluria, type II"
57185003,Primary hypothyroidism
53043001,Primary idiopathic dilated cardiomyopathy
63183009,Primary idiopathic hypertrophic cardiomyopathy
64041007,Primary idiopathic restrictive cardiomyopathy
68779003,Primary IgA nephropathy
230389006,Primary inherited reading epilepsy
128091003,Primary ITP (immune thrombocytopenia)
421283008,Primary lymphoma of brain with AIDS (acquired immunodeficiency syndrome)
372087000,Primary malignant neoplasm
371962007,Primary malignant neoplasm of abdominal esophagus
93657007,Primary malignant neoplasm of abducens nerve
93658002,Primary malignant neoplasm of accessory nerve
93659005,Primary malignant neoplasm of accessory sinus
93661001,Primary malignant neoplasm of acromion
93662008,Primary malignant neoplasm of adenoid
93663003,Primary malignant neoplasm of adnexa of skin
371963002,Primary malignant neoplasm of adrenal cortex
93665005,Primary malignant neoplasm of adrenal gland
371966005,Primary malignant neoplasm of adrenal medulla
93667002,Primary malignant neoplasm of alveolar ridge mucosa
371967001,Primary malignant neoplasm of ampulla of Vater
93669004,Primary malignant neoplasm of anal canal
93670003,Primary malignant neoplasm of anterior aspect of epiglottis
93671004,Primary malignant neoplasm of anterior mediastinum
93672006,Primary malignant neoplasm of anterior portion of floor of mouth
371968006,Primary malignant neoplasm of anterior two-thirds of tongue
93674007,Primary malignant neoplasm of anterior wall of nasopharynx
93675008,Primary malignant neoplasm of anterior wall of urinary bladder
93676009,Primary malignant neoplasm of anus
93677000,Primary malignant neoplasm of aortic body
371969003,Primary malignant neoplasm of apex of urinary bladder
93679002,Primary malignant neoplasm of appendix
128466006,Primary malignant neoplasm of articular cartilage
93683002,Primary malignant neoplasm of ascending colon
93684008,Primary malignant neoplasm of axilla
372092003,Primary malignant neoplasm of axillary tail of breast
93686005,Primary malignant neoplasm of back
93687001,Primary malignant neoplasm of base of tongue
371970002,Primary malignant neoplasm of biliary tract
93714009,Primary malignant neoplasm of blood vessel
93690007,Primary malignant neoplasm of blood vessel of abdomen
93692004,Primary malignant neoplasm of blood vessel of axilla
93693009,Primary malignant neoplasm of blood vessel of buttock
93694003,Primary malignant neoplasm of blood vessel of face
93695002,Primary malignant neoplasm of blood vessel of finger
93696001,Primary malignant neoplasm of blood vessel of foot
93697005,Primary malignant neoplasm of blood vessel of forearm
93698000,Primary malignant neoplasm of blood vessel of hand
93699008,Primary malignant neoplasm of blood vessel of head
93700009,Primary malignant neoplasm of blood vessel of hip
93701008,Primary malignant neoplasm of blood vessel of inguinal region
400074007,Primary malignant neoplasm of blood vessel of lower leg
93703006,Primary malignant neoplasm of blood vessel of lower limb
93704000,Primary malignant neoplasm of blood vessel of neck
93705004,Primary malignant neoplasm of blood vessel of pelvis
93706003,Primary malignant neoplasm of blood vessel of perineum
93707007,Primary malignant neoplasm of blood vessel of popliteal space
93708002,Primary malignant neoplasm of blood vessel of shoulder
93709005,Primary malignant neoplasm of blood vessel of thigh
93710000,Primary malignant neoplasm of blood vessel of thorax
93711001,Primary malignant neoplasm of blood vessel of toe
93712008,Primary malignant neoplasm of blood vessel of trunk
399884001,Primary malignant neoplasm of blood vessel of upper arm
93713003,Primary malignant neoplasm of blood vessel of upper limb
93715005,Primary malignant neoplasm of body of pancreas
93716006,Primary malignant neoplasm of body of penis
93717002,Primary malignant neoplasm of body of stomach
371971003,Primary malignant neoplasm of body of uterus
93725000,Primary malignant neoplasm of bone
93720005,Primary malignant neoplasm of bone marrow
93721009,Primary malignant neoplasm of bone of face
93722002,Primary malignant neoplasm of bone of lower limb
93723007,Primary malignant neoplasm of bone of skull
93724001,Primary malignant neoplasm of bone of upper limb
371975007,Primary malignant neoplasm of border of tongue
93727008,Primary malignant neoplasm of brain
93726004,Primary malignant neoplasm of brain stem
109834009,Primary malignant neoplasm of branchial cleft
372137005,Primary malignant neoplasm of breast
93728003,Primary malignant neoplasm of broad ligament
93734005,Primary malignant neoplasm of bronchus
93729006,Primary malignant neoplasm of bronchus of left lower lobe
93730001,Primary malignant neoplasm of bronchus of left upper lobe
93732009,Primary malignant neoplasm of bronchus of middle lobe of right lung
93731002,Primary malignant neoplasm of bronchus of right lower lobe
93733004,Primary malignant neoplasm of bronchus of right upper lobe
371976008,Primary malignant neoplasm of buccal mucosa
93737003,Primary malignant neoplasm of calcaneus
93738008,Primary malignant neoplasm of cardia of stomach
93739000,Primary malignant neoplasm of carina
93740003,Primary malignant neoplasm of carotid body
93741004,Primary malignant neoplasm of carpal bone
93742006,Primary malignant neoplasm of cartilage of nose
93743001,Primary malignant neoplasm of cauda equina
371977004,Primary malignant neoplasm of cecum
93744007,Primary malignant neoplasm of central nervous system
93746009,Primary malignant neoplasm of cerebellum
93747000,Primary malignant neoplasm of cerebral meninges
93748005,Primary malignant neoplasm of cerebral ventricle
93749002,Primary malignant neoplasm of cerebrum
371978009,Primary malignant neoplasm of cervical esophagus
93751003,Primary malignant neoplasm of cervical vertebral column
93753000,Primary malignant neoplasm of cheek
93754006,Primary malignant neoplasm of chest wall
93755007,Primary malignant neoplasm of choroid
93756008,Primary malignant neoplasm of ciliary body
93757004,Primary malignant neoplasm of clavicle
371980003,Primary malignant neoplasm of clitoris
109840002,Primary malignant neoplasm of cloacogenic zone
93759001,Primary malignant neoplasm of coccygeal body
93760006,Primary malignant neoplasm of coccyx
93761005,Primary malignant neoplasm of colon
371981004,Primary malignant neoplasm of commissure of lip
93763008,Primary malignant neoplasm of common bile duct
93764002,Primary malignant neoplasm of conjunctiva of eye
93766000,Primary malignant neoplasm of cornea of eye
93767009,Primary malignant neoplasm of cranial nerve
93768004,Primary malignant neoplasm of craniopharyngeal duct
93769007,Primary malignant neoplasm of cuboid
93770008,Primary malignant neoplasm of cystic duct
109876001,Primary malignant neoplasm of descended testis
93771007,Primary malignant neoplasm of descending colon
93772000,Primary malignant neoplasm of diaphragm
93773005,Primary malignant neoplasm of dorsal surface of tongue
93775003,Primary malignant neoplasm of duodenum
93778001,Primary malignant neoplasm of endocardium
93779009,Primary malignant neoplasm of endocervix
371983001,Primary malignant neoplasm of endocrine gland
93781006,Primary malignant neoplasm of endometrium
93782004,Primary malignant neoplasm of epicardium
93783009,Primary malignant neoplasm of epididymis
93784003,Primary malignant neoplasm of epiglottis
371984007,Primary malignant neoplasm of esophagus
93786001,Primary malignant neoplasm of ethmoid bone
93787005,Primary malignant neoplasm of ethmoidal sinus
93788000,Primary malignant neoplasm of eustachian tube
93789008,Primary malignant neoplasm of exocervix
371986009,Primary malignant neoplasm of eye
93792007,Primary malignant neoplasm of face
93793002,Primary malignant neoplasm of facial nerve
371987000,Primary malignant neoplasm of fallopian tube
371988005,Primary malignant neoplasm of false vocal cord
93797001,Primary malignant neoplasm of female genital organ
93798006,Primary malignant neoplasm of femur
93799003,Primary malignant neoplasm of fibula
93800004,Primary malignant neoplasm of first cuneiform bone of foot
93801000,Primary malignant neoplasm of flank
93802007,Primary malignant neoplasm of floor of mouth
93803002,Primary malignant neoplasm of foot
93804008,Primary malignant neoplasm of forearm
93806005,Primary malignant neoplasm of frontal bone
93807001,Primary malignant neoplasm of frontal lobe
93808006,Primary malignant neoplasm of frontal sinus
93809003,Primary malignant neoplasm of fundus of stomach
109882003,Primary malignant neoplasm of fundus uteri
372139008,Primary malignant neoplasm of gallbladder
363745004,Primary malignant neoplasm of gastrointestinal tract
93812000,Primary malignant neoplasm of gingival mucosa
371989002,Primary malignant neoplasm of glans penis
93814004,Primary malignant neoplasm of glomus jugulare
93815003,Primary malignant neoplasm of glossopharyngeal nerve
93816002,Primary malignant neoplasm of glottis
93817006,Primary malignant neoplasm of great vessels
93818001,Primary malignant neoplasm of greater curvature of stomach
371990006,Primary malignant neoplasm of gum
93820003,Primary malignant neoplasm of hamate bone
93821004,Primary malignant neoplasm of hand
371991005,Primary malignant neoplasm of hard palate
93824007,Primary malignant neoplasm of head
372119009,Primary malignant neoplasm of head of pancreas
93825008,Primary malignant neoplasm of heart
93826009,Primary malignant neoplasm of hepatic flexure of colon
93827000,Primary malignant neoplasm of hilus of lung
93828005,Primary malignant neoplasm of hypoglossal nerve
93829002,Primary malignant neoplasm of hypopharyngeal aspect of aryepiglottic fold
93830007,Primary malignant neoplasm of hypopharyngeal aspect of interarytenoid fold
93831006,Primary malignant neoplasm of hypopharynx
93832004,Primary malignant neoplasm of ileum
93833009,Primary malignant neoplasm of ilium
109359008,Primary malignant neoplasm of independent multiple sites
93834003,Primary malignant neoplasm of inguinal region
93835002,Primary malignant neoplasm of inner aspect of lip
93836001,Primary malignant neoplasm of inner aspect of lower lip
93837005,Primary malignant neoplasm of inner aspect of upper lip
371992003,Primary malignant neoplasm of intestinal tract
93839008,Primary malignant neoplasm of intra-abdominal organs
93841009,Primary malignant neoplasm of intrathoracic organs
93842002,Primary malignant neoplasm of ischium
93843007,Primary malignant neoplasm of islets of Langerhans
93844001,Primary malignant neoplasm of isthmus of uterus
93845000,Primary malignant neoplasm of jaw
93846004,Primary malignant neoplasm of jejunum
93848003,Primary malignant neoplasm of junctional zone of tongue
93849006,Primary malignant neoplasm of kidney
93850006,Primary malignant neoplasm of labia majora
93851005,Primary malignant neoplasm of labia minora
371993008,Primary malignant neoplasm of lacrimal gland
93854002,Primary malignant neoplasm of large intestine
371994002,Primary malignant neoplasm of laryngeal aspect of aryepiglottic fold
109370001,Primary malignant neoplasm of laryngeal cartilage
93857009,Primary malignant neoplasm of laryngeal commissure
93858004,Primary malignant neoplasm of laryngeal surface of epiglottis
371995001,Primary malignant neoplasm of larynx
93860002,Primary malignant neoplasm of lateral portion of floor of mouth
93861003,Primary malignant neoplasm of lateral wall of nasopharynx
93862005,Primary malignant neoplasm of lateral wall of oropharynx
93863000,Primary malignant neoplasm of lateral wall of urinary bladder
369513003,Primary malignant neoplasm of left fallopian tube
369522002,Primary malignant neoplasm of left ovary
93867004,Primary malignant neoplasm of lesser curvature of stomach
93868009,Primary malignant neoplasm of lingual tonsil
371996000,Primary malignant neoplasm of lip
95214007,Primary malignant neoplasm of liver
93871001,Primary malignant neoplasm of long bone of lower limb
93872008,Primary malignant neoplasm of long bone of upper limb
371997009,Primary malignant neoplasm of lower gum
373090000,Primary malignant neoplasm of lower inner quadrant of breast
93875005,Primary malignant neoplasm of lower limb
93864006,Primary malignant neoplasm of lower lobe of left lung
372110008,"Primary malignant neoplasm of lower lobe, bronchus or lung"
373091001,Primary malignant neoplasm of lower outer quadrant of breast
371998004,Primary malignant neoplasm of lower third of esophagus
93878007,Primary malignant neoplasm of lumbar vertebral column
93879004,Primary malignant neoplasm of lunate bone
93880001,Primary malignant neoplasm of lung
93882009,Primary malignant neoplasm of main bronchus
93883004,Primary malignant neoplasm of major salivary gland
93885006,Primary malignant neoplasm of male genital organ
93886007,Primary malignant neoplasm of mandible
93887003,Primary malignant neoplasm of mastoid air cells
93888008,Primary malignant neoplasm of maxilla
93889000,Primary malignant neoplasm of maxillary sinus
93890009,Primary malignant neoplasm of Meckel's diverticulum
93891008,Primary malignant neoplasm of mediastinum
109915008,Primary malignant neoplasm of meninges
93892001,Primary malignant neoplasm of metacarpal bone
93893006,Primary malignant neoplasm of metatarsal bone
93894000,Primary malignant neoplasm of middle ear
93992002,Primary malignant neoplasm of middle lobe of right lung
371999007,Primary malignant neoplasm of middle third of esophagus
372000001,Primary malignant neoplasm of minor salivary gland
93898002,Primary malignant neoplasm of multiple endocrine glands
93913006,Primary malignant neoplasm of muscle
93899005,Primary malignant neoplasm of muscle of abdomen
93900000,Primary malignant neoplasm of muscle of buttock
93901001,Primary malignant neoplasm of muscle of face
93902008,Primary malignant neoplasm of muscle of head
93903003,Primary malignant neoplasm of muscle of hip
93904009,Primary malignant neoplasm of muscle of inguinal region
93905005,Primary malignant neoplasm of muscle of lower limb
93906006,Primary malignant neoplasm of muscle of neck
93907002,Primary malignant neoplasm of muscle of pelvis
93908007,Primary malignant neoplasm of muscle of perineum
93909004,Primary malignant neoplasm of muscle of shoulder
93910009,Primary malignant neoplasm of muscle of thorax
93911008,Primary malignant neoplasm of muscle of trunk
93912001,Primary malignant neoplasm of muscle of upper limb
93914000,Primary malignant neoplasm of myocardium
93915004,Primary malignant neoplasm of myometrium
93916003,Primary malignant neoplasm of nasal bone
93917007,Primary malignant neoplasm of nasal cavity
93918002,Primary malignant neoplasm of nasal concha
93920004,Primary malignant neoplasm of navicular bone of foot
93922007,Primary malignant neoplasm of neck
93923002,Primary malignant neoplasm of nervous system
93926005,Primary malignant neoplasm of nose
93927001,Primary malignant neoplasm of occipital bone
93928006,Primary malignant neoplasm of occipital lobe
93929003,Primary malignant neoplasm of oculomotor nerve
93930008,Primary malignant neoplasm of olfactory nerve
94090003,Primary malignant neoplasm of omentum
93931007,Primary malignant neoplasm of optic nerve
372001002,Primary malignant neoplasm of oral cavity
93932000,Primary malignant neoplasm of orbit
93933005,Primary malignant neoplasm of oropharynx
93934004,Primary malignant neoplasm of ovary
188180002,Primary malignant neoplasm of overlapping sites of cervix uteri
372002009,Primary malignant neoplasm of palate
93936002,Primary malignant neoplasm of palatine bone
372003004,Primary malignant neoplasm of pancreas
93939009,Primary malignant neoplasm of pancreatic duct
93940006,Primary malignant neoplasm of para-aortic body
93941005,Primary malignant neoplasm of paraganglion
93942003,Primary malignant neoplasm of parametrium
93943008,Primary malignant neoplasm of parathyroid gland
93944002,Primary malignant neoplasm of paraurethral glands
93945001,Primary malignant neoplasm of parietal bone
93946000,Primary malignant neoplasm of parietal lobe
93947009,Primary malignant neoplasm of parietal peritoneum
93948004,Primary malignant neoplasm of parietal pleura
372004005,Primary malignant neoplasm of parotid gland
93950007,Primary malignant neoplasm of patella
372115003,"Primary malignant neoplasm of pelvic bones, sacrum and coccyx"
93952004,Primary malignant neoplasm of pelvic peritoneum
93953009,Primary malignant neoplasm of pelvis
372005006,Primary malignant neoplasm of penis
93955002,Primary malignant neoplasm of periadrenal tissue
93956001,Primary malignant neoplasm of perianal skin
93957005,Primary malignant neoplasm of pericardium
109921007,"Primary malignant neoplasm of peripheral nerve of head, face and/or neck"
109943004,Primary malignant neoplasm of peripheral nerves of abdomen
109925003,Primary malignant neoplasm of peripheral nerves of face
109923005,Primary malignant neoplasm of peripheral nerves of head
109939003,Primary malignant neoplasm of peripheral nerves of hip
109937001,Primary malignant neoplasm of peripheral nerves of lower limb
109927006,Primary malignant neoplasm of peripheral nerves of neck
109945006,Primary malignant neoplasm of peripheral nerves of pelvis
109933002,Primary malignant neoplasm of peripheral nerves of shoulder
109941002,Primary malignant neoplasm of peripheral nerves of thorax
109947003,Primary malignant neoplasm of peripheral nerves of trunk
109931000,Primary malignant neoplasm of peripheral nerves of upper limb
93958000,Primary malignant neoplasm of perirenal tissue
372016004,Primary malignant neoplasm of peritoneum
93959008,Primary malignant neoplasm of phalanx of foot
93960003,Primary malignant neoplasm of phalanx of hand
93961004,Primary malignant neoplasm of pharynx
93962006,Primary malignant neoplasm of pineal gland
93963001,Primary malignant neoplasm of pisiform bone of hand
93964007,Primary malignant neoplasm of pituitary gland
93966009,Primary malignant neoplasm of pleura
93967000,Primary malignant neoplasm of postcricoid region
93968005,Primary malignant neoplasm of posterior hypopharyngeal wall
93969002,Primary malignant neoplasm of posterior mediastinum
93970001,Primary malignant neoplasm of posterior wall of nasopharynx
93971002,Primary malignant neoplasm of posterior wall of oropharynx
93972009,Primary malignant neoplasm of posterior wall of urinary bladder
372006007,Primary malignant neoplasm of prepuce
93973004,Primary malignant neoplasm of presacral region
93974005,Primary malignant neoplasm of prostate
93975006,Primary malignant neoplasm of pubis
93976007,Primary malignant neoplasm of pyloric antrum
93977003,Primary malignant neoplasm of pylorus
93978008,Primary malignant neoplasm of pyriform sinus
93979000,Primary malignant neoplasm of radius
93980002,Primary malignant neoplasm of rectosigmoid junction
93981003,Primary malignant neoplasm of rectouterine pouch
93982005,Primary malignant neoplasm of rectovaginal septum
93983000,Primary malignant neoplasm of rectovesical septum
93984006,Primary malignant neoplasm of rectum
93985007,Primary malignant neoplasm of renal pelvis
93986008,Primary malignant neoplasm of respiratory tract
93987004,Primary malignant neoplasm of retina
372007003,Primary malignant neoplasm of retrocecal tissue
93989001,Primary malignant neoplasm of retromolar area
94092006,Primary malignant neoplasm of retroperitoneum
93990005,Primary malignant neoplasm of rib
372107001,Primary malignant neoplasm of ribs and/or sternum and/or clavicle
369520005,Primary malignant neoplasm of right fallopian tube
93991009,Primary malignant neoplasm of right lower lobe of lung
369529006,Primary malignant neoplasm of right ovary
93994001,Primary malignant neoplasm of round ligament of uterus
93995000,Primary malignant neoplasm of sacrococcygeal region
93996004,Primary malignant neoplasm of sacrum
109828002,Primary malignant neoplasm of salivary gland duct
372008008,Primary malignant neoplasm of scaphoid bone
93997008,Primary malignant neoplasm of scapula
93998003,Primary malignant neoplasm of sclera of eye
372009000,Primary malignant neoplasm of scrotum
94000008,Primary malignant neoplasm of sebaceous gland
94001007,Primary malignant neoplasm of second cuneiform bone of foot
369487007,Primary malignant neoplasm of seminal vesicle
94002000,Primary malignant neoplasm of septum of nose
94003005,Primary malignant neoplasm of short bone of lower limb
94004004,Primary malignant neoplasm of short bone of upper limb
94005003,Primary malignant neoplasm of shoulder
94006002,Primary malignant neoplasm of sigmoid colon
94047004,Primary malignant neoplasm of skin
372123001,Primary malignant neoplasm of skin head and neck
94007006,Primary malignant neoplasm of skin of abdomen
94008001,Primary malignant neoplasm of skin of ankle
94010004,Primary malignant neoplasm of skin of axilla
94011000,Primary malignant neoplasm of skin of back
94012007,Primary malignant neoplasm of skin of breast
94013002,Primary malignant neoplasm of skin of buttock
94014008,Primary malignant neoplasm of skin of cheek
94015009,Primary malignant neoplasm of skin of chest
94016005,Primary malignant neoplasm of skin of chin
94017001,Primary malignant neoplasm of skin of ear
94018006,Primary malignant neoplasm of skin of elbow
94019003,Primary malignant neoplasm of skin of external auditory canal
94020009,Primary malignant neoplasm of skin of eyebrow
94021008,Primary malignant neoplasm of skin of eyelid
94022001,Primary malignant neoplasm of skin of face
94023006,Primary malignant neoplasm of skin of finger
94024000,Primary malignant neoplasm of skin of foot
94025004,Primary malignant neoplasm of skin of forearm
94026003,Primary malignant neoplasm of skin of forehead
94027007,Primary malignant neoplasm of skin of groin
94028002,Primary malignant neoplasm of skin of hand
94029005,Primary malignant neoplasm of skin of hip
94030000,Primary malignant neoplasm of skin of knee
94032008,Primary malignant neoplasm of skin of lip
94033003,Primary malignant neoplasm of skin of lower limb
94034009,Primary malignant neoplasm of skin of neck
94035005,Primary malignant neoplasm of skin of nose
94036006,Primary malignant neoplasm of skin of perineum
94037002,Primary malignant neoplasm of skin of popliteal area
94038007,Primary malignant neoplasm of skin of scalp
94039004,Primary malignant neoplasm of skin of shoulder
94040002,Primary malignant neoplasm of skin of temporal region
94041003,Primary malignant neoplasm of skin of thigh
94042005,Primary malignant neoplasm of skin of toe
94043000,Primary malignant neoplasm of skin of trunk
94044006,Primary malignant neoplasm of skin of umbilicus
94045007,Primary malignant neoplasm of skin of upper limb
94046008,Primary malignant neoplasm of skin of wrist
94048009,Primary malignant neoplasm of small intestine
94049001,Primary malignant neoplasm of soft palate
372010005,Primary malignant neoplasm of soft tissues
94050001,Primary malignant neoplasm of soft tissues of abdomen
94051002,Primary malignant neoplasm of soft tissues of axilla
94052009,Primary malignant neoplasm of soft tissues of buttock
94053004,Primary malignant neoplasm of soft tissues of face
94054005,Primary malignant neoplasm of soft tissues of head
94055006,Primary malignant neoplasm of soft tissues of hip
94056007,Primary malignant neoplasm of soft tissues of inguinal region
94057003,Primary malignant neoplasm of soft tissues of lower limb
94058008,Primary malignant neoplasm of soft tissues of neck
94059000,Primary malignant neoplasm of soft tissues of pelvis
94060005,Primary malignant neoplasm of soft tissues of perineum
94061009,Primary malignant neoplasm of soft tissues of shoulder
94062002,Primary malignant neoplasm of soft tissues of thorax
94063007,Primary malignant neoplasm of soft tissues of trunk
372012002,Primary malignant neoplasm of soft tissues of upper limb
372013007,Primary malignant neoplasm of spermatic cord
94066004,Primary malignant neoplasm of sphenoid bone
94067008,Primary malignant neoplasm of sphenoidal sinus
94068003,Primary malignant neoplasm of spinal cord
94069006,Primary malignant neoplasm of spinal meninges
94071006,Primary malignant neoplasm of spleen
94072004,Primary malignant neoplasm of splenic flexure of colon
94073009,Primary malignant neoplasm of sternum
372014001,Primary malignant neoplasm of stomach
94075002,Primary malignant neoplasm of subglottis
94076001,Primary malignant neoplasm of sublingual gland
94077005,Primary malignant neoplasm of submaxillary gland
94078000,Primary malignant neoplasm of superior wall of nasopharynx
94079008,Primary malignant neoplasm of supraclavicular region
94080006,Primary malignant neoplasm of supraglottis
94081005,Primary malignant neoplasm of sweat gland
94082003,Primary malignant neoplasm of tail of pancreas
94083008,Primary malignant neoplasm of talus
94084002,Primary malignant neoplasm of tarsal bone
94085001,Primary malignant neoplasm of temporal bone
94086000,Primary malignant neoplasm of temporal lobe
94087009,Primary malignant neoplasm of testis
372015000,Primary malignant neoplasm of the mesentery
94089007,Primary malignant neoplasm of the mesocolon
94093001,Primary malignant neoplasm of thigh
94094007,Primary malignant neoplasm of third cuneiform bone of foot
372017008,Primary malignant neoplasm of thoracic esophagus
372019006,Primary malignant neoplasm of thoracic vertebral column
94096009,Primary malignant neoplasm of thymus
94097000,Primary malignant neoplasm of thyroglossal duct
94098005,Primary malignant neoplasm of thyroid gland
94099002,Primary malignant neoplasm of tibia
94101009,Primary malignant neoplasm of tongue
372020000,Primary malignant neoplasm of tonsil
94102002,Primary malignant neoplasm of tonsillar fossa
94103007,Primary malignant neoplasm of tonsillar pillar
94104001,Primary malignant neoplasm of trachea
94105000,Primary malignant neoplasm of transverse colon
372021001,Primary malignant neoplasm of trapezium
94107008,Primary malignant neoplasm of trapezoid bone
94108003,Primary malignant neoplasm of trigeminal nerve
94109006,Primary malignant neoplasm of trigone of urinary bladder
94110001,Primary malignant neoplasm of trochlear nerve
94111002,Primary malignant neoplasm of trunk
94112009,Primary malignant neoplasm of ulna
94113004,Primary malignant neoplasm of undescended testis
310504009,Primary malignant neoplasm of unknown site
93682007,Primary malignant neoplasm of upper arm
372022008,Primary malignant neoplasm of upper gum
373089009,Primary malignant neoplasm of upper inner quadrant of breast
94116007,Primary malignant neoplasm of upper limb
372133009,Primary malignant neoplasm of upper limb bones and scapula
93865007,Primary malignant neoplasm of upper lobe of left lung
93993007,Primary malignant neoplasm of upper lobe of right lung
373088001,Primary malignant neoplasm of upper outer quadrant of breast
94118008,Primary malignant neoplasm of upper respiratory tract
372023003,Primary malignant neoplasm of upper third of esophagus
94120006,Primary malignant neoplasm of urachus
94121005,Primary malignant neoplasm of ureter
94122003,Primary malignant neoplasm of ureteric orifice of urinary bladder
94123008,Primary malignant neoplasm of urethra
93689003,Primary malignant neoplasm of urinary bladder
94124002,Primary malignant neoplasm of urinary bladder neck
94125001,Primary malignant neoplasm of urinary system
94126000,Primary malignant neoplasm of uterine adnexa
372024009,Primary malignant neoplasm of uterine cervix
94128004,Primary malignant neoplasm of uveal tract of eye
94129007,Primary malignant neoplasm of uvula
372025005,Primary malignant neoplasm of vagina
94131003,Primary malignant neoplasm of vagus nerve
94132005,Primary malignant neoplasm of vallecula
94133000,Primary malignant neoplasm of vas deferens
94134006,Primary malignant neoplasm of ventral surface of tongue
94135007,Primary malignant neoplasm of vermilion border of lip
372026006,Primary malignant neoplasm of vermilion border of lower lip
372027002,Primary malignant neoplasm of vermilion border of upper lip
372028007,Primary malignant neoplasm of vertebral column
94138009,Primary malignant neoplasm of vestibule of mouth
94139001,Primary malignant neoplasm of vestibule of nose
93660000,Primary malignant neoplasm of vestibulocochlear nerve
94140004,Primary malignant neoplasm of visceral pleura
372030009,Primary malignant neoplasm of vocal cord
94142007,Primary malignant neoplasm of vomer
94143002,Primary malignant neoplasm of vulva
94144008,Primary malignant neoplasm of Waldeyer's ring
94145009,Primary malignant neoplasm of zygomatic bone
782825008,"Primary microcephaly, epilepsy, permanent neonatal diabetes syndrome"
267592003,Primary motor cortex frontal lobe epilepsy
307651005,Primary myelofibrosis
700293006,Primary osteoarthritis of ankle
700333007,Primary osteoarthritis of first metatarsophalangeal joint
703052006,Primary osteoarthritis of midfoot
428700003,Primary progressive multiple sclerosis
111832004,Primary progressive tuberculosis
276738009,Primary signet ring cell carcinoma of skin
239912009,Primary Sjögren's syndrome
700313008,Primary subtalar osteoarthritis
27460003,Primary syphilis of breast
28198007,Primary syphilis of lip
10345003,Primary syphilis of tonsils
700325006,Primary talonavicular osteoarthritis
63309002,Primary tuberculosis
88356006,Primary tuberculous complex
191211009,Primary warm-type hemolytic anemia
18041002,Printers' asthma
20484008,Prion disease
774069007,PRKAR1B-related neurodegenerative dementia with intermediate filaments
57981008,Progressing stroke
230280008,Progressive aphasia in Alzheimer's disease
74162007,Progressive intrahepatic cholestasis
22255007,Progressive multifocal leukoencephalopathy
816984002,Progressive multiple sclerosis
267581004,Progressive myoclonic epilepsy
783064000,Progressive myoclonic epilepsy type 3
783055005,Progressive myoclonic epilepsy type 5
783062001,Progressive myoclonic epilepsy type 6
783139000,Progressive myoclonic epilepsy type 8
763349002,Progressive myoclonic epilepsy with dystonia
702326000,Progressive myoclonus epilepsy with ataxia
724778008,Progressive relapsing multiple sclerosis
10082001,Progressive rubella panencephalitis
444133002,Progressive systemic sclerosis
254792006,Proliferating angioendotheliomatosis
28729000,Proliferative synovitis
110006004,Prolymphocytic leukemia (clinical)
307622006,Prolymphocytic lymphosarcoma
702949005,Proopiomelanocortin deficiency syndrome
57886004,Protein-deficient diabetes mellitus
8916007,Protozoan myocarditis
24790002,Proximal renal tubular acidosis
27240009,Pseudocowpox
230674007,Pseudomyopathic myasthenia
307601000,Pseudomyxoma peritonei
9014002,Psoriasis
200962007,Psoriasis annularis
200963002,Psoriasis circinata
200964008,Psoriasis diffusa
1052325005,Psoriasis exacerbated by human immunodeficiency virus infection
200966005,Psoriasis geographica
200967001,Psoriasis gyrata
200968006,Psoriasis inveterata
721538000,Psoriasis of anogenital region
402320002,Psoriasis of face
238604005,Psoriasis of nail
402315002,Psoriasis of penis
402316001,Psoriasis of perianal skin
238608008,Psoriasis of scalp
402319008,Psoriasis of scalp margin
402314003,Psoriasis of vulva
200970002,Psoriasis palmaris
200971003,Psoriasis plantaris
200972005,Psoriasis punctata
200974006,Psoriasis universalis
200975007,Psoriasis vulgaris
238602009,Psoriasis with eczema
156370009,Psoriatic arthritis
239812005,Psoriatic arthritis with distal interphalangeal joint involvement
200956002,Psoriatic arthritis with spine involvement
239813000,Psoriatic dactylitis
238605006,Psoriatic nail dystrophy
238606007,Psoriatic nail pitting
238607003,Psoriatic onycholysis
111480006,Psychoactive substance-induced organic dementia
719717006,Psychosis co-occurrent and due to Parkinson's disease
13766008,Puerperal tetanus
21846001,Pulmonary actinomycosis
6042001,Pulmonary aspergillosis
189815007,Pulmonary blastoma
20953001,Pulmonary cryptococcosis
87433001,Pulmonary emphysema
708030004,Pulmonary emphysema co-occurrent with fibrosis of lung
233674008,Pulmonary emphysema in alpha-1 PI deficiency
2087000,Pulmonary nocardiosis
9228003,Pulmonary schistosomiasis
154283005,Pulmonary tuberculosis
233940007,Pulmonary tumor embolism
56786000,Pulmonic valve stenosis
12879002,Punta Toro virus disease
50715003,Pure red cell aplasia
2439002,Purulent endocarditis
8442000,Purulent rhinitis
200973000,Pustular psoriasis
784328000,Pustular psoriasis of palm of hand
27520001,Pustular psoriasis of palms and soles
784327005,Pustular psoriasis of sole of foot
230676009,Putative defect in acetylcholine synthesis or packaging
27174002,Pyelitis
89637003,Pyelitis glandularis
45816000,Pyelonephritis
37779008,Pyeloureteritis cystica
20358003,Pyogenic arthritis of ankle
6861003,Pyogenic arthritis of foot
61112000,Pyogenic arthritis of hand
372941008,Pyogenic arthritis of hip
34934005,Pyogenic arthritis of multiple sites
19375000,Pyogenic arthritis of pelvic region
36678001,Pyogenic arthritis of shoulder region
267882003,Pyogenic arthritis of the ankle and/or foot
267880006,Pyogenic arthritis of the pelvic region and thigh
48036004,Pyogenic hepatic abscess
15016005,Pyogenic pericarditis
48631008,Pyonephrosis
724576005,Pyridoxal 5-phosphate dependent epilepsy
734434007,Pyridoxine-dependent epilepsy
239834007,Pyrophosphate arthritis
409554001,Q fever hepatitis
27618009,Quartan malaria
14168008,Rabies
33559001,Rabson-Mendenhall syndrome
53476006,Radiation hepatitis
7725007,Radiation nephritis
713320007,Radiculitis co-occurrent with human immunodeficiency virus infection
420658009,Radiculitis with AIDS (acquired immunodeficiency syndrome)
723390000,Rapidly progressive dementia
723508002,RAS-associated autoimmune leukoproliferative disease
95332009,Rash of systemic lupus erythematosus
230191005,Rasmussen syndrome
1685005,Rat bite fever
446698005,Reactivation of hepatitis B viral hepatitis
702969000,Reactivation of hepatitis C viral hepatitis
51014003,Reactivation tuberculosis
201736002,Reactive arthritis
201560001,Reactive arthritis of acromioclavicular joint
201566007,Reactive arthritis of distal interphalangeal joint of finger
201562009,Reactive arthritis of distal radioulnar joint
201575009,Reactive arthritis of first metatarsophalangeal joint
201558003,Reactive arthritis of glenohumeral joint
201577001,Reactive arthritis of interphalangeal joint of toe
201571000,Reactive arthritis of joint of ankle
201561002,Reactive arthritis of joint of elbow
201500003,Reactive arthritis of joint of hand due to and following dysentery
201567003,Reactive arthritis of joint of hip
201569000,Reactive arthritis of joint of knee
201504007,Reactive arthritis of joint of multiple sites due to and following dysentery
201497009,Reactive arthritis of joint of shoulder region due to and following dysentery
201576005,Reactive arthritis of lesser metatarsophalangeal joint
201564005,Reactive arthritis of metacarpophalangeal joint
201568008,Reactive arthritis of sacroiliac joint
201559006,Reactive arthritis of sternoclavicular joint
201572007,Reactive arthritis of subtalar joint
201573002,Reactive arthritis of talonavicular joint
201570004,Reactive arthritis of tibiofibular joint
67224007,Reactive arthritis triad
201565006,Reactive arthropathy of proximal interphalangeal joint of finger
87414006,Reactive depression (situational)
191676002,Reactive depressive psychosis
288751000119101,"Reactive depressive psychosis, single episode"
127218004,Reactive follicular hyperplasia in the elderly
82546001,Reactive immunoproliferative disease
84094009,Rebound hypertension
402538000,Recurrent basal cell carcinoma
197627003,Recurrent benign hematuria syndrome
40568001,Recurrent brief depressive disorder
17794004,Recurrent cutaneous leishmaniasis
191616006,Recurrent depression
197286002,Recurrent hepatitis
1197150002,Recurrent hepatitis C virus induced liver disease following liver transplant
66344007,Recurrent major depression
46244001,Recurrent major depression in full remission
33135002,Recurrent major depression in partial remission
68019004,Recurrent major depression in remission
16265061000119105,Recurrent major depressive disorder co-occurrent with anxiety in full remission
38694004,Recurrent major depressive disorder with atypical features
39809009,Recurrent major depressive disorder with catatonic features
319768000,Recurrent major depressive disorder with melancholic features
71336009,Recurrent major depressive disorder with postpartum onset
268621008,Recurrent major depressive episodes
191610000,"Recurrent major depressive episodes, mild"
191611001,"Recurrent major depressive episodes, moderate"
191613003,"Recurrent major depressive episodes, severe, with psychosis"
16264621000119109,Recurrent mild major depressive disorder co-occurrent with anxiety
16264901000119109,Recurrent moderate major depressive disorder co-occurrent with anxiety
38933006,Recurrent rheumatic fever
20005002,Recurrent rheumatic heart disease
16264821000119108,Recurrent severe major depressive disorder co-occurrent with anxiety
95557003,Red blood cell sequestration in liver
111567006,Refetoff syndrome
79745005,Reflex epilepsy
770593004,Refractory celiac disease
31206006,Refractory megaloblastic anemia
254912000,Regressed malignant testicular tumor
14683004,Relapsing fever caused by Borrelia recurrentis
72275000,Relapsing polychondritis
232439007,Relapsing polychondritis of larynx
426373005,Relapsing remitting multiple sclerosis
43634002,Relapsing type A viral hepatitis
58282009,Relapsing viral hepatitis
11503009,Relative anemia
3321001,Renal abscess
39018007,Renal arterial hypertension
21764004,Renal carnitine transport defect
75712001,Renal coccidiosis
75150001,Renal disease in pregnancy AND/OR puerperium without hypertension
42399005,Renal failure syndrome
197660000,Renal fibrosis
197671004,Renal function impairment with growth failure
75030003,"Renal glucosuria, type A"
30295007,"Renal glucosuria, type B"
39734002,"Renal glucosuria, type O"
83563007,Renal hemosiderosis
28119000,Renal hypertension
198949009,"Renal hypertension complicating pregnancy, childbirth and the puerperium"
95577005,Renal interstitial fibrosis
236502006,Renal involvement in scleroderma
16726004,Renal osteodystrophy
85487008,Renal phosphaturia
14973001,Renal sclerosis with hypertension
81986001,Renal secondary osteodystrophia fibrosa
1776003,Renal tubular acidosis
7703001,Renal tubular defect
95568003,Renal tubular disorder
123799005,Renovascular hypertension
421874007,Respiratory disorder with AIDS (acquired immunodeficiency syndrome)
33006007,Restrictive cardiomyopathy secondary to endocardial fibroelastosis
30884007,Restrictive cardiomyopathy secondary to familial storage disease
64615000,Restrictive cardiomyopathy secondary to glycogen storage disease
56941009,Restrictive cardiomyopathy secondary to hemochromatosis
15544002,Restrictive cardiomyopathy secondary to infiltrations
24584003,Restrictive cardiomyopathy secondary to malignancy
39041004,Restrictive cardiomyopathy secondary to sarcoidosis
373168002,Reticulosarcoma
95224004,Reticulosarcoma of intra-abdominal lymph nodes
95225003,Reticulosarcoma of intrapelvic lymph nodes
95226002,Reticulosarcoma of intrathoracic lymph nodes
188492005,Reticulosarcoma of lymph nodes of axilla and upper limb
188489006,"Reticulosarcoma of lymph nodes of head, face and neck"
188493000,Reticulosarcoma of lymph nodes of inguinal region and lower limb
95230004,Reticulosarcoma of lymph nodes of multiple sites
95231000,Reticulosarcoma of spleen
420302007,Reticulosarcoma with AIDS (acquired immunodeficiency syndrome)
312949007,Retinal pigment epithelial adenocarcinoma
420308006,Retinal vascular changes with AIDS (acquired immunodeficiency syndrome)
370967009,Retinoblastoma
702575003,Retinocochleocerebral vasculopathy
421460008,Retinopathy with AIDS (acquired immunodeficiency syndrome)
307219002,Retroperitoneal sarcoma
715401008,Reynolds syndrome
37272000,Rh deficiency syndrome
302847003,Rhabdomyosarcoma
254994000,Rhabdomyosarcoma of orbit
278024000,Rhabdomyosarcoma of urinary bladder
72011007,Rheumatic aortic stenosis
17759006,Rheumatic aortic stenosis with regurgitation
1148597009,Rheumatic arthritis
1148598004,Rheumatic arthritis of temporomandibular joint
46826000,Rheumatic chorea
57803009,Rheumatic chorea with heart involvement
123950001,Rheumatic chorea without heart involvement
12023003,Rheumatic disease of aortic valve
16063004,Rheumatic disease of heart valve
16440002,Rheumatic disease of mitral AND aortic valves
18687009,Rheumatic disease of pulmonary valve
49699002,Rheumatic disease of tricuspid valve
58718002,Rheumatic fever
240041006,Rheumatic fever nodule
24363009,Rheumatic fever without heart involvement
43121002,Rheumatic heart valve regurgitation
19036004,Rheumatic heart valve stenosis
28284007,Rheumatic heart valve stenosis with insufficiency
43736008,Rheumatic left ventricular failure
59464004,Rheumatic mitral AND aortic valve regurgitation
31085000,Rheumatic mitral regurgitation
787001,Rheumatic mitral stenosis with regurgitation
44993000,Rheumatic mitral valve and aortic valve stenosis
40023000,Rheumatic mitral valve failure
71799002,Rheumatic mitral valve stenosis AND aortic valve insufficiency
7548000,Rheumatic pneumonitis
52048004,Rheumatic pulmonary valve failure
34126003,Rheumatic pulmonary valve insufficiency
16855001,Rheumatic tricuspid valve failure
67696008,Rheumatic tricuspid valve regurgitation
38877003,Rheumatoid aortitis
399923009,Rheumatoid arteritis
69896004,Rheumatoid arthritis
287008006,Rheumatoid arthritis - ankle and/or foot
287007001,Rheumatoid arthritis - hand joint
143441000119108,Rheumatoid arthritis in remission
201768005,Rheumatoid arthritis of acromioclavicular joint
201779000,Rheumatoid arthritis of ankle
15686241000119106,Rheumatoid arthritis of bilateral glenohumeral joints
201764007,Rheumatoid arthritis of cervical spine
201774005,Rheumatoid arthritis of distal interphalangeal joint of finger
201770001,Rheumatoid arthritis of distal radioulnar joint
201769002,Rheumatoid arthritis of elbow
201783000,Rheumatoid arthritis of first metatarsophalangeal joint
429192004,Rheumatoid arthritis of foot
201775006,Rheumatoid arthritis of hip
201785007,Rheumatoid arthritis of interphalangeal joint of toe
781206002,Rheumatoid arthritis of joint of spine
201777003,Rheumatoid arthritis of knee
1073701000119107,Rheumatoid arthritis of left foot
1073711000119105,Rheumatoid arthritis of left hand
1073721000119103,Rheumatoid arthritis of left hip
1073731000119100,Rheumatoid arthritis of left knee
1073741000119109,Rheumatoid arthritis of left shoulder
1073751000119106,Rheumatoid arthritis of left wrist
201784006,Rheumatoid arthritis of lesser metatarsophalangeal joint
201772009,Rheumatoid arthritis of metacarpophalangeal joint
287006005,Rheumatoid arthritis of multiple joints
201773004,Rheumatoid arthritis of proximal interphalangeal joint of finger
1073781000119104,Rheumatoid arthritis of right foot
1073791000119101,Rheumatoid arthritis of right hand
1073801000119100,Rheumatoid arthritis of right hip
1073811000119102,Rheumatoid arthritis of right knee
1073821000119109,Rheumatoid arthritis of right shoulder
1073831000119107,Rheumatoid arthritis of right wrist
201776007,Rheumatoid arthritis of sacroiliac joint
201766009,Rheumatoid arthritis of shoulder
201767000,Rheumatoid arthritis of sternoclavicular joint
201780002,Rheumatoid arthritis of subtalar joint
201781003,Rheumatoid arthritis of talonavicular joint
427770001,Rheumatoid arthritis of temporomandibular joint
201778008,Rheumatoid arthritis of tibiofibular joint
201771002,Rheumatoid arthritis of wrist
735599007,Rheumatoid arthritis with erosion of joint
402433007,Rheumatoid arthritis with nailfold and finger-pulp infarcts
398640008,Rheumatoid arthritis with pneumoconiosis
1162677006,Rheumatoid arthritis with rheumatoid lung disease
28880005,Rheumatoid carditis
77522006,Rheumatoid episcleritis
54867000,Rheumatoid fibrosing alveolitis
398726004,Rheumatoid lung disease
239943002,Rheumatoid necrotizing vasculitis
402432002,Rheumatoid neutrophilic dermatitis
201789001,Rheumatoid nodule
299411000119100,Rheumatoid nodule of ankle
299461000119102,Rheumatoid nodule of knee
299421000119107,Rheumatoid nodule of subcutaneous tissue of foot
1290877006,Rheumatoid nodule of subcutaneous tissue of left ankle
1290876002,Rheumatoid nodule of subcutaneous tissue of right ankle
299481000119106,Rheumatoid nodule of wrist
402426007,Rheumatoid nodulosis
129563009,Rheumatoid osteoperiostitis
7607008,Rheumatoid pericarditis
59165007,Rheumatoid scleritis
400054000,Rheumatoid vasculitis
20443005,Rhinophycomycosis caused by Entomophthora coronata
18140003,Rhinosporidiosis
277550009,Richter's syndrome
109559009,Riedel's lobe of liver
89024000,Riedel's thyroiditis
318911000119105,Right ankle seropositive rheumatoid arthritis
59118001,Right bundle branch block
43906007,Right bundle branch block AND incomplete left bundle branch block
30667004,Right bundle branch block AND left anterior fascicular block
46319007,Right bundle branch block AND left posterior fascicular block
32758004,Right bundle branch block with left bundle branch block
318921000119103,Right elbow seropositive rheumatoid arthritis
1073601000119101,Right foot seropositive rheumatoid arthritis
44313006,Right heart failure secondary to left heart failure
319121000119106,Right hip joint seronegative rheumatoid arthritis
10365005,Right main coronary artery thrombosis
319141000119100,Right shoulder region seronegative rheumatoid arthritis
195217004,Right sided cerebral hemisphere cerebrovascular accident
716667005,Right temporal lobar atrophy
319151000119103,Right wrist region seronegative rheumatoid arthritis
318971000119102,Right wrist region seropositive rheumatoid arthritis
399660006,Ring melanoma of ciliary body
23122001,Rio Bravo fever
770596007,Rippling muscle disease with myasthenia gravis
4464003,Rocio virus disease
765093009,"Rolandic epilepsy, speech dyspraxia syndrome"
20852007,Romano-Ward syndrome
403493001,Rosaceous type discoid lupus erythematosus
32891000,Rotor syndrome
19431000,Rubella arthritis
64190005,Rubella myocarditis
200969003,Rupioid psoriasis
29889000,Rupture of heart
3098007,Rupture of interventricular septum
30124006,Rupture of kidney
235887001,Rupture of liver
5919001,Rupture of papillary muscle
30277009,Rupture of ventricle due to acute myocardial infarction
86680006,Ruptured emphysematous bleb of lung
420549007,Salivary gland disease with AIDS (acquired immunodeficiency syndrome)
71299003,Salmonella arthritis
420764009,Salmonella infection with AIDS (acquired immunodeficiency syndrome)
6803002,Salmonella osteomyelitis
2523007,Salmonella pneumonia
91003006,Salt-losing nephropathy
53378008,Salt-wasting syndrome of infancy
60684003,SAPHO syndrome
361198004,Sarcoid arthritis
361197009,Sarcoid arthropathy
234524009,Sarcoid dactylitis
255067005,Sarcoma of bone and connective tissue
278050001,Sarcoma of breast
254918001,Sarcoma of kidney
254601002,Sarcoma of liver
278046008,Sarcoma of urinary bladder
254877001,Sarcoma of uterus
254897006,Sarcoma of vulva
1217296006,SARS-CoV-2 breakthrough infection
1017214008,SARS-CoV-2 viremia
763630007,Satoyoshi syndrome
26485002,Sawdust liver
233677001,Scar emphysema
27007008,Scarring of papillary muscle
750009,Schistosoma mansoni infection
84760002,"Schizoaffective disorder, depressive type"
254839007,Scirrhous carcinoma of breast
267874003,Scleroderma
238930007,Sclerodermiform reaction
13335004,Sclerosing glomerulonephritis
765170001,SCN8A-related epilepsy with encephalopathy
82796002,Scrofuloderma
247803002,Seasonal affective disorder
445427006,Seasonal asthma
307599002,Sebaceous adenocarcinoma
231833004,Sebaceous adenocarcinoma of eyelid
25847004,Seborrheic psoriasis
239895006,Secondary antiphospholipid syndrome
239897003,Secondary antiphospholipid syndrome with multisystem involvement
43858000,Secondary aplastic anemia
127050002,Secondary autoimmune hemolytic anemia
732965007,Secondary autoimmune hemolytic anemia co-occurrent and due to rheumatic disorder
732966008,Secondary autoimmune hemolytic anemia co-occurrent and due to ulcerative colitis
128092005,Secondary autoimmune thrombocytopenia
12368000,Secondary biliary cirrhosis
700307004,Secondary calcaneocuboid osteoarthritis
286902000,Secondary carcinoma of gastrointestinal tract
191212002,Secondary cold-type hemolytic anemia
8801005,Secondary diabetes mellitus
74451002,Secondary diastolic hypertension
20529002,Secondary dilated cardiomyopathy
85080004,Secondary dysthymia
3109008,Secondary dysthymia early onset
36170009,Secondary dysthymia late onset
237601000,Secondary endocrine diabetes mellitus
31992008,Secondary hypertension
1208845005,Secondary hypertension due to congenital heart disorder
1208839002,Secondary hypertension due to renal tubular disorder
82598004,Secondary hypothyroidism
239821006,Secondary inflammatory arthritis
7126001,Secondary localized osteoarthrosis of multiple sites
25343008,Secondary localized osteoarthrosis of pelvic region
443524000,Secondary osteoarthritis
700294000,Secondary osteoarthritis of ankle
15723001000119109,Secondary osteoarthritis of bilateral ankles
15723161000119109,Secondary osteoarthritis of bilateral elbows
15723041000119106,Secondary osteoarthritis of bilateral feet
15723201000119104,Secondary osteoarthritis of bilateral glenohumeral joints
15723081000119101,Secondary osteoarthritis of bilateral hands
15723121000119104,Secondary osteoarthritis of bilateral hips
1074341000119106,Secondary osteoarthritis of bilateral knees
15723241000119102,Secondary osteoarthritis of bilateral wrists
320311000119102,Secondary osteoarthritis of elbow
700332002,Secondary osteoarthritis of first metatarsophalangeal joint
1290147003,Secondary osteoarthritis of glenohumeral joint
1071171000119104,Secondary osteoarthritis of hip
1288018007,Secondary osteoarthritis of joint of foot
1288016006,Secondary osteoarthritis of joint of hand
1288014009,Secondary osteoarthritis of joint of wrist
1287058006,Secondary osteoarthritis of knee joint
16583201000119109,Secondary osteoarthritis of left ankle
320331000119107,Secondary osteoarthritis of left elbow
1074551000119101,Secondary osteoarthritis of left foot
320351000119101,Secondary osteoarthritis of left glenohumeral joint
320341000119103,Secondary osteoarthritis of left hand
1074321000119100,Secondary osteoarthritis of left hip
1074351000119108,Secondary osteoarthritis of left knee
320361000119104,Secondary osteoarthritis of left wrist
703050003,Secondary osteoarthritis of midfoot
16583241000119106,Secondary osteoarthritis of right ankle
320381000119108,Secondary osteoarthritis of right elbow
1074541000119103,Secondary osteoarthritis of right foot
320401000119108,Secondary osteoarthritis of right glenohumeral joint
320391000119106,Secondary osteoarthritis of right hand
1074331000119102,Secondary osteoarthritis of right hip
1074361000119105,Secondary osteoarthritis of right knee
320411000119106,Secondary osteoarthritis of right wrist
700314002,Secondary osteoarthritis of subtalar joint
41305006,Secondary oxalosis
50253007,Secondary paroxysmal cold hemoglobinuria
425500002,Secondary progressive multiple sclerosis
239836009,Secondary pyrophosphate arthritis
230440002,Secondary reading epilepsy
239915006,Secondary Sjögren's syndrome
80770009,Secondary syphilis of liver
700326007,Secondary talonavicular osteoarthritis
127052005,Secondary warm autoimmune hemolytic anemia
191213007,Secondary warm-type hemolytic anemia
59651006,"Sedative, hypnotic AND/OR anxiolytic-induced persisting dementia"
195958001,Segmental bullous emphysema
230387008,Self-limited epilepsy with autonomic seizures
44145005,Self-limited epilepsy with centrotemporal spikes
230410004,Self-limited familial neonatal epilepsy
15523002,Self-limited focal epilepsy
38281008,Self-limited neonatal epilepsy
230288001,Semantic dementia
313429000,Seminoma of descended testis
255107005,Seminoma of testis
313428008,Seminoma of undescended testis
268612007,Senile and presenile organic psychotic conditions
16573007,Senile cardiac amyloidosis
15662003,Senile dementia
312991009,Senile dementia of the Lewy body type
191461002,Senile dementia with delirium
371024007,Senile dementia with delusion
191459006,Senile dementia with depression
191457008,Senile dementia with depressive or paranoid features
191458003,Senile dementia with paranoia
371026009,Senile dementia with psychosis
279001,Senile myocarditis
21013006,Sennetsu fever
700053002,Sepsis with acquired immunodeficiency syndrome
123607009,Septal fibrosis of liver
15765005,Septic shock due to transfusion
9012003,Septicemic plague
239814006,Seronegative arthritis secondary to inflammatory bowel disease
201517005,Seronegative arthritis secondary to Whipple's disease
1162303002,Seronegative erosive rheumatoid arthritis
239792003,Seronegative rheumatoid arthritis
16606681000119101,Seronegative rheumatoid arthritis in remission
15691361000119106,Seronegative rheumatoid arthritis of bilateral hip joints
299271000119109,Seronegative rheumatoid arthritis of elbow joint
15691281000119106,Seronegative rheumatoid arthritis of joint of bilateral shoulder regions
319011000119103,Seronegative rheumatoid arthritis of joint of left ankle
319091000119107,Seronegative rheumatoid arthritis of joint of right ankle
1290768009,Seronegative rheumatoid arthritis of joint of shoulder region
319021000119105,Seronegative rheumatoid arthritis of left elbow joint
319051000119102,Seronegative rheumatoid arthritis of left knee joint
319081000119109,Seronegative rheumatoid arthritis of multiple joints
319101000119102,Seronegative rheumatoid arthritis of right elbow joint
319131000119109,Seronegative rheumatoid arthritis of right knee joint
308143008,Seropositive erosive rheumatoid arthritis
239791005,Seropositive rheumatoid arthritis
16606721000119107,Seropositive rheumatoid arthritis in remission
318891000119108,Seropositive rheumatoid arthritis of joint of left shoulder region
318961000119108,Seropositive rheumatoid arthritis of joint of right shoulder region
318861000119101,Seropositive rheumatoid arthritis of left hand
11055151000119108,Seropositive rheumatoid arthritis of multiple joints
318931000119100,Seropositive rheumatoid arthritis of right hand
254850005,Serous papillary cystadenocarcinoma ovary
370221004,Severe asthma
313299006,Severe chronic obstructive pulmonary disease
14311001,Severe chronic ulcerative colitis
10675391000119101,Severe controlled persistent asthma
310497006,Severe depression
783556000,Severe early-onset obesity insulin resistance syndrome due to SH2B1 deficiency
77413008,Severe hereditary spherocytosis due to spectrin deficiency
83986005,Severe hypothyroidism
450714000,Severe major depression
73867007,Severe major depression with psychotic features
33736005,"Severe major depression with psychotic features, mood-congruent"
60099002,"Severe major depression with psychotic features, mood-incongruent"
75084000,Severe major depression without psychotic features
251000119105,"Severe major depression, single episode"
430852001,"Severe major depression, single episode, with psychotic features"
77911002,"Severe major depression, single episode, with psychotic features, mood-congruent"
76441001,"Severe major depression, single episode, without psychotic features"
16266991000119108,Severe major depressive disorder co-occurrent with anxiety single episode
230437002,Severe myoclonic epilepsy in infancy
771303004,Severe neonatal onset encephalopathy with microcephaly
83911000119104,Severe obesity
15750121000119108,Severe obesity complicating pregnancy
10675431000119106,Severe persistent allergic asthma
426656000,Severe persistent asthma
124991000119109,Severe persistent asthma co-occurrent with allergic rhinitis
10675711000119106,Severe persistent asthma uncontrolled co-occurrent with allergic rhinitis
237350002,Severe postnatal depression
46764007,Severe pre-eclampsia
281000119103,Severe recurrent major depression
28475009,Severe recurrent major depression with psychotic features
33078009,"Severe recurrent major depression with psychotic features, mood-congruent"
15193003,"Severe recurrent major depression with psychotic features, mood-incongruent"
36474008,Severe recurrent major depression without psychotic features
133121000119109,Severe seasonal affective disorder
49044005,Severe sinus bradycardia
10675751000119107,Severe uncontrolled persistent asthma
201477004,Sexually acquired reactive arthritis of joint of hand
201474006,Sexually acquired reactive arthritis of joint of shoulder region
201481004,Sexually acquired reactive arthritis of multiple sites
8098009,Sexually transmitted infectious disease
118611004,Sezary's disease
188633006,Sezary's disease of lymph nodes of axilla and upper limb
239818009,Shoulder synovitis
37085009,Shunt nephritis
36083008,Sick sinus syndrome
237542005,Sick-euthyroid syndrome
13886001,Sickle cell nephropathy
36472007,Sickle cell-thalassemia disease
41841004,Sideroblastic anemia
237541003,Silent thyroiditis
240270007,Silicone synovitis
1229943004,SIM1-related Prader-Willi-like syndrome
15316002,Simian B encephalomyelitis
415530009,Simple obesity
77945009,Simple renal cyst
28477001,Sindbis fever
21981000,Single coronary artery
19527009,Single episode of major depression in full remission
191604000,"Single major depressive episode, severe, with psychosis"
202666001,Single-level thoracic spondylosis without myelopathy
13395001,Sinoatrial arrest with nodal/ventricular escape
65778007,Sinoatrial block
5609005,Sinus arrest
49710005,Sinus bradycardia
60423000,Sinus node dysfunction
83901003,Sjögren's syndrome
421394009,Skin disorder with AIDS (acquired immunodeficiency syndrome)
420281004,Skin rash with AIDS (acquired immunodeficiency syndrome)
68815009,SLE glomerulonephritis syndrome
73286009,"SLE glomerulonephritis syndrome, WHO class I"
4676006,"SLE glomerulonephritis syndrome, WHO class II"
76521009,"SLE glomerulonephritis syndrome, WHO class III"
36402006,"SLE glomerulonephritis syndrome, WHO class IV"
52042003,"SLE glomerulonephritis syndrome, WHO class V"
11013005,"SLE glomerulonephritis syndrome, WHO class VI"
250130002,Small and large joint arthritis
254632001,Small cell carcinoma of lung
250128004,Small joint arthritis
254663002,Solitary keratoacanthoma
86463003,Solitary multilocular renal cyst
771516000,Solute carrier family 35 member A2 congenital disorder of glycosylation
253006001,Somatostatinoma
1260134001,"Spastic paraplegia, intellectual disability, nystagmus, obesity syndrome"
703524005,Spinal muscular atrophy with progressive myoclonic epilepsy
254653005,Spindle cell squamous carcinoma of skin
19044004,Spirillary fever
277551008,Splenic lymphoma with villous lymphocytes
713275003,Splenomegaly co-occurrent with human immunodeficiency virus infection
703523004,Spondyloenchondrodysplasia with immune dysregulation
84781002,Sporadic cretinism
85568000,Sporadic goiter
724761004,Sporadic Parkinson disease
5168000,Sporotrichotic chancre
402815007,Squamous cell carcinoma
255084004,Squamous cell carcinoma of anal margin
402816008,Squamous cell carcinoma of anogenital area
254622008,Squamous cell carcinoma of bronchus
313353007,Squamous cell carcinoma of bronchus in left lower lobe
313354001,Squamous cell carcinoma of bronchus in left upper lobe
313355000,Squamous cell carcinoma of bronchus in right lower lobe
313357008,Squamous cell carcinoma of bronchus in right upper lobe
313356004,Squamous cell carcinoma of bronchus of middle lobe of right lung
254437001,Squamous cell carcinoma of buccal mucosa
254886006,Squamous cell carcinoma of cervix
255003007,Squamous cell carcinoma of conjunctiva
255008003,Squamous cell carcinoma of cornea
276804009,Squamous cell carcinoma of esophagus
231831002,Squamous cell carcinoma of eyelid
276954004,Squamous cell carcinoma of floor of mouth
276953005,Squamous cell carcinoma of gum
255071008,Squamous cell carcinoma of lip
254634000,Squamous cell carcinoma of lung
307502000,Squamous cell carcinoma of mouth
402817004,Squamous cell carcinoma of nail apparatus
276962007,Squamous cell carcinoma of palate
399590005,Squamous cell carcinoma of prostate
276860003,Squamous cell carcinoma of scrotum
254651007,Squamous cell carcinoma of skin
285309005,Squamous cell carcinoma of skin of cheek
285308002,Squamous cell carcinoma of skin of lower lip
285307007,Squamous cell carcinoma of skin of upper lip
276952000,Squamous cell carcinoma of tongue
254620000,Squamous cell carcinoma of trachea
255111004,Squamous cell carcinoma of urinary bladder
254895003,Squamous cell carcinoma of vulva
1356877007,Stable hypertension
111820003,Staphylococcal arthritis
201466005,Staphylococcal arthritis and polyarthritis
73028002,Staphylococcal endocarditis
8287004,Staphylococcal mastitis
12166008,Staphylococcal meningitis
3144005,Staphylococcal pleurisy
23698009,Staphylococcal pleurisy with effusion
22754005,Staphylococcal pneumonia
11461005,Staphylococcal tonsillitis
250536002,Starch synovitis
763632004,Startle epilepsy
1197362009,STAT3-related early-onset multisystem autoimmune disease
19057007,Status anginosus
442191002,Steatohepatitis
57337005,Steatopygia
197321007,Steatotic liver disease
38306002,Stellate laceration of liver with open wound into abdominal cavity
48303008,Stellate laceration of liver without open wound into abdominal cavity
2360001000004109,Steroid dependent asthma
190447002,Steroid-induced diabetes
771271000,Steroid-responsive encephalopathy associated with autoimmune thyroiditis
62497000,Stewart-Treves syndrome
733072002,Stimmler syndrome
711164003,STING-associated vasculopathy with onset in infancy
3272007,Stomatocytosis
51646002,Streptococcal arthritis
4510004,Streptococcal meningitis
7097001,Streptococcal pleurisy with effusion
413101007,Stress-induced epilepsy
36388008,Stricture of pelviureteric junction
724429004,Stroke co-occurrent with migraine
275434003,Stroke in the puerperium
230713003,Stroke of uncertain pathology
421883002,Strongyloidiasis with AIDS (acquired immunodeficiency syndrome)
79842004,Stuporous depression
768666006,STXBP1 encephalopathy with epilepsy
421415007,Subacute adenoviral encephalitis with AIDS (acquired immunodeficiency syndrome)
42545001,Subacute arthritis
361125005,Subacute autoimmune thyroiditis
73774007,Subacute bacterial endocarditis
239891002,Subacute cutaneous lupus erythematosus
403489007,"Subacute cutaneous lupus erythematosus, annular/polycyclic type"
403490003,"Subacute cutaneous lupus erythematosus, papulosquamous type"
66893008,Subacute endocarditis
420938005,Subacute endocarditis with AIDS (acquired immunodeficiency syndrome)
123609007,Subacute glomerulonephritis
197275004,Subacute hepatic failure
722865001,Subacute hepatic failure caused by hepatitis virus
197274000,Subacute hepatic necrosis
17098006,Subacute infectious disease
23008004,Subacute infective arthritis
60140004,Subacute infective polyarthritis
18484008,Subacute interstitial myocarditis
302855005,Subacute leukemia
188726003,Subacute lymphoid leukemia
45646000,Subacute milk alkali syndrome
188770007,Subacute myelomonocytic leukemia
421272004,Subacute myocarditis with AIDS (acquired immunodeficiency syndrome)
69589006,Subacute myoendocarditis
72445008,Subacute noninfective hepatitis
48228003,Subacute periendocarditis
123611003,Subacute pyelonephritis
1148595001,Subacute rheumatic arthritis
38727009,Subacute thyroiditis
111371005,Subcapsular hemorrhage of liver
54823002,Subclinical hypothyroidism
28456004,Subclinical infection
237567008,Subclinical iodine deficiency hypothyroidism
762707000,Subcortical dementia
90099008,Subcortical leukoencephalopathy
230286002,Subcortical vascular dementia
403522004,Subcutaneous morphea
33719002,Subcutaneous rheumatoid nodule
46109009,Subendocardial ischemia
235885009,Subfulminant hepatic failure
66392007,Substernal goiter
700316000,Subtalar osteoarthritis secondary to inflammatory arthritis
233688007,Sulfite-induced asthma
825003,Superficial injury of axilla with infection
23004002,Superficial injury of breast with infection
24457001,Superficial injury of ear with infection
12250001,Superficial injury of elbow with infection
17415003,Superficial injury of finger with infection
27972004,Superficial injury of interscapular region with infection
3097002,Superficial injury of lip with infection
9375000,Superficial injury of neck with infection
12557004,Superficial injury of perineum with infection
26492007,Superficial injury of scalp with infection
14158003,Superficial injury of toe with infection
12345009,Superficial injury of trunk with infection
254730000,Superficial spreading malignant melanoma of skin
444657001,Superior cerebellar artery syndrome
95297004,Supernumerary liver lobe
712832005,Supine hypertension
230395007,Supplementary motor cortex frontal lobe epilepsy
372939007,Suppurative arthritis
372937009,Suppurative arthritis caused by bacteria
372248009,Suppurative arthritis caused by fungus
18229003,Suppurative colitis
24817009,Suppurative labyrinthitis
24407009,Suppurative pancreatitis
27787003,Suppurative periostitis of jaw
4237001,Suppurative pulpitis
10351008,Suppurative tonsillitis
72654001,Supraventricular arrhythmia
63593006,Supraventricular premature beats
6456007,Supraventricular tachycardia
59720008,Sustained diastolic hypertension
253005,Sycosis
250126000,Symmetrical arthritis
230420009,Symptomatic Lennox-Gastaut syndrome
230417001,Symptomatic West syndrome
21470009,Syncope anginosa
778023004,Syndromic multisystem autoimmune disease due to ITCH deficiency
719160009,Syndromic X-linked intellectual disability type 7
780827006,SYNGAP1-related intellectual disability
302851001,Synovial sarcoma
202900007,Synovitis and tenosynovitis
4248008,Synovitis AND/OR tenosynovitis associated with another disease
239816008,Synovitis of elbow
202926002,Synovitis of hip
239817004,Synovitis of knee
287017006,Synovitis/tenosynovitis - shoulder
59530001,Syphilis of kidney
86028001,Syphilis of liver
8555001,Syphilis of lung
58056005,Syphilis of mitral valve
45058001,Syphilis of pulmonary valve
42770003,Syphilis of tricuspid valve
19206003,Syphilitic acoustic neuritis
12232008,Syphilitic aneurysm of aorta
61612001,Syphilitic aortic incompetence
20735004,Syphilitic aortitis
16070004,Syphilitic cirrhosis
26135000,Syphilitic encephalitis
67391006,Syphilitic endocarditis
11338007,Syphilitic episcleritis
21523006,Syphilitic gumma of central nervous system
4082005,Syphilitic myocarditis
22386003,Syphilitic optic atrophy
62207008,Syphilitic ostial coronary disease
3589003,Syphilitic pericarditis
197305002,Syphilitic portal cirrhosis
4483005,Syphilitic punched out ulcer
55464009,Systemic lupus erythematosus
95644001,Systemic lupus erythematosus encephalitis
698694005,Systemic lupus erythematosus in remission
403488004,Systemic lupus erythematosus of childhood
239890001,Systemic lupus erythematosus with multisystem involvement
239887007,Systemic lupus erythematosus with organ/system involvement
309762007,Systemic lupus erythematosus with pericarditis
402865003,Systemic lupus erythematosus-associated antiphospholipid syndrome
397856003,Systemic lupus erythematosus-related syndrome
201796004,Systemic onset juvenile chronic arthritis
1332542008,Systemic onset juvenile idiopathic arthritis of ankle
1332547002,Systemic onset juvenile idiopathic arthritis of foot
1332548007,Systemic onset juvenile idiopathic arthritis of hand
1332551000,Systemic onset juvenile idiopathic arthritis of hip
1332550004,Systemic onset juvenile idiopathic arthritis of joint of shoulder region
1290875003,Systemic onset juvenile idiopathic arthritis of knee
1149219001,Systemic rheumatoid vasculitis
89155008,Systemic sclerosis
443872005,Systemic sclerosis caused by chemical
128461001,Systemic sclerosis sine scleroderma
298285004,Systemic sclerosis with limited cutaneous involvement
128460000,"Systemic sclerosis, diffuse"
429457004,Systolic essential hypertension
56218007,Systolic hypertension
188632001,Sézary's disease of intra-abdominal lymph nodes
188635004,Sézary's disease of intrapelvic lymph nodes
188631008,Sézary's disease of intrathoracic lymph nodes
188634000,Sézary's disease of lymph nodes of inguinal region and lower limb
188637007,Sézary's disease of lymph nodes of multiple sites
95263006,Sézary's disease of spleen
277545003,T-cell chronic lymphocytic leukemia
402879006,T-cell leukemic infiltration of skin
109978004,T-cell lymphoma (clinical)
277567002,T-cell prolymphocytic leukemia
277575008,T-lymphoblastic leukemia
109975001,T-zone lymphoma (clinical)
13310005,Taboparesis
6285003,Tachyarrhythmia
700331009,Talonavicular osteoarthritis secondary to inflammatory arthritis
700328008,Talonavicular osteoarthritis secondary to trauma
418395004,Tea-makers' asthma
193000002,Temporal lobe epilepsy
9602009,Tensaw virus disease
40108008,Thalassemia
934007,Thalassemia intermedia
75451007,Thalassemia major
84188003,Thalassemia syndrome
47047009,Thalassemia with other hemoglobinopathy
61777009,Thalassemia-hemoglobin C disease
12907000,Thiamine-responsive megaloblastic anemia
763622006,Thinking epilepsy
1033009,Thoracic arthritis
202748002,Thoracic discitis
281563002,Thoracic neuroblastoma
267971005,Thoracic spondylosis without myelopathy
421766003,Thrombocytopenia with AIDS (acquired immunodeficiency syndrome)
371040005,Thrombotic stroke
78129009,Thrombotic thrombocytopenic purpura
829976001,Thunderstorm asthma
43449002,Thyroglobulin proteolysis defect
63127008,Thyroglobulin synthesis defect
255033000,Thyroid adenoma
190309006,Thyroid atrophy
59136001,"Thyroid disease in mother complicating pregnancy, childbirth AND/OR puerperium"
264580006,Thyroid dysfunction
199235001,"Thyroid dysfunction during pregnancy, childbirth and the puerperium"
276177000,Thyroid eye disease
255034006,Thyroid follicular adenoma
262773008,Thyroid gland hematoma
237543000,Thyroid hormone binding abnormality
237559000,Thyroid hormone resistance syndrome
50375007,Thyroid hormone responsiveness defect
237495005,Thyroid nodule
237548009,Thyroid pre-albumin binding abnormality
190308003,Thyroid-binding globulin abnormality
237544006,Thyroid-binding globulin deficiency
237546008,Thyroid-binding globulin high
82119001,Thyroiditis
29028009,Thyrotoxic crisis
90739004,Thyrotoxicosis
237501007,Thyrotoxicosis due to acute thyroiditis
190256007,Thyrotoxicosis due to ectopic thyroid nodule with crisis
190255006,Thyrotoxicosis due to ectopic thyroid nodule with no crisis
237499004,Thyrotoxicosis due to Graves' disease
237512007,Thyrotoxicosis due to TSHoma
4997005,Thyrotoxicosis factitia
88740003,Thyrotoxicosis factitia with thyrotoxic crisis
237506002,Thyrotoxicosis in pregnancy
237509009,Thyrotoxicosis on thyroxine therapy
89719007,Thyrotoxicosis without goiter or other cause
79488001,Thyroxine plasma membrane transport defect
56112001,Thyroxine transport defect
281702006,Tibial adamantinoma
46220003,Tic-tac rhythm
10301003,Tick-borne relapsing fever
20325007,Tinea barbae caused by Microsporum
11258006,Tinea barbae caused by Trichophyton mentagrophytes
5490008,Tinea barbae caused by Trichophyton verrucosum
9889004,Tinea barbae caused by Trichophyton violaceum
5441008,Tinea capitis
2513003,Tinea capitis caused by Trichophyton
12804006,Tinea cruris caused by Trichophyton rubrum
19087001,Tinea kerion
6020002,Tinea pedis
25956006,Tinea pedis caused by Trichophyton
269516007,Tongue carcinoma
274085008,Tonsil carcinoma
230452009,Toothbrushing epilepsy
31722008,Torsades de pointes
28698006,Torsion of liver lobe
123604002,Toxic cirrhosis
722978000,Toxic dementia
15470004,Toxic diffuse goiter with acropachy
190242005,Toxic diffuse goiter with crisis
190241003,Toxic diffuse goiter with no crisis
60268006,Toxic diffuse goiter with pretibial myxedema
60216004,Toxic diffuse goiter with thyrotoxic crisis
233675009,Toxic emphysema
237498007,Toxic goiter
197352008,Toxic hepatitis
197354009,Toxic liver disease
404908004,Toxic megacolon due to ulcerative colitis
26389007,Toxic multinodular goiter
190247004,Toxic multinodular goiter with no crisis
62278002,Toxic multinodular goiter with thyrotoxic crisis
31993003,Toxic myocarditis
57777000,Toxic nodular goiter
30985009,Toxic nodular goiter with thyrotoxic storm
197301006,Toxic portal cirrhosis
18504008,Toxic shock syndrome
73869005,Toxic uninodular goiter
190244006,Toxic uninodular goiter with no crisis
69329005,Toxic uninodular goiter with thyrotoxic crisis
2576002,Trachoma
27020006,Trachomatous follicular conjunctivitis
70953003,Transient decreased production of thyroid hormone
52698002,Transient hypertension
237279007,Transient hypertension of pregnancy
2917005,Transient hypothyroidism
237603002,Transient neonatal diabetes mellitus
1142207008,Transient neonatal epidermolysis bullosa acquisita
230683002,Transient neonatal myasthenia gravis
202924004,Transient synovitis
301864002,Transient synovitis of hip
300988009,Transitional cell carcinoma of ureter
255109008,Transitional cell carcinoma of urinary bladder
109669008,Traumatic arthritis of the temporomandibular joint
2835000,Traumatic cardiac hemolytic anemia
230282000,Traumatic encephalopathy
78171005,Traumatic hemorrhage of liver
329671000119106,Traumatic subarachnoid hemorrhage with loss of consciousness
281359008,Traumatic synovitis
11840006,Traveler's diarrhea
1153570009,Treatment resistant depression
26089000,Trematode infection
21955004,Trichomonal cervicitis
3752003,Trichuriasis
20721001,Tricuspid valve disorder
49915006,Tricuspid valve stenosis
59758007,Trifid pelvis of kidney
5566009,Trypanosomiasis with meningitis
59531002,Tryptophan malabsorption syndrome
15202009,Tuberculoma
35786001,Tuberculoma of meninges
56717001,Tuberculosis
185113005,Tuberculosis of adrenal glands
39306006,Tuberculosis of anus
38279006,Tuberculosis of bone
17653001,Tuberculosis of bones and/or joints
81133003,Tuberculosis of bones of lower extremity
12677003,Tuberculosis of brain
186178000,Tuberculosis of bronchus
10706006,Tuberculosis of central nervous system
90302003,Tuberculosis of cerebral meninges
111825008,Tuberculosis of conjunctiva
52987001,Tuberculosis of endocardium
83652003,Tuberculosis of epididymis
15284007,Tuberculosis of esophagus
49107007,Tuberculosis of eye
74181004,Tuberculosis of female genital organs
4445009,Tuberculosis of genitourinary system
55419007,Tuberculosis of glottis
74387008,Tuberculosis of hilar lymph nodes
14188007,Tuberculosis of hip
60136008,Tuberculosis of intestine
78436002,Tuberculosis of intrathoracic lymph nodes
44323002,Tuberculosis of kidney
17136009,Tuberculosis of knee
38420005,Tuberculosis of large intestine
186273003,Tuberculosis of liver
186177005,Tuberculosis of lung with cavitation
81554001,Tuberculosis of lung with involvement of bronchus
71375000,Tuberculosis of mastoid process
82495004,Tuberculosis of mediastinal lymph nodes
83784000,Tuberculosis of mediastinum
58437007,Tuberculosis of meninges
47292005,Tuberculosis of myocardium
25831001,Tuberculosis of nasal septum
52721006,Tuberculosis of nasal sinus
56498009,Tuberculosis of nasopharynx
4225003,Tuberculosis of nose
67256000,Tuberculosis of pericardium
77038006,Tuberculosis of peripheral lymph nodes
20372007,Tuberculosis of prostate
7444001,Tuberculosis of rectum
16409009,Tuberculosis of retroperitoneal lymph nodes
12985005,Tuberculosis of seminal vesicle
66986005,Tuberculosis of skin
35117008,Tuberculosis of small intestine
38115001,Tuberculosis of spinal meninges
28399005,Tuberculosis of spleen
8250007,Tuberculosis of subcutaneous cellular tissue
40258005,Tuberculosis of testis
26935004,Tuberculosis of thyroid gland
85692003,Tuberculosis of tracheobronchial lymph nodes
81359005,Tuberculosis of ureter
32268008,Tuberculosis of urinary bladder
111830007,Tuberculosis of urinary organs
35984006,Tuberculosis of vertebral column
8832006,Tuberculosis orificialis of anus
24810006,Tuberculosis orificialis of mouth
33893009,Tuberculosis verrucosa cutis
421571007,Tuberculosis with AIDS (acquired immunodeficiency syndrome)
10893003,Tuberculous adenitis
190710003,Tuberculous arthritis
4501007,Tuberculous ascites
62819009,Tuberculous cervicitis
63808004,Tuberculous chancre
49807009,Tuberculous dactylitis
48225000,Tuberculous disseminated chorioretinitis
14527007,Tuberculous empyema
91483004,Tuberculous encephalitis
35585004,Tuberculous endometritis
84288007,Tuberculous episcleritis
90117007,Tuberculous fibrosis of lung
24235005,Tuberculous hydrothorax
79158003,Tuberculous interstitial keratitis
70341005,Tuberculous laryngitis
11676005,Tuberculous leptomeningitis
31112008,Tuberculous meningoencephalitis
84194006,Tuberculous oophoritis
58764007,Tuberculous osteomyelitis
44182001,Tuberculous osteonecrosis
85940005,Tuberculous otitis media
44572005,Tuberculous peritonitis
186172004,Tuberculous pleurisy in primary progressive tuberculosis
80003002,Tuberculous pneumonia
29731002,Tuberculous pneumothorax
72807002,Tuberculous polyserositis
37133005,Tuberculous pyelitis
49558004,Tuberculous salpingitis
25738004,Tuberculous synovitis
13570003,Tuberculous tenosynovitis
19265001,Tularemia
202667005,Two-level thoracic spondylosis without myelopathy
1197701002,Type 1 autoimmune pancreatitis with extrapancreatic involvement
46635009,Type 1 diabetes mellitus
190372001,Type 1 diabetes mellitus maturity onset
190368000,Type 1 diabetes mellitus with ulcer
44054006,Type 2 diabetes mellitus
164971000119101,Type 2 diabetes mellitus controlled by diet
359642000,Type 2 diabetes mellitus in nonobese
81531005,Type 2 diabetes mellitus in obese
190389009,Type 2 diabetes mellitus with ulcer
66071002,Type B viral hepatitis
703137001,Type I diabetes mellitus in remission
703138006,Type II diabetes mellitus in remission
4834000,Typhoid fever
2829000,Uhl's disease
64766004,Ulcerative colitis
697969008,Ulcerative colitis in remission
235714007,Ulcerative enterocolitis
196987008,Ulcerative ileocolitis
444548001,Ulcerative pancolitis
542440891000119103,Ulcerative pancolitis in remission
295046003,Ulcerative proctocolitis
501913511000119109,Ulcerative rectosigmoiditis in remission
735588005,Uncomplicated allergic asthma
191463004,Uncomplicated arteriosclerotic dementia
707444001,Uncomplicated asthma
707511009,Uncomplicated mild persistent asthma
707512002,Uncomplicated moderate persistent asthma
735589002,Uncomplicated non-allergic asthma
191451009,Uncomplicated presenile dementia
191449005,Uncomplicated senile dementia
707513007,Uncomplicated severe persistent asthma
1290026000,Uncontrolled asthma
472699005,Uncontrolled gestational diabetes mellitus
444073006,Uncontrolled type 1 diabetes mellitus
443694000,Uncontrolled type 2 diabetes mellitus
254856004,Undifferentiated carcinoma of ovary
239820007,Undifferentiated inflammatory monoarthritis
239819001,Undifferentiated inflammatory oligoarthritis
27337007,Unifocal premature ventricular complexes
197291001,Unilobular portal cirrhosis
237569006,Uninodular goiter
18273004,Unstable hemoglobin disease
238601002,Unstable psoriasis
230423006,Unverricht-Lundborg syndrome
86219005,Uveitis-rheumatoid arthritis syndrome
370511006,Vaccine-induced fibrosarcoma
230202002,Vacuolar myelopathy
29894000,Vagal autonomic bradycardia
23958009,Vanishing lung
58275005,Variegate porphyria
429998004,Vascular dementia
698948009,Vascular dementia in remission
230285003,Vascular dementia of acute onset
288631000119104,Vascular dementia with behavioral disturbance
16276361000119109,Vascular dementia without behavioral disturbance
235878005,Vascular disorder of liver
770687001,Vasculitis due to adenosine deaminase 2 deficiency
253005002,Vasoactive intestinal peptide-secreting tumor
27075004,"Venereal disease in mother complicating pregnancy, childbirth AND/OR puerperium"
65617004,Veno-occlusive disease of the liver
44103008,Ventricular arrhythmia
11157007,Ventricular bigeminy
71908006,Ventricular fibrillation
59272004,Ventricular parasystole
30288003,Ventricular septal defect
6624005,Ventricular tachyarrhythmia
25569003,Ventricular tachycardia
13338002,Verruca palmaris
403212009,Vesicobullous form erythema multiforme
239780003,Viral arthritis
41271000119108,Viral arthritis co-occurrent with hepatitis
16146001,Viral bronchitis
11936003,Viral encephalomyelocarditis
24789006,Viral gastroenteritis caused by Norwalk-like agent
3738000,Viral hepatitis
111879004,Viral hepatitis A without hepatic coma
424758008,"Viral hepatitis A without hepatic coma, without hepatitis delta"
111891008,Viral hepatitis B without hepatic coma
50711007,Viral hepatitis C
16623921000119105,Viral hepatitis C in mother during pregnancy
199203001,"Viral hepatitis complicating pregnancy, childbirth and the puerperium"
707341005,Viral hepatitis D
7111000119109,Viral hepatitis E
10759111000119102,Viral hepatitis in mother complicating childbirth
10759151000119101,Viral hepatitis in mother complicating pregnancy
111896003,Viral hepatitis without hepatic coma
40468003,"Viral hepatitis, type A"
397575003,"Viral hepatitis, type G"
1532007,Viral pharyngitis
421508002,Viral pneumonia with AIDS (acquired immunodeficiency syndrome)
47378001,Viral thyroiditis
16592009,Visceral herpes simplex
39194005,Visual epilepsy
193010006,Visual reflex epilepsy
1156746003,VITT - vaccine-induced immune thrombotic thrombocytopenia
27052006,Vivax malaria
193497004,Vogt-Koyanagi-Harada disease
77624000,"Volume excess, primary renal sodium retention"
190818004,Waldenström macroglobulinemia
3978000,Warm autoimmune hemolytic anemia
59786004,Weavers' cough
24654003,Weber-Gubler syndrome
444074000,Well controlled type 1 diabetes mellitus
444110003,Well controlled type 2 diabetes mellitus
28055006,West syndrome
190823004,Westphal-Strumpell syndrome
13243006,Wet crab yaws
63247009,Williams syndrome
719834005,Wilson Turner syndrome
88518009,Wilson's disease
184004,Withdrawal arrhythmia
70694009,Wolfram syndrome
1285518004,Wolfram syndrome type 1
1285519007,Wolfram syndrome type 2
734022008,Wolfram-like syndrome
816067005,Woodhouse Sakati syndrome
239778009,Wrist pyogenic arthritis
230448009,Writing epilepsy
21412009,X chromosome-linked pyridoxine refractory sideroblastic anemia
25443007,X chromosome-linked pyridoxine responsive sideroblastic anemia
48983004,X chromosome-linked sideroblastic anemia
2241003,X-linked absence of thyroxine-binding globulin
717223008,X-linked epilepsy with learning disability and behavior disorder syndrome
55296004,X-linked excess of thyroxine-binding globulin
724276006,"X-linked immune dysregulation, polyendocrinopathy, enteropathy syndrome"
719810000,X-linked intellectual disability with seizure and psoriasis syndrome
1255335006,"X-linked intellectual disability, short stature, overweight syndrome"
41300001,X-linked reduction of thyroxine-binding globulin
725163002,"X-linked spasticity, intellectual disability, epilepsy syndrome"
73068003,X-linked variant form of thyroxine-binding globulin
38898003,Xanthogranulomatous pyelonephritis
19192002,Yaws of joint
16541001,Yellow fever
715345007,Young onset Parkinson disease
44047000,Zieve's syndrome
3928002,Zika virus disease
53132006,Zollinger-Ellison syndrome
195959009,Zonal bullous emphysema
15207003,Zoonotic form of cutaneous leishmaniasis
